iso_time,elapsed_s,cycle,phase,laser,level_index,laser_power_level,t_since_change,power
2026-10-02 19:37:28,16.623,0,single_642,642,0,200,0.0,18.603997775
2026-10-02 19:37:30,18.705,0,single_642,642,0,200,2.078,18.277700799999998
2026-10-02 19:37:32,20.796,0,single_642,642,0,200,4.154,18.74513755
2026-10-02 19:37:34,22.891,0,single_642,642,0,200,6.247,18.595473569999996
2026-10-02 19:37:36,24.98,0,single_642,642,0,200,8.34,18.659755130000004
2026-10-02 19:37:38,27.077,0,single_642,642,0,200,10.433,18.620347515
2026-10-02 19:37:40,29.177,0,single_642,642,0,200,12.531,18.582897435000003
2026-10-02 19:37:43,31.272,0,single_642,642,0,200,14.624,18.395642385000002
2026-10-02 19:37:45,33.377,0,single_642,642,0,200,16.717,18.73815032
2026-10-02 19:37:47,35.474,0,single_642,642,0,200,18.823,18.63767626
2026-10-02 19:37:49,37.573,0,single_642,642,0,200,20.925,18.613780099999996
2026-10-02 19:37:51,39.677,0,single_642,642,0,200,23.03,18.51610001
2026-10-02 19:37:53,41.773,0,single_642,642,0,200,25.125,18.46691148
2026-10-02 19:37:55,43.876,0,single_642,642,0,200,27.225,18.418001465
2026-10-02 19:37:57,45.975,0,single_642,642,0,200,29.33,18.352462264999996
2026-10-02 19:37:59,48.077,0,single_642,642,0,200,31.425,18.346034085000003
2026-10-02 19:38:01,50.177,0,single_642,642,0,200,33.529,18.60343954
2026-10-02 19:38:04,52.276,0,single_642,642,0,200,35.63,18.49751454
2026-10-02 19:38:06,54.376,0,single_642,642,0,200,37.721,18.51917459
2026-10-02 19:38:08,56.477,0,single_642,642,0,200,39.828,18.448045580000002
2026-10-02 19:38:10,58.575,0,single_642,642,0,200,41.925,18.535803815
2026-10-02 19:38:12,60.675,0,single_642,642,0,200,44.03,18.501567089999998
2026-10-02 19:38:14,62.775,0,single_642,642,0,200,46.132,18.392288880000002
2026-10-02 19:38:16,64.876,0,single_642,642,0,200,48.228,18.401511574999997
2026-10-02 19:38:18,66.976,0,single_642,642,0,200,50.326,18.571438075
2026-10-02 19:38:20,69.076,0,single_642,642,0,200,52.43,18.624120574999996
2026-10-02 19:38:22,71.174,0,single_642,642,0,200,54.52,18.648855109999996
2026-10-02 19:38:25,73.274,0,single_642,642,0,200,56.627,18.499331180000002
2026-10-02 19:38:27,75.374,0,single_642,642,0,200,58.732,18.461321204999997
2026-10-02 19:38:29,77.474,0,single_642,642,0,200,60.823,18.493601389999995
2026-10-02 19:38:31,79.574,0,single_642,642,0,200,62.928,18.475015645000003
2026-10-02 19:38:33,81.674,0,single_642,642,0,200,65.019,18.468866790000003
2026-10-02 19:38:35,83.774,0,single_642,642,0,200,67.119,18.50631881
2026-10-02 19:38:37,85.875,0,single_642,642,0,200,69.223,18.610006749999997
2026-10-02 19:38:39,87.975,0,single_642,642,0,200,71.326,18.598967315
2026-10-02 19:38:41,90.075,0,single_642,642,0,200,73.432,18.46663133
2026-10-02 19:38:43,92.172,0,single_642,642,0,200,75.527,18.590023365000004
2026-10-02 19:38:46,94.274,0,single_642,642,0,200,77.619,18.47040476
2026-10-02 19:38:48,96.373,0,single_642,642,0,200,79.721,18.582059069999996
2026-10-02 19:38:50,98.475,0,single_642,642,0,200,81.828,18.502405559999996
2026-10-02 19:38:52,100.573,0,single_642,642,0,200,83.923,18.44343422
2026-10-02 19:38:54,102.671,0,single_642,642,0,200,86.017,18.383904455
2026-10-02 19:38:56,104.773,0,single_642,642,0,200,88.117,18.415346369999998
2026-10-02 19:38:58,106.874,0,single_642,642,0,200,90.23,18.606932739999998
2026-10-02 19:39:00,108.973,0,single_642,642,0,200,92.322,18.43253448
2026-10-02 19:39:02,111.074,0,single_642,642,0,200,94.429,18.341702419999997
2026-10-02 19:39:04,113.173,0,single_642,642,0,200,96.517,18.621605354999996
2026-10-02 19:39:07,115.272,0,single_642,642,0,200,98.622,18.392009934999997
2026-10-02 19:39:09,117.372,0,single_642,642,0,200,100.728,18.484239085
2026-10-02 19:39:11,119.473,0,single_642,642,0,200,102.82,18.630129925
2026-10-02 19:39:13,121.571,0,single_642,642,0,200,104.925,18.415765849999996
2026-10-02 19:39:15,123.671,0,single_642,642,0,200,107.028,18.47655279
2026-10-02 19:39:17,125.772,0,single_642,642,0,200,109.115,18.55187416
2026-10-02 19:39:19,127.871,0,single_642,642,0,200,111.22,18.480325865
2026-10-02 19:39:21,129.97,0,single_642,642,0,200,113.329,18.380969574999995
2026-10-02 19:39:23,132.07,0,single_642,642,0,200,115.418,18.393546535
2026-10-02 19:39:25,134.171,0,single_642,642,0,200,117.522,18.58736817
2026-10-02 19:39:28,136.272,0,single_642,642,0,200,119.615,18.574931749999998
2026-10-02 19:39:30,138.373,0,single_642,642,0,200,121.731,18.522527995
2026-10-02 19:39:32,140.471,0,single_642,642,0,200,123.82,18.539716495
2026-10-02 19:39:34,142.571,0,single_642,642,0,200,125.918,18.489549129999997
2026-10-02 19:39:36,144.668,0,single_642,642,0,200,128.02,18.4786493
2026-10-02 19:39:38,146.77,0,single_642,642,0,200,130.119,18.27797917
2026-10-02 19:39:40,148.87,0,single_642,642,0,200,132.218,18.539437380000003
2026-10-02 19:39:42,150.972,0,single_642,642,0,200,134.317,18.450421195
2026-10-02 19:39:44,153.072,0,single_642,642,0,200,136.42,18.47082395
2026-10-02 19:39:46,155.171,0,single_642,642,0,200,138.519,18.561795635
2026-10-02 19:39:49,157.273,0,single_642,642,0,200,140.629,18.521270435
2026-10-02 19:39:51,159.369,0,single_642,642,0,200,142.729,18.471243039999997
2026-10-02 19:39:53,161.469,0,single_642,642,0,200,144.82,18.417023495
2026-10-02 19:39:55,163.569,0,single_642,642,0,200,146.921,18.338767175
2026-10-02 19:39:57,165.671,0,single_642,642,0,200,149.023,18.65053195
2026-10-02 19:39:59,167.77,0,single_642,642,0,200,151.114,18.65640096
2026-10-02 19:40:01,169.869,0,single_642,642,0,200,153.22,18.59812886
2026-10-02 19:40:03,171.97,0,single_642,642,0,200,155.324,18.448465404999997
2026-10-02 19:40:05,174.071,0,single_642,642,0,200,157.428,18.419119424999998
2026-10-02 19:40:07,176.168,0,single_642,642,0,200,159.524,18.474317620000004
2026-10-02 19:40:10,178.268,0,single_642,642,0,200,161.617,18.470963375
2026-10-02 19:40:12,180.367,0,single_642,642,0,200,163.721,18.558861039999996
2026-10-02 19:40:14,182.469,0,single_642,642,0,200,165.815,18.52294766
2026-10-02 19:40:16,184.568,0,single_642,642,0,200,167.925,18.57129848
2026-10-02 19:40:18,186.668,0,single_642,642,0,200,170.025,18.46243936
2026-10-02 19:40:20,188.766,0,single_642,642,0,200,172.12,18.34533532
2026-10-02 19:40:22,190.868,0,single_642,642,0,200,174.21,18.563332775
2026-10-02 19:40:24,192.968,0,single_642,642,0,200,176.316,18.446369089999997
2026-10-02 19:40:26,195.067,0,single_642,642,0,200,178.419,18.515541124999995
2026-10-02 19:40:28,197.168,0,single_642,642,0,200,180.525,18.496536835000004
2026-10-02 19:40:31,199.269,0,single_642,642,0,200,182.618,18.672052395
2026-10-02 19:40:33,201.368,0,single_642,642,0,200,184.722,18.484099295
2026-10-02 19:40:35,203.469,0,single_642,642,0,200,186.813,18.520432345
2026-10-02 19:40:37,205.567,0,single_642,642,0,200,188.917,18.474875859999997
2026-10-02 19:40:39,207.667,0,single_642,642,0,200,191.02,18.474736524999997
2026-10-02 19:40:41,209.766,0,single_642,642,0,200,193.11,18.541533039999997
2026-10-02 19:40:43,211.868,0,single_642,642,0,200,195.219,18.614897874999997
2026-10-02 19:40:45,213.968,0,single_642,642,0,200,197.32,18.491365755
2026-10-02 19:40:47,216.068,0,single_642,642,0,200,199.412,18.44469151
2026-10-02 19:40:49,218.164,0,single_642,642,0,200,201.52,18.381109095000003
2026-10-02 19:40:52,220.265,0,single_642,642,0,200,203.609,18.32591138
2026-10-02 19:40:54,222.366,0,single_642,642,0,200,205.723,18.58024197
2026-10-02 19:40:56,224.465,0,single_642,642,0,200,207.814,18.59952621
2026-10-02 19:40:58,226.565,0,single_642,642,0,200,209.913,18.60441742
2026-10-02 19:41:00,228.667,0,single_642,642,0,200,212.022,18.53859881
2026-10-02 19:41:02,230.765,0,single_642,642,0,200,214.113,18.515540750000003
2026-10-02 19:41:04,232.866,0,single_642,642,0,200,216.212,18.68896121
2026-10-02 19:41:06,234.966,0,single_642,642,0,200,218.315,18.483400715
2026-10-02 19:41:08,237.067,0,single_642,642,0,200,220.419,18.60539512
2026-10-02 19:41:10,239.165,0,single_642,642,0,200,222.525,18.498772295000002
2026-10-02 19:41:13,241.266,0,single_642,642,0,200,224.613,18.578984220000002
2026-10-02 19:41:15,243.366,0,single_642,642,0,200,226.716,18.535244835
2026-10-02 19:41:17,245.466,0,single_642,642,0,200,228.822,18.659335755
2026-10-02 19:41:19,247.564,0,single_642,642,0,200,230.916,18.512047725000002
2026-10-02 19:41:21,249.664,0,single_642,642,0,200,233.008,18.613780205
2026-10-02 19:41:23,251.765,0,single_642,642,0,200,235.117,18.5161002
2026-10-02 19:41:25,253.865,0,single_642,642,0,200,237.222,18.58024197
2026-10-02 19:41:27,255.966,0,single_642,642,0,200,239.309,18.482701849999998
2026-10-02 19:41:29,258.063,0,single_642,642,0,200,241.414,18.57423288
2026-10-02 19:41:31,260.162,0,single_642,642,0,200,243.515,18.386838765
2026-10-02 19:41:34,262.263,0,single_642,642,0,200,245.616,18.537061474999998
2026-10-02 19:41:36,264.362,0,single_642,642,0,200,247.716,18.49206472
2026-10-02 19:41:38,266.462,0,single_642,642,0,200,249.814,18.630130119999997
2026-10-02 19:41:40,268.564,0,single_642,642,0,200,251.907,18.60483652
2026-10-02 19:41:42,270.663,0,single_642,642,0,200,254.016,18.43658687
2026-10-02 19:41:44,272.762,0,single_642,642,0,200,256.107,18.465653355000004
2026-10-02 19:41:46,274.86,0,single_642,642,0,200,258.22,18.412551569999998
2026-10-02 19:41:48,276.96,0,single_642,642,0,200,260.309,18.457547839999997
2026-10-02 19:41:50,279.064,0,single_642,642,0,200,262.412,18.512886115
2026-10-02 19:41:52,281.162,0,single_642,642,0,200,264.507,18.539576974999996
2026-10-02 19:41:55,283.264,0,single_642,642,0,200,266.616,18.630409059999998
2026-10-02 19:41:57,285.363,0,single_642,642,0,200,268.72,18.48409995
2026-10-02 19:41:59,287.462,0,single_642,642,0,200,270.813,18.417442589999997
2026-10-02 19:42:01,289.563,0,single_642,642,0,200,272.917,18.499051405000003
2026-10-02 19:42:03,291.66,0,single_642,642,0,200,275.013,18.60176213
2026-10-02 19:42:05,293.761,0,single_642,642,0,200,277.104,18.434351215
2026-10-02 19:42:07,295.862,0,single_642,642,0,200,279.212,18.416464239999993
2026-10-02 19:42:09,297.962,0,single_642,642,0,200,281.308,18.670794750000002
2026-10-02 19:42:11,300.063,0,single_642,642,0,200,283.406,18.563892225
2026-10-02 19:42:13,302.161,0,single_642,642,0,200,285.52,18.437984399999998
2026-10-02 19:42:16,304.263,0,single_642,642,0,200,287.613,18.528257875
2026-10-02 19:42:18,306.361,0,single_642,642,0,200,289.718,18.473478965
2026-10-02 19:42:20,308.461,0,single_642,642,0,200,291.805,18.37496088
2026-10-02 19:42:22,310.561,0,single_642,642,0,200,293.91,18.616574725
2026-10-02 19:42:24,312.661,0,single_642,642,0,200,296.018,18.474597025
2026-10-02 19:42:26,314.759,0,single_642,642,0,200,298.109,18.42345139
2026-10-02 19:42:28,316.859,0,single_642,642,0,200,300.214,18.47990733
2026-10-02 19:42:30,318.961,0,single_642,642,0,200,302.305,18.54628464
2026-10-02 19:42:32,321.063,0,single_642,642,0,200,304.412,18.581499065
2026-10-02 19:42:34,323.162,0,single_642,642,0,200,306.516,18.54404872
2026-10-02 19:42:37,325.259,0,single_642,642,0,200,308.605,18.59715059
2026-10-02 19:42:39,327.361,0,single_642,642,0,200,310.704,18.528257404999998
2026-10-02 19:42:41,329.459,0,single_642,642,0,200,312.808,18.5207121
2026-10-02 19:42:43,331.559,0,single_642,642,0,200,314.914,18.390053234999996
2026-10-02 19:42:45,333.66,0,single_642,642,0,200,317.016,18.386838775
2026-10-02 19:42:47,335.759,0,single_642,642,0,200,319.108,18.37188611
2026-10-02 19:42:49,337.857,0,single_642,642,0,200,321.214,18.483959510000002
2026-10-02 19:42:51,339.961,0,single_642,642,0,200,323.307,18.466072534999995
2026-10-02 19:42:53,342.061,0,single_642,642,0,200,325.415,18.671493124999998
2026-10-02 19:42:55,344.156,0,single_642,642,0,200,327.519,18.486894205
2026-10-02 19:42:58,346.254,0,single_642,642,0,200,329.608,18.559420030000002
2026-10-02 19:43:00,348.359,0,single_642,642,0,200,331.704,18.536781885000003
2026-10-02 19:43:02,350.456,0,single_642,642,0,200,333.81,18.43309347
2026-10-02 19:43:04,352.558,0,single_642,642,0,200,335.9,18.52616174
2026-10-02 19:43:06,354.658,0,single_642,642,0,200,338.016,18.433652724999998
2026-10-02 19:43:08,356.758,0,single_642,642,0,200,340.105,18.497235064999998
2026-10-02 19:43:10,358.858,0,single_642,642,0,200,342.207,18.45978507
2026-10-02 19:43:12,360.956,0,single_642,642,0,200,344.311,18.466910910000003
2026-10-02 19:43:14,363.056,0,single_642,642,0,200,346.401,18.383624774999994
2026-10-02 19:43:16,365.157,0,single_642,642,0,200,348.506,18.4495829
2026-10-02 19:43:19,367.256,0,single_642,642,0,200,350.615,18.358750544999996
2026-10-02 19:43:21,369.358,0,single_642,642,0,200,352.715,18.41115374
2026-10-02 19:43:23,371.459,0,single_642,642,0,200,354.805,18.635858779999996
2026-10-02 19:43:25,373.557,0,single_642,642,0,200,356.912,18.544887104999997
2026-10-02 19:43:27,375.658,0,single_642,642,0,200,359.015,18.490947040000002
2026-10-02 19:43:29,377.756,0,single_642,642,0,200,361.115,18.520991140000003
2026-10-02 19:43:31,379.857,0,single_642,642,0,200,363.206,18.478929245
2026-10-02 19:43:33,381.957,0,single_642,642,0,200,365.314,18.43518959
2026-10-02 19:43:35,384.057,0,single_642,642,0,200,367.406,18.55732408
2026-10-02 19:43:37,386.156,0,single_642,642,0,200,369.509,18.470683885
2026-10-02 19:43:40,388.256,0,single_642,642,0,200,371.6,18.418979450000002
2026-10-02 19:43:42,390.356,0,single_642,642,0,200,373.714,18.499331085
2026-10-02 19:43:44,392.456,0,single_642,642,0,200,375.809,18.483120934999995
2026-10-02 19:43:46,394.556,0,single_642,642,0,200,377.9,18.420097685
2026-10-02 19:43:48,396.654,0,single_642,642,0,200,380.01,18.524205689999995
2026-10-02 19:43:50,398.754,0,single_642,642,0,200,382.109,18.5365025
2026-10-02 19:43:52,400.855,0,single_642,642,0,200,384.2,18.528117884999997
2026-10-02 19:43:54,402.957,0,single_642,642,0,200,386.3,18.443853594999997
2026-10-02 19:43:56,405.057,0,single_642,642,0,200,388.406,18.602599855
2026-10-02 19:43:58,407.153,0,single_642,642,0,200,390.51,18.410874075
2026-10-02 19:44:01,409.257,0,single_642,642,0,200,392.602,18.554389475000004
2026-10-02 19:44:03,411.354,0,single_642,642,0,200,394.705,18.483261010000003
2026-10-02 19:44:05,413.457,0,single_642,642,0,200,396.813,18.584992734999997
2026-10-02 19:44:07,415.555,0,single_642,642,0,200,398.914,18.483819995
2026-10-02 19:44:09,417.655,0,single_642,642,0,200,401.005,18.505200185
2026-10-02 19:44:11,419.756,0,single_642,642,0,200,403.11,18.52224869
2026-10-02 19:44:13,421.854,0,single_642,642,0,200,405.205,18.5275591
2026-10-02 19:44:15,423.955,0,single_642,642,0,200,407.31,18.43714594
2026-10-02 19:44:17,426.056,0,single_642,642,0,200,409.4,18.454753695
2026-10-02 19:44:19,428.154,0,single_642,642,0,200,411.506,18.44539037
2026-10-02 19:44:22,430.253,0,single_642,642,0,200,413.599,18.377475995000005
2026-10-02 19:44:24,432.354,0,single_642,642,0,200,415.707,18.527839149999995
2026-10-02 19:44:26,434.455,0,single_642,642,0,200,417.812,18.41856008
2026-10-02 19:44:28,436.553,0,single_642,642,0,200,419.91,18.47976773
2026-10-02 19:44:30,438.651,0,single_642,642,0,200,422.0,18.42037691
2026-10-02 19:44:32,440.753,0,single_642,642,0,200,424.095,18.293770310000003
2026-10-02 19:44:34,442.853,0,single_642,642,0,200,426.205,18.568223725
2026-10-02 19:44:36,444.954,0,single_642,642,0,200,428.309,18.35385952
2026-10-02 19:44:38,447.055,0,single_642,642,0,200,430.412,18.611125094999995
2026-10-02 19:44:40,449.154,0,single_642,642,0,200,432.5,18.468168654999996
2026-10-02 19:44:43,451.251,0,single_642,642,0,200,434.603,18.458246714999998
2026-10-02 19:44:45,453.351,0,single_642,642,0,200,436.697,18.457268929999998
2026-10-02 19:44:47,455.45,0,single_642,642,0,200,438.8,18.45419481
2026-10-02 19:44:49,457.551,0,single_642,642,0,200,440.904,18.36056756
2026-10-02 19:44:51,459.65,0,single_642,642,0,200,443.007,18.347291839999997
2026-10-02 19:44:53,461.752,0,single_642,642,0,200,445.094,18.48982851
2026-10-02 19:44:55,463.85,0,single_642,642,0,200,447.2,18.43630755
2026-10-02 19:44:57,465.952,0,single_642,642,0,200,449.302,18.535803815
2026-10-02 19:44:59,468.053,0,single_642,642,0,200,451.407,18.652208990000002
2026-10-02 19:45:01,470.151,0,single_642,642,0,200,453.498,18.479348345000002
2026-10-02 19:45:04,472.251,0,single_642,642,0,200,455.604,18.5450267
2026-10-02 19:45:06,474.35,0,single_642,642,0,200,457.699,18.387397574999998
2026-10-02 19:45:08,476.449,0,single_642,642,0,200,459.798,18.545446180000003
2026-10-02 19:45:10,478.551,0,single_642,642,0,200,461.906,18.444132515
2026-10-02 19:45:12,480.651,0,single_642,642,0,200,464.006,18.406123395
2026-10-02 19:45:14,482.75,0,single_642,642,0,200,466.095,18.465374035
2026-10-02 19:45:16,484.851,0,single_642,642,0,200,468.201,18.521829699999998
2026-10-02 19:45:18,486.952,0,single_642,642,0,200,470.307,18.520152855000003
2026-10-02 19:45:20,489.052,0,single_642,642,0,200,472.397,18.55480867
2026-10-02 19:45:22,491.149,0,single_642,642,0,200,474.504,18.406542015
2026-10-02 19:45:25,493.248,0,single_642,642,0,200,476.595,18.539297395000002
2026-10-02 19:45:27,495.35,0,single_642,642,0,200,478.704,18.439940739999997
2026-10-02 19:45:29,497.448,0,single_642,642,0,200,480.804,18.382366829999995
2026-10-02 19:45:31,499.548,0,single_642,642,0,200,482.906,18.386000394999996
2026-10-02 19:45:33,501.648,0,single_642,642,0,200,484.996,18.405983790000004
2026-10-02 19:45:35,503.749,0,single_642,642,0,200,487.103,18.51148876
2026-10-02 19:45:37,505.851,0,single_642,642,0,200,489.207,18.560258760000004
2026-10-02 19:45:39,507.95,0,single_642,642,0,200,491.297,18.49192455
2026-10-02 19:45:41,510.048,0,single_642,642,0,200,493.4,18.30704631
2026-10-02 19:45:43,512.149,0,single_642,642,0,200,495.501,18.47543521
2026-10-02 19:45:46,514.247,0,single_642,642,0,200,497.594,18.390891614999997
2026-10-02 19:45:48,516.347,0,single_642,642,0,200,499.701,18.39829712
2026-10-02 19:45:50,518.447,0,single_642,642,0,200,501.797,18.352182855
2026-10-02 19:45:52,520.547,0,single_642,642,0,200,503.894,18.440500090000004
2026-10-02 19:45:54,522.647,0,single_642,642,0,200,506.005,18.417023404999995
2026-10-02 19:45:56,524.746,0,single_642,642,0,200,508.09,18.367135245000004
2026-10-02 19:45:58,526.848,0,single_642,642,0,200,510.194,18.562913969999997
2026-10-02 19:46:00,528.95,0,single_642,642,0,200,512.303,18.53468623
2026-10-02 19:46:02,531.047,0,single_642,642,0,200,514.406,18.384602939999997
2026-10-02 19:46:04,533.146,0,single_642,642,0,200,516.497,18.448744435000002
2026-10-02 19:46:07,535.246,0,single_642,642,0,200,518.6,18.424709245
2026-10-02 19:46:09,537.346,0,single_642,642,0,200,520.691,18.40989655
2026-10-02 19:46:11,539.445,0,single_642,642,0,200,522.794,18.40738068
2026-10-02 19:46:13,541.545,0,single_642,642,0,200,524.901,18.43588781
2026-10-02 19:46:15,543.646,0,single_642,642,0,200,526.992,18.341562055
2026-10-02 19:46:17,545.746,0,single_642,642,0,200,529.101,18.39326779
2026-10-02 19:46:19,547.845,0,single_642,642,0,200,531.191,18.394664210000002
2026-10-02 19:46:21,549.948,0,single_642,642,0,200,533.295,18.60637302
2026-10-02 19:46:23,552.046,0,single_642,642,0,200,535.4,18.262887934999995
2026-10-02 19:46:25,554.146,0,single_642,642,0,200,537.492,18.47864949
2026-10-02 19:46:28,556.246,0,single_642,642,0,200,539.599,18.490527484999998
2026-10-02 19:46:30,558.346,0,single_642,642,0,200,541.7,18.44245634
2026-10-02 19:46:32,560.445,0,single_642,642,0,200,543.794,18.38739765
2026-10-02 19:46:34,562.544,0,single_642,642,0,200,545.901,18.484518954999995
2026-10-02 19:46:36,564.645,0,single_642,642,0,200,547.996,18.444831670000003
2026-10-02 19:46:38,566.746,0,single_642,642,0,200,550.098,18.378594049999997
2026-10-02 19:46:40,568.844,0,single_642,642,0,200,552.19,18.363082690000002
2026-10-02 19:46:42,570.947,0,single_642,642,0,200,554.295,18.416184565
2026-10-02 19:46:44,573.047,0,single_642,642,0,200,556.399,18.525323645
2026-10-02 19:46:46,575.144,0,single_642,642,0,200,558.505,18.480605824999998
2026-10-02 19:46:49,577.246,0,single_642,642,0,200,560.602,18.45279717
2026-10-02 19:46:51,579.343,0,single_642,642,0,200,562.69,18.343938235
2026-10-02 19:46:53,581.443,0,single_642,642,0,200,564.795,18.45629056
2026-10-02 19:46:55,583.545,0,single_642,642,0,200,566.889,18.444692060000005
2026-10-02 19:46:57,585.645,0,single_642,642,0,200,568.995,18.46565343
2026-10-02 19:46:59,587.743,0,single_642,642,0,200,571.104,18.473898339999998
2026-10-02 19:47:01,589.843,0,single_642,642,0,200,573.192,18.53706212
2026-10-02 19:47:03,591.946,0,single_642,642,0,200,575.299,18.48395969
2026-10-02 19:47:05,594.045,0,single_642,642,0,200,577.403,18.433792139999998
2026-10-02 19:47:07,596.143,0,single_642,642,0,200,579.495,18.38767733
2026-10-02 19:47:10,598.244,0,single_642,642,0,200,581.596,18.51554169
2026-10-02 19:47:12,600.343,0,single_642,642,0,200,583.694,18.364200274999998
2026-10-02 19:47:14,602.444,0,single_642,642,0,200,585.801,18.380410495
2026-10-02 19:47:16,604.542,0,single_642,642,0,200,587.888,18.568503940000003
2026-10-02 19:47:18,606.642,0,single_642,642,0,200,589.99,18.377755869999998
2026-10-02 19:47:20,608.742,0,single_642,642,0,200,592.1,18.347571430000002
2026-10-02 19:47:22,610.842,0,single_642,642,0,200,594.19,18.387537275
2026-10-02 19:47:24,612.942,0,single_642,642,0,200,596.295,18.463697189999998
2026-10-02 19:47:26,615.045,0,single_642,642,0,200,598.385,18.39578227
2026-10-02 19:47:28,617.142,0,single_642,642,0,200,600.489,18.38404407
2026-10-02 19:47:31,619.242,0,single_642,642,0,200,602.595,18.42233325
2026-10-02 19:47:33,621.341,0,single_642,642,0,200,604.7,18.453775255
2026-10-02 19:47:35,623.443,0,single_642,642,0,200,606.787,18.517637429999997
2026-10-02 19:47:37,625.54,0,single_642,642,0,200,608.892,18.353021525
2026-10-02 19:47:39,627.64,0,single_642,642,0,200,610.985,18.41101451
2026-10-02 19:47:41,629.741,0,single_642,642,0,200,613.093,18.3306626
2026-10-02 19:47:43,631.84,0,single_642,642,0,200,615.199,18.400952415
2026-10-02 19:47:45,633.942,0,single_642,642,0,200,617.287,18.322836895
2026-10-02 19:47:47,636.041,0,single_642,642,0,200,619.389,18.353999879999996
2026-10-02 19:47:49,638.142,0,single_642,642,0,200,621.489,18.243882705
2026-10-02 19:47:52,640.242,0,single_642,642,0,200,623.591,18.407939655
2026-10-02 19:47:54,642.34,0,single_642,642,0,200,625.69,18.325352289999998
2026-10-02 19:47:56,644.439,0,single_642,642,0,200,627.784,18.363501975
2026-10-02 19:47:58,646.539,0,single_642,642,0,200,629.883,18.289298849999998
2026-10-02 19:48:00,648.642,0,single_642,642,0,200,631.993,18.257437365
2026-10-02 19:48:02,650.742,0,single_642,642,0,200,634.089,18.220685704999998
2026-10-02 19:48:04,652.839,0,single_642,642,0,200,636.193,18.449443104999997
2026-10-02 19:48:06,654.942,0,single_642,642,0,200,638.297,18.40668246
2026-10-02 19:48:08,657.041,0,single_642,642,0,200,640.398,18.360567375
2026-10-02 19:48:10,659.139,0,single_642,642,0,200,642.488,18.362104989999995
2026-10-02 19:48:13,661.24,0,single_642,642,0,200,644.596,18.435608775
2026-10-02 19:48:15,663.339,0,single_642,642,0,200,646.684,18.406681995
2026-10-02 19:48:17,665.44,0,single_642,642,0,200,648.79,18.403328205
2026-10-02 19:48:19,667.54,0,single_642,642,0,200,650.89,18.391589729999996
2026-10-02 19:48:21,669.638,0,single_642,642,0,200,652.994,18.316408805
2026-10-02 19:48:23,671.739,0,single_642,642,0,200,655.085,18.523925825000003
2026-10-02 19:48:25,673.838,0,single_642,642,0,200,657.189,18.16520812
2026-10-02 19:48:27,675.939,0,single_642,642,0,200,659.292,18.382646525
2026-10-02 19:48:29,678.038,0,single_642,642,0,200,661.383,18.502125890000002
2026-10-02 19:48:31,680.138,0,single_642,642,0,200,663.486,18.449722705
2026-10-02 19:48:34,682.24,0,single_642,642,0,200,665.594,18.44986248
2026-10-02 19:48:36,684.337,0,single_642,642,0,200,667.695,18.325352575
2026-10-02 19:48:38,686.439,0,single_642,642,0,200,669.792,18.453216279999996
2026-10-02 19:48:40,688.537,0,single_642,642,0,200,671.885,18.24248554
2026-10-02 19:48:42,690.639,0,single_642,642,0,200,673.995,18.373423624999997
2026-10-02 19:48:44,692.739,0,single_642,642,0,200,676.086,18.385021860000002
2026-10-02 19:48:46,694.837,0,single_642,642,0,200,678.194,18.335693145000004
2026-10-02 19:48:48,696.94,0,single_642,642,0,200,680.283,18.326190675
2026-10-02 19:48:50,699.04,0,single_642,642,0,200,682.386,18.3460339
2026-10-02 19:48:52,701.138,0,single_642,642,0,200,684.49,18.486474455
2026-10-02 19:48:54,703.237,0,single_642,642,0,200,686.584,18.478789275
2026-10-02 19:48:57,705.338,0,single_642,642,0,200,688.691,18.328147
2026-10-02 19:48:59,707.438,0,single_642,642,0,200,690.795,18.249472415
2026-10-02 19:49:01,709.538,0,single_642,642,0,200,692.885,18.25729795
2026-10-02 19:49:03,711.638,0,single_642,642,0,200,694.991,18.477950895000003
2026-10-02 19:49:05,713.735,0,single_642,642,0,200,697.094,18.419957630000003
2026-10-02 19:49:07,715.836,0,single_642,642,0,200,699.182,18.357912270000003
2026-10-02 19:49:09,717.939,0,single_642,642,0,200,701.286,18.247795569999997
2026-10-02 19:49:11,720.036,0,single_642,642,0,200,703.394,18.39228851
2026-10-02 19:49:13,722.137,0,single_642,642,0,200,705.485,18.363501795
2026-10-02 19:49:15,724.237,0,single_642,642,0,200,707.592,18.35735384
2026-10-02 19:49:18,726.335,0,single_642,642,0,200,709.691,18.360846960000003
2026-10-02 19:49:20,728.435,0,single_642,642,0,200,711.779,18.407660630000002
2026-10-02 19:49:22,730.534,0,single_642,642,0,200,713.879,18.381109555000005
2026-10-02 19:49:24,732.637,0,single_642,642,0,200,715.985,18.421354994999998
2026-10-02 19:49:26,734.737,0,single_642,642,0,200,718.091,18.419818115
2026-10-02 19:49:28,736.838,0,single_642,642,0,200,720.195,18.371327405
2026-10-02 19:49:30,738.935,0,single_642,642,0,200,722.283,18.33275845
2026-10-02 19:49:32,741.035,0,single_642,642,0,200,724.386,18.440360029999997
2026-10-02 19:49:34,743.135,0,single_642,642,0,200,726.493,18.412271705000002
2026-10-02 19:49:36,745.234,0,single_642,642,0,200,728.585,18.410594760000002
2026-10-02 19:49:39,747.335,0,single_642,642,0,200,730.688,18.397878865
2026-10-02 19:49:41,749.434,0,single_642,642,0,200,732.78,18.37076843
2026-10-02 19:49:43,751.534,0,single_642,642,0,200,734.889,18.340724154999997
2026-10-02 19:49:45,753.633,0,single_642,642,0,200,736.979,18.416743650000004
2026-10-02 19:49:47,755.733,0,single_642,642,0,200,739.086,18.316547934999996
2026-10-02 19:49:49,757.833,0,single_642,642,0,200,741.19,18.393267034999997
2026-10-02 19:49:51,759.933,0,single_642,642,0,200,743.28,18.397319685000003
2026-10-02 19:49:53,762.033,0,single_642,642,0,200,745.382,18.339606370000002
2026-10-02 19:49:55,764.135,0,single_642,642,0,200,747.484,18.341003354999998
2026-10-02 19:49:57,766.234,0,single_642,642,0,200,749.59,18.358191389999995
2026-10-02 19:50:00,768.334,0,single_642,642,0,200,751.68,18.311098769999997
2026-10-02 19:50:02,770.435,0,single_642,642,0,200,753.787,18.308582995
2026-10-02 19:50:04,772.532,0,single_642,642,0,200,755.882,18.31249586
2026-10-02 19:50:06,774.635,0,single_642,642,0,200,757.979,18.38544103
2026-10-02 19:50:08,776.734,0,single_642,642,0,200,760.091,18.298102264999997
2026-10-02 19:50:10,778.832,0,single_642,642,0,200,762.183,18.460063459999994
2026-10-02 19:50:12,780.933,0,single_642,642,0,200,764.287,18.347711495
2026-10-02 19:50:14,783.032,0,single_642,642,0,200,766.382,18.342959880000002
2026-10-02 19:50:16,785.133,0,single_642,642,0,200,768.489,18.341422835000003
2026-10-02 19:50:18,787.233,0,single_642,642,0,200,770.577,18.233821544999998
2026-10-02 19:50:21,789.333,0,single_642,642,0,200,772.683,18.26330684
2026-10-02 19:50:23,791.433,0,single_642,642,0,200,774.79,18.289718030000007
2026-10-02 19:50:25,793.533,0,single_642,642,0,200,776.891,18.23843271
2026-10-02 19:50:27,795.633,0,single_642,642,0,200,778.982,18.390471960000006
2026-10-02 19:50:29,797.733,0,single_642,642,0,200,781.086,18.374681004999996
2026-10-02 19:50:31,799.833,0,single_642,642,0,200,783.187,18.318784325
2026-10-02 19:50:33,801.931,0,single_642,642,0,200,785.291,18.280774440000002
2026-10-02 19:50:35,804.031,0,single_642,642,0,200,787.386,18.427922574999997
2026-10-02 19:50:37,806.134,0,single_642,642,0,200,789.478,18.259533865
2026-10-02 19:50:39,808.23,0,single_642,642,0,200,791.583,18.375659274999997
2026-10-02 19:50:42,810.33,0,single_642,642,0,200,793.684,18.42233324
2026-10-02 19:50:44,812.432,0,single_642,642,0,200,795.774,18.225017465
2026-10-02 19:50:46,814.533,0,single_642,642,0,200,797.89,18.302853969999997
2026-10-02 19:50:48,816.63,0,single_642,642,0,200,799.982,18.386978565000003
2026-10-02 19:50:50,818.73,0,single_642,642,0,200,802.085,18.418839570000003
2026-10-02 19:50:52,820.832,0,single_642,642,0,200,804.183,18.28622437
2026-10-02 19:50:54,822.933,0,single_642,642,0,200,806.287,18.258556075
2026-10-02 19:50:56,825.03,0,single_642,642,0,200,808.384,18.33555354
2026-10-02 19:50:58,827.132,0,single_642,642,0,200,810.481,18.26204928
2026-10-02 19:51:00,829.231,0,single_642,642,0,200,812.575,18.334994185000003
2026-10-02 19:51:03,831.329,0,single_642,642,0,200,814.688,18.380550489999997
2026-10-02 19:51:05,833.429,0,single_642,642,0,200,816.78,18.428202159999998
2026-10-02 19:51:07,835.53,0,single_642,642,0,200,818.881,18.294050269999996
2026-10-02 19:51:09,837.628,0,single_642,642,0,200,820.984,18.335972825000002
2026-10-02 19:51:11,839.728,0,single_642,642,0,200,823.073,18.39759918
2026-10-02 19:51:13,841.828,0,single_642,642,0,200,825.178,18.291675115
2026-10-02 19:51:15,843.93,0,single_642,642,0,200,827.281,18.374960870000002
2026-10-02 19:51:17,846.032,0,single_642,642,0,200,829.379,18.25548121
2026-10-02 19:51:19,848.13,0,single_642,642,0,200,831.485,18.36322211
2026-10-02 19:51:21,850.23,0,single_642,642,0,200,833.586,18.476133785000002
2026-10-02 19:51:24,852.329,0,single_642,642,0,200,835.674,18.36378165
2026-10-02 19:51:26,854.43,0,single_642,642,0,200,837.778,18.353161229999994
2026-10-02 19:51:28,856.529,0,single_642,642,0,200,839.885,18.206850810000002
2026-10-02 19:51:30,858.628,0,single_642,642,0,200,841.987,18.39885646
2026-10-02 19:51:32,860.729,0,single_642,642,0,200,844.076,18.3231161
2026-10-02 19:51:34,862.829,0,single_642,642,0,200,846.181,18.40402707
2026-10-02 19:51:36,864.931,0,single_642,642,0,200,848.283,18.178483465
2026-10-02 19:51:38,867.032,0,single_642,642,0,200,850.388,18.23521861
2026-10-02 19:51:40,869.129,0,single_642,642,0,200,852.479,18.279377089999997
2026-10-02 19:51:42,871.229,0,single_642,642,0,200,854.584,18.20182073
2026-10-02 19:51:45,873.33,0,single_642,642,0,200,856.673,18.275603930000003
2026-10-02 19:51:47,875.43,0,single_642,642,0,200,858.786,18.370488830000003
2026-10-02 19:51:49,877.527,0,single_642,642,0,200,860.875,18.310819559999995
2026-10-02 19:51:51,879.626,0,single_642,642,0,200,862.971,18.377616165
2026-10-02 19:51:53,881.728,0,single_642,642,0,200,865.076,18.223620020000002
2026-10-02 19:51:55,883.827,0,single_642,642,0,200,867.181,18.388375635
2026-10-02 19:51:57,885.93,0,single_642,642,0,200,869.286,18.296565585
2026-10-02 19:51:59,888.026,0,single_642,642,0,200,871.376,18.320321850000003
2026-10-02 19:52:01,890.125,0,single_642,642,0,200,873.471,18.36014791
2026-10-02 19:52:03,892.227,0,single_642,642,0,200,875.574,18.207828985
2026-10-02 19:52:06,894.327,0,single_642,642,0,200,877.681,18.183793504999997
2026-10-02 19:52:08,896.427,0,single_642,642,0,200,879.773,18.203078209999997
2026-10-02 19:52:10,898.527,0,single_642,642,0,200,881.876,18.24066844
2026-10-02 19:52:12,900.627,0,single_642,642,0,200,883.981,18.247376389999996
2026-10-02 19:52:14,902.727,0,single_642,642,0,200,886.083,18.26526261
2026-10-02 19:52:16,904.827,0,single_642,642,0,200,888.177,18.243602845000005
2026-10-02 19:52:18,906.928,0,single_642,642,0,200,890.281,18.27462642
2026-10-02 19:52:20,909.029,0,single_642,642,0,200,892.385,18.283429745000003
2026-10-02 19:52:22,911.128,0,single_642,642,0,200,894.476,18.416324455
2026-10-02 19:52:24,913.227,0,single_642,642,0,200,896.58,18.328566379999998
2026-10-02 19:52:27,915.326,0,single_642,642,0,200,898.684,18.338907235
2026-10-02 19:52:29,917.427,0,single_642,642,0,200,900.784,18.413110354999993
2026-10-02 19:52:31,919.524,0,single_642,642,0,200,902.876,18.393964975
2026-10-02 19:52:33,921.625,0,single_642,642,0,200,904.983,18.4094768
2026-10-02 19:52:35,923.725,0,single_642,642,0,200,907.075,18.24555976
2026-10-02 19:52:37,925.826,0,single_642,642,0,200,909.171,18.206711024999997
2026-10-02 19:52:39,927.927,0,single_642,642,0,200,911.282,18.21719184
2026-10-02 19:52:41,930.028,0,single_642,642,0,200,913.386,18.22697381
2026-10-02 19:52:43,932.126,0,single_642,642,0,200,915.476,18.264005615000002
2026-10-02 19:52:45,934.225,0,single_642,642,0,200,917.583,18.187846139999998
2026-10-02 19:52:48,936.325,0,single_642,642,0,200,919.674,18.250590749999997
2026-10-02 19:52:50,938.423,0,single_642,642,0,200,921.78,18.224877395
2026-10-02 19:52:52,940.526,0,single_642,642,0,200,923.871,18.318504845000003
2026-10-02 19:52:54,942.624,0,single_642,642,0,200,925.975,18.270852795
2026-10-02 19:52:56,944.724,0,single_642,642,0,200,928.078,18.282870675
2026-10-02 19:52:58,946.824,0,single_642,642,0,200,930.168,18.239410879999994
2026-10-02 19:53:00,948.926,0,single_642,642,0,200,932.28,18.319482810000004
2026-10-02 19:53:02,951.025,0,single_642,642,0,200,934.37,18.327588494999997
2026-10-02 19:53:04,953.125,0,single_642,642,0,200,936.475,18.34840942
2026-10-02 19:53:06,955.224,0,single_642,642,0,200,938.58,18.356934
2026-10-02 19:53:09,957.324,0,single_642,642,0,200,940.668,18.409616775
2026-10-02 19:53:11,959.424,0,single_642,642,0,200,942.77,18.415206575
2026-10-02 19:53:13,961.521,0,single_642,642,0,200,944.876,18.429599525000004
2026-10-02 19:53:15,963.623,0,single_642,642,0,200,946.971,18.531332165
2026-10-02 19:53:17,965.723,0,single_642,642,0,200,949.071,18.254083575000003
2026-10-02 19:53:19,967.822,0,single_642,642,0,200,951.171,18.307465225
2026-10-02 19:53:21,969.921,0,single_642,642,0,200,953.267,18.361685425000005
2026-10-02 19:53:23,972.023,0,single_642,642,0,200,955.373,18.285944595
2026-10-02 19:53:25,974.122,0,single_642,642,0,200,957.476,18.269036245
2026-10-02 19:53:27,976.224,0,single_642,642,0,200,959.581,18.304390645
2026-10-02 19:53:30,978.321,0,single_642,642,0,200,961.67,18.442456335
2026-10-02 19:53:32,980.421,0,single_642,642,0,200,963.775,18.19287697
2026-10-02 19:53:34,982.522,0,single_642,642,0,200,965.877,18.22585585
2026-10-02 19:53:36,984.621,0,single_642,642,0,200,967.966,18.124543129999996
2026-10-02 19:53:38,986.72,0,single_642,642,0,200,970.071,18.45279718
2026-10-02 19:53:40,988.822,0,single_642,642,0,200,972.175,18.335134524999997
2026-10-02 19:53:42,990.923,0,single_642,642,0,200,974.266,18.452796710000005
2026-10-02 19:53:44,993.023,0,single_642,642,0,200,976.369,18.297683635
2026-10-02 19:53:46,995.121,0,single_642,642,0,200,978.472,18.25366422
2026-10-02 19:53:48,997.223,0,single_642,642,0,200,980.577,18.332758745
2026-10-02 19:53:51,999.321,0,single_642,642,0,200,982.679,18.289158764999996
2026-10-02 19:53:53,1001.421,0,single_642,642,0,200,984.766,18.28818088
2026-10-02 19:53:55,1003.52,0,single_642,642,0,200,986.87,18.096035995
2026-10-02 19:53:57,1005.621,0,single_642,642,0,200,988.968,18.372585635
2026-10-02 19:53:59,1007.721,0,single_642,642,0,200,991.075,18.341841359999997
2026-10-02 19:54:01,1009.819,0,single_642,642,0,200,993.169,18.212580494999997
2026-10-02 19:54:03,1011.923,0,single_642,642,0,200,995.273,18.271411955000005
2026-10-02 19:54:05,1014.024,0,single_642,642,0,200,997.38,18.268896645
2026-10-02 19:54:07,1016.12,0,single_642,642,0,200,999.472,18.21258059
2026-10-02 19:54:09,1018.22,0,single_642,642,0,200,1001.574,18.287062455000004
2026-10-02 19:54:12,1020.32,0,single_642,642,0,200,1003.678,18.320321665
2026-10-02 19:54:14,1022.42,0,single_642,642,0,200,1005.765,18.221942789999996
2026-10-02 19:54:16,1024.52,0,single_642,642,0,200,1007.87,18.345894374999997
2026-10-02 19:54:18,1026.62,0,single_642,642,0,200,1009.974,18.392428204999998
2026-10-02 19:54:20,1028.721,0,single_642,642,0,200,1012.075,18.276861685
2026-10-02 19:54:22,1030.818,0,single_642,642,0,200,1014.165,18.25254681
2026-10-02 19:54:24,1032.918,0,single_642,642,0,200,1016.272,18.427643545000002
2026-10-02 19:54:26,1035.019,0,single_642,642,0,200,1018.37,18.229489499999996
2026-10-02 19:54:28,1037.117,0,single_642,642,0,200,1020.462,18.348270095
2026-10-02 19:54:30,1039.218,0,single_642,642,0,200,1022.568,18.30928214
2026-10-02 19:54:33,1041.318,0,single_642,642,0,200,1024.67,18.20321753
2026-10-02 19:54:35,1043.419,0,single_642,642,0,200,1026.765,18.282311595
2026-10-02 19:54:37,1045.518,0,single_642,642,0,200,1028.872,18.259813365000003
2026-10-02 19:54:39,1047.619,0,single_642,642,0,200,1030.964,18.310539694999996
2026-10-02 19:54:41,1049.718,0,single_642,642,0,200,1033.063,18.18672801
2026-10-02 19:54:43,1051.817,0,single_642,642,0,200,1035.165,18.349108190000003
2026-10-02 19:54:45,1053.921,0,single_642,642,0,200,1037.273,18.228091669999998
2026-10-02 19:54:47,1056.02,0,single_642,642,0,200,1039.366,18.276023770000002
2026-10-02 19:54:49,1058.117,0,single_642,642,0,200,1041.465,18.34687246
2026-10-02 19:54:51,1060.217,0,single_642,642,0,200,1043.571,18.298521715000003
2026-10-02 19:54:54,1062.317,0,single_642,642,0,200,1045.675,18.22194271
2026-10-02 19:54:56,1064.417,0,single_642,642,0,200,1047.765,18.275185300000004
2026-10-02 19:54:58,1066.517,0,single_642,642,0,200,1049.87,18.231166145
2026-10-02 19:55:00,1068.616,0,single_642,642,0,200,1051.97,18.205872834999997
2026-10-02 19:55:02,1070.717,0,single_642,642,0,200,1054.074,18.273228215
2026-10-02 19:55:04,1072.816,0,single_642,642,0,200,1056.165,18.17764501
2026-10-02 19:55:06,1074.918,0,single_642,642,0,200,1058.27,18.20154096
2026-10-02 19:55:08,1077.017,0,single_642,642,0,200,1060.375,18.12901506
2026-10-02 19:55:10,1079.116,0,single_642,642,0,200,1062.463,18.288599985
2026-10-02 19:55:12,1081.215,0,single_642,642,0,200,1064.567,18.235358695
2026-10-02 19:55:15,1083.317,0,single_642,642,0,200,1066.673,18.374262284999997
2026-10-02 19:55:17,1085.418,0,single_642,642,0,200,1068.775,18.179741130000004
2026-10-02 19:55:19,1087.516,0,single_642,642,0,200,1070.864,18.276163089999997
2026-10-02 19:55:21,1089.616,0,single_642,642,0,200,1072.969,18.24961174
2026-10-02 19:55:23,1091.716,0,single_642,642,0,200,1075.072,18.245000759999996
2026-10-02 19:55:25,1093.815,0,single_642,642,0,200,1077.169,18.28259146
2026-10-02 19:55:27,1095.917,0,single_642,642,0,200,1079.266,18.254363450000003
2026-10-02 19:55:29,1098.019,0,single_642,642,0,200,1081.376,18.159758295000003
2026-10-02 19:55:31,1100.115,0,single_642,642,0,200,1083.468,18.148578795
2026-10-02 19:55:33,1102.215,0,single_642,642,0,200,1085.572,18.278817925000002
2026-10-02 19:55:36,1104.315,0,single_642,642,0,200,1087.66,18.25883558
2026-10-02 19:55:38,1106.414,0,single_642,642,0,200,1089.766,18.17862309
2026-10-02 19:55:40,1108.515,0,single_642,642,0,200,1091.87,18.236476104999998
2026-10-02 19:55:42,1110.614,0,single_642,642,0,200,1093.972,18.278119625
2026-10-02 19:55:44,1112.714,0,single_642,642,0,200,1096.063,18.184632155000003
2026-10-02 19:55:46,1114.816,0,single_642,642,0,200,1098.167,18.245280065
2026-10-02 19:55:48,1116.916,0,single_642,642,0,200,1100.269,18.307465124999997
2026-10-02 19:55:50,1119.016,0,single_642,642,0,200,1102.361,18.28398844
2026-10-02 19:55:52,1121.114,0,single_642,642,0,200,1104.468,18.276023484999996
2026-10-02 19:55:54,1123.214,0,single_642,642,0,200,1106.559,18.3106795
2026-10-02 19:55:57,1125.313,0,single_642,642,0,200,1108.665,18.19078121
2026-10-02 19:55:59,1127.414,0,single_642,642,0,200,1110.767,18.3168279
2026-10-02 19:56:01,1129.513,0,single_642,642,0,200,1112.869,18.208248365
2026-10-02 19:56:03,1131.612,0,single_642,642,0,200,1114.96,18.239829874999998
2026-10-02 19:56:05,1133.713,0,single_642,642,0,200,1117.066,18.28510686
2026-10-02 19:56:07,1135.812,0,single_642,642,0,200,1119.16,18.317387159999996
2026-10-02 19:56:09,1137.914,0,single_642,642,0,200,1121.259,18.241926090000003
2026-10-02 19:56:11,1140.013,0,single_642,642,0,200,1123.369,18.277839675
2026-10-02 19:56:13,1142.113,0,single_642,642,0,200,1125.464,18.190641319999997
2026-10-02 19:56:15,1144.212,0,single_642,642,0,200,1127.56,18.297403860000003
2026-10-02 19:56:18,1146.313,0,single_642,642,0,200,1129.67,18.174291125000003
2026-10-02 19:56:20,1148.413,0,single_642,642,0,200,1131.758,18.276721985000002
2026-10-02 19:56:22,1150.512,0,single_642,642,0,200,1133.865,18.134604395
2026-10-02 19:56:24,1152.614,0,single_642,642,0,200,1135.957,18.325491995
2026-10-02 19:56:26,1154.712,0,single_642,642,0,200,1138.063,18.25729795
2026-10-02 19:56:28,1156.812,0,single_642,642,0,200,1140.167,18.393266665
2026-10-02 19:56:30,1158.913,0,single_642,642,0,200,1142.27,18.187846144999998
2026-10-02 19:56:32,1161.014,0,single_642,642,0,200,1144.36,18.380830064999998
2026-10-02 19:56:34,1163.111,0,single_642,642,0,200,1146.462,18.26805772
2026-10-02 19:56:36,1165.211,0,single_642,642,0,200,1148.557,18.143128865
2026-10-02 19:56:39,1167.311,0,single_642,642,0,200,1150.66,18.137258955
2026-10-02 19:56:41,1169.412,0,single_642,642,0,200,1152.762,18.25995277
2026-10-02 19:56:43,1171.51,0,single_642,642,0,200,1154.863,18.216772845
2026-10-02 19:56:45,1173.611,0,single_642,642,0,200,1156.969,18.07102179
2026-10-02 19:56:47,1175.71,0,single_642,642,0,200,1159.055,18.231585434999996
2026-10-02 19:56:49,1177.81,0,single_642,642,0,200,1161.161,18.241646595000002
2026-10-02 19:56:51,1179.912,0,single_642,642,0,200,1163.264,18.153329655
2026-10-02 19:56:53,1182.011,0,single_642,642,0,200,1165.359,18.255760249999998
2026-10-02 19:56:55,1184.111,0,single_642,642,0,200,1167.462,18.301176930000004
2026-10-02 19:56:57,1186.209,0,single_642,642,0,200,1169.555,18.190501350000005
2026-10-02 19:57:00,1188.31,0,single_642,642,0,200,1171.658,18.22194326
2026-10-02 19:57:02,1190.409,0,single_642,642,0,200,1173.754,18.210484365
2026-10-02 19:57:04,1192.51,0,single_642,642,0,200,1175.865,18.307465035
2026-10-02 19:57:06,1194.611,0,single_642,642,0,200,1177.956,18.274067139999996
2026-10-02 19:57:08,1196.71,0,single_642,642,0,200,1180.055,18.30201531
2026-10-02 19:57:10,1198.81,0,single_642,642,0,200,1182.158,18.235078455
2026-10-02 19:57:12,1200.911,0,single_642,642,0,200,1184.262,18.141172175
2026-10-02 19:57:14,1203.011,0,single_642,642,0,200,1186.368,18.150255545
2026-10-02 19:57:16,1205.109,0,single_642,642,0,200,1188.457,18.275604200000004
2026-10-02 19:57:18,1207.208,0,single_642,642,0,200,1190.564,18.153050085
2026-10-02 19:57:21,1209.309,0,single_642,642,0,200,1192.654,18.145224539999997
2026-10-02 19:57:23,1211.407,0,single_642,642,0,200,1194.757,18.13153011
2026-10-02 19:57:25,1213.509,0,single_642,642,0,200,1196.862,18.25072989
2026-10-02 19:57:27,1215.609,0,single_642,642,0,200,1198.953,18.37887336
2026-10-02 19:57:29,1217.708,0,single_642,642,0,200,1201.06,18.085694869999994
2026-10-02 19:57:31,1219.809,0,single_642,642,0,200,1203.165,18.28105395
2026-10-02 19:57:33,1221.91,0,single_642,642,0,200,1205.254,18.154307735
2026-10-02 19:57:35,1224.01,0,single_642,642,0,200,1207.366,18.195951264999994
2026-10-02 19:57:37,1226.11,0,single_642,642,0,200,1209.459,18.194413745
2026-10-02 19:57:39,1228.21,0,single_642,642,0,200,1211.566,18.28901927
2026-10-02 19:57:42,1230.307,0,single_642,642,0,200,1213.664,18.190641234999998
2026-10-02 19:57:44,1232.407,0,single_642,642,0,200,1215.762,18.158220505
2026-10-02 19:57:46,1234.508,0,single_642,642,0,200,1217.857,18.08890849
2026-10-02 19:57:48,1236.606,0,single_642,642,0,200,1219.961,18.22445822
2026-10-02 19:57:50,1238.707,0,single_642,642,0,200,1222.056,18.212021345000004
2026-10-02 19:57:52,1240.806,0,single_642,642,0,200,1224.158,18.180998975000005
2026-10-02 19:57:54,1242.909,0,single_642,642,0,200,1226.261,18.204475195
2026-10-02 19:57:56,1245.01,0,single_642,642,0,200,1228.366,18.108193295
2026-10-02 19:57:58,1247.106,0,single_642,642,0,200,1230.456,18.195252595
2026-10-02 19:58:00,1249.206,0,single_642,642,0,200,1232.563,18.097852265
2026-10-02 19:58:03,1251.308,0,single_642,642,0,200,1234.656,18.333876409999995
2026-10-02 19:58:05,1253.407,0,single_642,642,0,200,1236.764,18.23605755
2026-10-02 19:58:07,1255.506,0,single_642,642,0,200,1238.852,18.14187085
2026-10-02 19:58:09,1257.604,0,single_642,642,0,200,1240.954,18.181278279999997
2026-10-02 19:58:11,1259.707,0,single_642,642,0,200,1243.06,18.21006526
2026-10-02 19:58:13,1261.808,0,single_642,642,0,200,1245.164,18.25282574
2026-10-02 19:58:15,1263.907,0,single_642,642,0,200,1247.256,18.398297760000002
2026-10-02 19:58:17,1266.008,0,single_642,642,0,200,1249.361,18.237175325
2026-10-02 19:58:19,1268.106,0,single_642,642,0,200,1251.457,18.252686499999996
2026-10-02 19:58:21,1270.206,0,single_642,642,0,200,1253.555,18.155845339999996
2026-10-02 19:58:24,1272.306,0,single_642,642,0,200,1255.651,18.289857630000004
2026-10-02 19:58:26,1274.406,0,single_642,642,0,200,1257.76,18.32213746
2026-10-02 19:58:28,1276.505,0,single_642,642,0,200,1259.851,18.215934285000003
2026-10-02 19:58:30,1278.604,0,single_642,642,0,200,1261.957,18.21663305
2026-10-02 19:58:32,1280.705,0,single_642,642,0,200,1264.06,18.221803109999996
2026-10-02 19:58:34,1282.804,0,single_642,642,0,200,1266.159,18.245279874999998
2026-10-02 19:58:36,1284.905,0,single_642,642,0,200,1268.249,18.177505295
2026-10-02 19:58:38,1287.005,0,single_642,642,0,200,1270.355,18.23354187
2026-10-02 19:58:40,1289.104,0,single_642,642,0,200,1272.457,18.219986275
2026-10-02 19:58:42,1291.204,0,single_642,642,0,200,1274.562,18.263167234999997
2026-10-02 19:58:45,1293.304,0,single_642,642,0,200,1276.649,18.195392195
2026-10-02 19:58:47,1295.403,0,single_642,642,0,200,1278.75,18.091144785000004
2026-10-02 19:58:49,1297.505,0,single_642,642,0,200,1280.854,18.30425114
2026-10-02 19:58:51,1299.603,0,single_642,642,0,200,1282.96,18.204195894999998
2026-10-02 19:58:53,1301.703,0,single_642,642,0,200,1285.052,18.14732105
2026-10-02 19:58:55,1303.803,0,single_642,642,0,200,1287.155,18.26330693
2026-10-02 19:58:57,1305.905,0,single_642,642,0,200,1289.26,18.316129224999997
2026-10-02 19:58:59,1308.003,0,single_642,642,0,200,1291.35,18.076611220000004
2026-10-02 19:59:01,1310.103,0,single_642,642,0,200,1293.458,18.1974886
2026-10-02 19:59:03,1312.202,0,single_642,642,0,200,1295.554,18.222781459999997
2026-10-02 19:59:06,1314.303,0,single_642,642,0,200,1297.65,18.26652066
2026-10-02 19:59:08,1316.403,0,single_642,642,0,200,1299.76,18.251148879999995
2026-10-02 19:59:10,1318.502,0,single_642,642,0,200,1301.847,18.165486774999998
2026-10-02 19:59:12,1320.602,0,single_642,642,0,200,1303.959,18.2271136
2026-10-02 19:59:14,1322.702,0,single_642,642,0,200,1306.056,18.21244079
2026-10-02 19:59:16,1324.802,0,single_642,642,0,200,1308.148,18.227253285000003
2026-10-02 19:59:18,1326.903,0,single_642,642,0,200,1310.251,18.10805361
2026-10-02 19:59:20,1329.004,0,single_642,642,0,200,1312.354,18.237594435
2026-10-02 19:59:22,1331.102,0,single_642,642,0,200,1314.457,18.137399010000003
2026-10-02 19:59:24,1333.202,0,single_642,642,0,200,1316.56,18.22208315
2026-10-02 19:59:27,1335.301,0,single_642,642,0,200,1318.661,18.22278145
2026-10-02 19:59:29,1337.401,0,single_642,642,0,200,1320.75,18.221523994999995
2026-10-02 19:59:31,1339.501,0,single_642,642,0,200,1322.853,18.1462029
2026-10-02 19:59:33,1341.6,0,single_642,642,0,200,1324.947,18.035247929999997
2026-10-02 19:59:35,1343.701,0,single_642,642,0,200,1327.053,18.126080285
2026-10-02 19:59:37,1345.801,0,single_642,642,0,200,1329.147,18.239690364999998
2026-10-02 19:59:39,1347.903,0,single_642,642,0,200,1331.249,18.160596395000002
2026-10-02 19:59:41,1350.003,0,single_642,642,0,200,1333.352,18.173871469999998
2026-10-02 19:59:43,1352.101,0,single_642,642,0,200,1335.454,18.145503945
2026-10-02 19:59:45,1354.2,0,single_642,642,0,200,1337.546,18.14242992
2026-10-02 19:59:48,1356.301,0,single_642,642,0,200,1339.655,18.10050718
2026-10-02 19:59:50,1358.4,0,single_642,642,0,200,1341.745,18.122446715
2026-10-02 19:59:52,1360.5,0,single_642,642,0,200,1343.85,18.182815429999998
2026-10-02 19:59:54,1362.6,0,single_642,642,0,200,1345.945,18.214816135
2026-10-02 19:59:56,1364.7,0,single_642,642,0,200,1348.055,18.101905099999996
2026-10-02 19:59:58,1366.799,0,single_642,642,0,200,1350.154,18.14424629
2026-10-02 20:00:00,1368.901,0,single_642,642,0,200,1352.255,18.11573888
2026-10-02 20:00:02,1371.0,0,single_642,642,0,200,1354.349,18.127756469999998
2026-10-02 20:00:04,1373.099,0,single_642,642,0,200,1356.453,18.264145585
2026-10-02 20:00:06,1375.199,0,single_642,642,0,200,1358.545,18.19692934
2026-10-02 20:00:09,1377.299,0,single_642,642,0,200,1360.644,18.20056271
2026-10-02 20:00:11,1379.398,0,single_642,642,0,200,1362.745,18.14019411
2026-10-02 20:00:13,1381.499,0,single_642,642,0,200,1364.845,18.177225630000002
2026-10-02 20:00:15,1383.599,0,single_642,642,0,200,1366.949,18.151653194999998
2026-10-02 20:00:17,1385.699,0,single_642,642,0,200,1369.056,18.225995344999994
2026-10-02 20:00:19,1387.797,0,single_642,642,0,200,1371.147,18.216773129999996
2026-10-02 20:00:21,1389.9,0,single_642,642,0,200,1373.253,18.2216636
2026-10-02 20:00:23,1391.999,0,single_642,642,0,200,1375.354,18.228651120000002
2026-10-02 20:00:25,1394.098,0,single_642,642,0,200,1377.457,18.29265272
2026-10-02 20:00:27,1396.198,0,single_642,642,0,200,1379.545,18.290975495
2026-10-02 20:00:30,1398.298,0,single_642,642,0,200,1381.649,18.213279370000002
2026-10-02 20:00:32,1400.397,0,single_642,642,0,200,1383.752,18.224179094999997
2026-10-02 20:00:34,1402.498,0,single_642,642,0,200,1385.841,18.19720882
2026-10-02 20:00:36,1404.598,0,single_642,642,0,200,1387.949,18.142709505
2026-10-02 20:00:38,1406.698,0,single_642,642,0,200,1390.055,18.167304344999998
2026-10-02 20:00:40,1408.796,0,single_642,642,0,200,1392.148,18.270853159999994
2026-10-02 20:00:42,1410.899,0,single_642,642,0,200,1394.245,18.284827105
2026-10-02 20:00:44,1412.999,0,single_642,642,0,200,1396.355,18.229768425
2026-10-02 20:00:46,1415.097,0,single_642,642,0,200,1398.445,18.205173870000003
2026-10-02 20:00:48,1417.197,0,single_642,642,0,200,1400.541,18.176247545000003
2026-10-02 20:00:51,1419.297,0,single_642,642,0,200,1402.652,18.27979628
2026-10-02 20:00:53,1421.397,0,single_642,642,0,200,1404.754,18.29265309
2026-10-02 20:00:55,1423.496,0,single_642,642,0,200,1406.847,18.280914244999998
2026-10-02 20:00:57,1425.596,0,single_642,642,0,200,1408.94,18.192597380000002
2026-10-02 20:00:59,1427.696,0,single_642,642,0,200,1411.048,18.429600264999998
2026-10-02 20:01:01,1429.795,0,single_642,642,0,200,1413.153,18.256459765
2026-10-02 20:01:03,1431.897,0,single_642,642,0,200,1415.241,18.238572594999997
2026-10-02 20:01:05,1433.996,0,single_642,642,0,200,1417.341,18.19119956
2026-10-02 20:01:07,1436.096,0,single_642,642,0,200,1419.446,18.2236203
2026-10-02 20:01:09,1438.196,0,single_642,642,0,200,1421.554,18.257018639999995
2026-10-02 20:01:12,1440.296,0,single_642,642,0,200,1423.64,18.214676430000004
2026-10-02 20:01:14,1442.395,0,single_642,642,0,200,1425.744,18.33038264
2026-10-02 20:01:16,1444.495,0,single_642,642,0,200,1427.85,18.24611835
2026-10-02 20:01:18,1446.594,0,single_642,642,0,200,1429.942,18.296146010000005
2026-10-02 20:01:20,1448.696,0,single_642,642,0,200,1432.045,18.305089695
2026-10-02 20:01:22,1450.796,0,single_642,642,0,200,1434.141,18.280495145
2026-10-02 20:01:24,1452.897,0,single_642,642,0,200,1436.254,18.26554305
2026-10-02 20:01:26,1454.998,0,single_642,642,0,200,1438.347,18.374541035
2026-10-02 20:01:28,1457.093,0,single_642,642,0,200,1440.453,18.144526050000003
2026-10-02 20:01:30,1459.192,0,single_642,642,0,200,1442.541,18.07158105
2026-10-02 20:01:33,1461.292,0,single_642,642,0,200,1444.637,18.150535119999997
2026-10-02 20:01:35,1463.394,0,single_642,642,0,200,1446.743,18.132089445
2026-10-02 20:01:37,1465.491,0,single_642,642,0,200,1448.85,18.201820450000003
2026-10-02 20:01:39,1467.594,0,single_642,642,0,200,1450.941,18.14899826
2026-10-02 20:01:41,1469.694,0,single_642,642,0,200,1453.043,18.171775620000002
2026-10-02 20:01:43,1471.793,0,single_642,642,0,200,1455.146,18.18365437
2026-10-02 20:01:45,1473.895,0,single_642,642,0,200,1457.24,18.18505107
2026-10-02 20:01:47,1475.995,0,single_642,642,0,200,1459.345,18.189522894999996
2026-10-02 20:01:49,1478.093,0,single_642,642,0,200,1461.449,18.126359394999998
2026-10-02 20:01:51,1480.193,0,single_642,642,0,200,1463.542,18.189104079999996
2026-10-02 20:01:54,1482.293,0,single_642,642,0,200,1465.649,18.211043160000003
2026-10-02 20:01:56,1484.393,0,single_642,642,0,200,1467.742,18.227811715
2026-10-02 20:01:58,1486.492,0,single_642,642,0,200,1469.85,18.17946173
2026-10-02 20:02:00,1488.592,0,single_642,642,0,200,1471.942,18.26218851
2026-10-02 20:02:02,1490.692,0,single_642,642,0,200,1474.045,18.281892875
2026-10-02 20:02:04,1492.792,0,single_642,642,0,200,1476.139,18.213139565
2026-10-02 20:02:06,1494.89,0,single_642,642,0,200,1478.237,18.128455805000005
2026-10-02 20:02:08,1496.991,0,single_642,642,0,200,1480.338,18.078567645000003
2026-10-02 20:02:10,1499.092,0,single_642,642,0,200,1482.441,18.307045949999996
2026-10-02 20:02:12,1501.191,0,single_642,642,0,200,1484.55,18.178623265
2026-10-02 20:02:15,1503.29,0,single_642,642,0,200,1486.647,18.111127985000003
2026-10-02 20:02:17,1505.39,0,single_642,642,0,200,1488.738,18.087371624999996
2026-10-02 20:02:19,1507.489,0,single_642,642,0,200,1490.848,18.133765835
2026-10-02 20:02:21,1509.59,0,single_642,642,0,200,1492.938,18.12747707
2026-10-02 20:02:23,1511.692,0,single_642,642,0,200,1495.043,18.094358494999998
2026-10-02 20:02:25,1513.79,0,single_642,642,0,200,1497.149,18.11182648
2026-10-02 20:02:27,1515.889,0,single_642,642,0,200,1499.234,18.20475488
2026-10-02 20:02:29,1517.989,0,single_642,642,0,200,1501.341,18.102324105
2026-10-02 20:02:31,1520.088,0,single_642,642,0,200,1503.445,18.142988904999996
2026-10-02 20:02:33,1522.188,0,single_642,642,0,200,1505.535,18.107354455000003
2026-10-02 20:02:36,1524.29,0,single_642,642,0,200,1507.641,18.10777374
2026-10-02 20:02:38,1526.39,0,single_642,642,0,200,1509.745,18.187845969999998
2026-10-02 20:02:40,1528.49,0,single_642,642,0,200,1511.838,18.100367665
2026-10-02 20:02:42,1530.589,0,single_642,642,0,200,1513.943,18.175827895
2026-10-02 20:02:44,1532.69,0,single_642,642,0,200,1516.036,18.12049039
2026-10-02 20:02:46,1534.789,0,single_642,642,0,200,1518.142,18.112245570000002
2026-10-02 20:02:48,1536.891,0,single_642,642,0,200,1520.243,18.217331645000005
2026-10-02 20:02:50,1538.99,0,single_642,642,0,200,1522.335,18.176806255
2026-10-02 20:02:52,1541.09,0,single_642,642,0,200,1524.445,18.211043355
2026-10-02 20:02:54,1543.189,0,single_642,642,0,200,1526.545,18.204475295
2026-10-02 20:02:57,1545.289,0,single_642,642,0,200,1528.639,18.127896935
2026-10-02 20:02:59,1547.389,0,single_642,642,0,200,1530.74,18.103860965
2026-10-02 20:03:01,1549.489,0,single_642,642,0,200,1532.834,18.260092755000002
2026-10-02 20:03:03,1551.587,0,single_642,642,0,200,1534.942,18.075633344999996
2026-10-02 20:03:05,1553.689,0,single_642,642,0,200,1537.03,18.206850625
2026-10-02 20:03:07,1555.787,0,single_642,642,0,200,1539.135,18.07716983
2026-10-02 20:03:09,1557.887,0,single_642,642,0,200,1541.238,18.043632335
2026-10-02 20:03:11,1559.987,0,single_642,642,0,200,1543.343,18.173033370000002
2026-10-02 20:03:13,1562.089,0,single_642,642,0,200,1545.436,18.298801115000003
2026-10-02 20:03:15,1564.188,0,single_642,642,0,200,1547.54,18.201261585000005
2026-10-02 20:03:18,1566.286,0,single_642,642,0,200,1549.645,18.08122323
2026-10-02 20:03:20,1568.385,0,single_642,642,0,200,1551.736,18.07130128
2026-10-02 20:03:22,1570.488,0,single_642,642,0,200,1553.843,18.091144505
2026-10-02 20:03:24,1572.586,0,single_642,642,0,200,1555.944,18.156963215
2026-10-02 20:03:26,1574.685,0,single_642,642,0,200,1558.038,18.195392095
2026-10-02 20:03:28,1576.785,0,single_642,642,0,200,1560.128,18.176387065
2026-10-02 20:03:30,1578.886,0,single_642,642,0,200,1562.238,18.260232539999997
2026-10-02 20:03:32,1580.986,0,single_642,642,0,200,1564.329,18.122167415
2026-10-02 20:03:34,1583.085,0,single_642,642,0,200,1566.441,18.12635996
2026-10-02 20:03:36,1585.185,0,single_642,642,0,200,1568.535,17.94106178
2026-10-02 20:03:39,1587.285,0,single_642,642,0,200,1570.639,18.171077230000005
2026-10-02 20:03:41,1589.385,0,single_642,642,0,200,1572.73,18.10078667
2026-10-02 20:03:43,1591.487,0,single_642,642,0,200,1574.835,18.138656659999995
2026-10-02 20:03:45,1593.584,0,single_642,642,0,200,1576.939,18.07744959
2026-10-02 20:03:47,1595.684,0,single_642,642,0,200,1579.043,18.021832595000003
2026-10-02 20:03:49,1597.784,0,single_642,642,0,200,1581.134,18.179461165
2026-10-02 20:03:51,1599.884,0,single_642,642,0,200,1583.239,18.028679685
2026-10-02 20:03:53,1601.985,0,single_642,642,0,200,1585.33,18.104419955
2026-10-02 20:03:55,1604.083,0,single_642,642,0,200,1587.438,18.035806620000002
2026-10-02 20:03:57,1606.184,0,single_642,642,0,200,1589.539,17.977394354999998
2026-10-02 20:04:00,1608.283,0,single_642,642,0,200,1591.641,18.158360955000003
2026-10-02 20:04:02,1610.383,0,single_642,642,0,200,1593.732,18.142709224999997
2026-10-02 20:04:04,1612.483,0,single_642,642,0,200,1595.828,18.119512775
2026-10-02 20:04:06,1614.585,0,single_642,642,0,200,1597.932,18.167164185
2026-10-02 20:04:08,1616.683,0,single_642,642,0,200,1600.037,18.17540824
2026-10-02 20:04:10,1618.783,0,single_642,642,0,200,1602.14,18.022531084999997
2026-10-02 20:04:12,1620.884,0,single_642,642,0,200,1604.24,18.12663917
2026-10-02 20:04:14,1622.983,0,single_642,642,0,200,1606.334,18.152630895
2026-10-02 20:04:16,1625.085,0,single_642,642,0,200,1608.44,18.135582380000006
2026-10-02 20:04:18,1627.184,0,single_642,642,0,200,1610.536,18.17624773
2026-10-02 20:04:21,1629.282,0,single_642,642,0,200,1612.63,18.097013590000003
2026-10-02 20:04:23,1631.384,0,single_642,642,0,200,1614.729,18.230327605000003
2026-10-02 20:04:25,1633.485,0,single_642,642,0,200,1616.831,18.203217995000003
2026-10-02 20:04:27,1635.584,0,single_642,642,0,200,1618.936,18.102183940000003
2026-10-02 20:04:29,1637.684,0,single_642,642,0,200,1621.028,18.081641944999998
2026-10-02 20:04:31,1639.782,0,single_642,642,0,200,1623.131,18.07144098
2026-10-02 20:04:33,1641.883,0,single_642,642,0,200,1625.232,18.204475475
2026-10-02 20:04:35,1643.982,0,single_642,642,0,200,1627.335,18.089048465
2026-10-02 20:04:37,1646.082,0,single_642,642,0,200,1629.427,18.0645938
2026-10-02 20:04:39,1648.181,0,single_642,642,0,200,1631.529,18.06654986
2026-10-02 20:04:42,1650.283,0,single_642,642,0,200,1633.633,18.20573313
2026-10-02 20:04:44,1652.383,0,single_642,642,0,200,1635.738,18.196230665
2026-10-02 20:04:46,1654.481,0,single_642,642,0,200,1637.83,18.1664654
2026-10-02 20:04:48,1656.581,0,single_642,642,0,200,1639.939,18.130272434999995
2026-10-02 20:04:50,1658.681,0,single_642,642,0,200,1642.032,18.06557206
2026-10-02 20:04:52,1660.78,0,single_642,642,0,200,1644.126,18.056628479999997
2026-10-02 20:04:54,1662.884,0,single_642,642,0,200,1646.225,18.131111195
2026-10-02 20:04:56,1664.981,0,single_642,642,0,200,1648.333,18.1597583
2026-10-02 20:04:58,1667.08,0,single_642,642,0,200,1650.429,18.138517070000002
2026-10-02 20:05:00,1669.18,0,single_642,642,0,200,1652.525,18.244581855
2026-10-02 20:05:03,1671.283,0,single_642,642,0,200,1654.626,18.216353554999994
2026-10-02 20:05:05,1673.38,0,single_642,642,0,200,1656.733,18.196230840000002
2026-10-02 20:05:07,1675.479,0,single_642,642,0,200,1658.825,18.092262565
2026-10-02 20:05:09,1677.58,0,single_642,642,0,200,1660.929,18.09757305
2026-10-02 20:05:11,1679.679,0,single_642,642,0,200,1663.032,18.038042449999995
2026-10-02 20:05:13,1681.779,0,single_642,642,0,200,1665.136,18.129573569999998
2026-10-02 20:05:15,1683.883,0,single_642,642,0,200,1667.227,18.17708603
2026-10-02 20:05:17,1685.98,0,single_642,642,0,200,1669.331,18.033710395000004
2026-10-02 20:05:19,1688.082,0,single_642,642,0,200,1671.436,18.15123372
2026-10-02 20:05:21,1690.181,0,single_642,642,0,200,1673.54,18.243183945
2026-10-02 20:05:24,1692.278,0,single_642,642,0,200,1675.632,18.084856405000004
2026-10-02 20:05:26,1694.381,0,single_642,642,0,200,1677.735,18.226973989999998
2026-10-02 20:05:28,1696.481,0,single_642,642,0,200,1679.825,18.079546184999998
2026-10-02 20:05:30,1698.578,0,single_642,642,0,200,1681.926,18.18728763
2026-10-02 20:05:32,1700.677,0,single_642,642,0,200,1684.032,18.037064284999996
2026-10-02 20:05:34,1702.78,0,single_642,642,0,200,1686.133,18.226694314999996
2026-10-02 20:05:36,1704.882,0,single_642,642,0,200,1688.237,18.10050756
2026-10-02 20:05:38,1706.981,0,single_642,642,0,200,1690.327,18.190920549999998
2026-10-02 20:05:40,1709.08,0,single_642,642,0,200,1692.438,18.142709225
2026-10-02 20:05:42,1711.177,0,single_642,642,0,200,1694.53,18.01247001
2026-10-02 20:05:45,1713.277,0,single_642,642,0,200,1696.623,18.0912841
2026-10-02 20:05:47,1715.378,0,single_642,642,0,200,1698.732,18.062217914999998
2026-10-02 20:05:49,1717.48,0,single_642,642,0,200,1700.835,18.121188975
2026-10-02 20:05:51,1719.579,0,single_642,642,0,200,1702.926,18.207410065
2026-10-02 20:05:53,1721.676,0,single_642,642,0,200,1705.027,18.109031859999998
2026-10-02 20:05:55,1723.777,0,single_642,642,0,200,1707.129,18.122307134999996
2026-10-02 20:05:57,1725.881,0,single_642,642,0,200,1709.221,18.101345744999996
2026-10-02 20:05:59,1727.981,0,single_642,642,0,200,1711.339,18.006880024999997
2026-10-02 20:06:01,1730.076,0,single_642,642,0,200,1713.427,18.083738345
2026-10-02 20:06:03,1732.176,0,single_642,642,0,200,1715.534,18.085415005
2026-10-02 20:06:06,1734.276,0,single_642,642,0,200,1717.623,18.12621997
2026-10-02 20:06:08,1736.376,0,single_642,642,0,200,1719.727,18.009255725
2026-10-02 20:06:10,1738.476,0,single_642,642,0,200,1721.833,18.086393260000005
2026-10-02 20:06:12,1740.576,0,single_642,642,0,200,1723.922,18.135443245
2026-10-02 20:06:14,1742.676,0,single_642,642,0,200,1726.031,18.107773555
2026-10-02 20:06:16,1744.776,0,single_642,642,0,200,1728.13,18.03496844
2026-10-02 20:06:18,1746.876,0,single_642,642,0,200,1730.233,18.033431100000005
2026-10-02 20:06:20,1748.976,0,single_642,642,0,200,1732.32,18.07158097
2026-10-02 20:06:22,1751.076,0,single_642,642,0,200,1734.429,18.114341715
2026-10-02 20:06:24,1753.175,0,single_642,642,0,200,1736.523,18.117556165
2026-10-02 20:06:27,1755.275,0,single_642,642,0,200,1738.621,18.1517926
2026-10-02 20:06:29,1757.377,0,single_642,642,0,200,1740.731,18.095756320000003
2026-10-02 20:06:31,1759.477,0,single_642,642,0,200,1742.835,18.315151150000005
2026-10-02 20:06:33,1761.576,0,single_642,642,0,200,1744.933,18.067527935000005
2026-10-02 20:06:35,1763.677,0,single_642,642,0,200,1747.031,18.237594330000004
2026-10-02 20:06:37,1765.776,0,single_642,642,0,200,1749.128,18.183374415
2026-10-02 20:06:39,1767.878,0,single_642,642,0,200,1751.22,18.057047290000003
2026-10-02 20:06:41,1769.977,0,single_642,642,0,200,1753.335,18.05439254
2026-10-02 20:06:43,1772.077,0,single_642,642,0,200,1755.423,18.177505309999997
2026-10-02 20:06:45,1774.176,0,single_642,642,0,200,1757.529,17.981307585000003
2026-10-02 20:06:48,1776.274,0,single_642,642,0,200,1759.622,17.98186618
2026-10-02 20:06:50,1778.374,0,single_642,642,0,200,1761.73,18.00785875
2026-10-02 20:06:52,1780.473,0,single_642,642,0,200,1763.832,18.041116464999998
2026-10-02 20:06:54,1782.574,0,single_642,642,0,200,1765.926,18.039719480000002
2026-10-02 20:06:56,1784.673,0,single_642,642,0,200,1768.031,18.051178179999997
2026-10-02 20:06:58,1786.775,0,single_642,642,0,200,1770.131,18.123843985
2026-10-02 20:07:00,1788.874,0,single_642,642,0,200,1772.221,18.114481585
2026-10-02 20:07:02,1790.974,0,single_642,642,0,200,1774.326,18.084436655
2026-10-02 20:07:04,1793.073,0,single_642,642,0,200,1776.432,18.00841773
2026-10-02 20:07:06,1795.172,0,single_642,642,0,200,1778.522,18.110289514999998
2026-10-02 20:07:09,1797.272,0,single_642,642,0,200,1780.625,18.202798074999997
2026-10-02 20:07:11,1799.373,0,single_642,642,0,200,1782.717,18.073118190000002
2026-10-02 20:07:13,1801.472,0,single_642,642,0,200,1784.825,18.071999775
2026-10-02 20:07:15,1803.572,0,single_642,642,0,200,1786.919,18.013587595
2026-10-02 20:07:17,1805.673,0,single_642,642,0,200,1789.026,18.03454924
2026-10-02 20:07:19,1807.773,0,single_642,642,0,200,1791.13,18.148438820000003
2026-10-02 20:07:21,1809.872,0,single_642,642,0,200,1793.228,18.136001744999998
2026-10-02 20:07:23,1811.973,0,single_642,642,0,200,1795.326,18.072978035000002
2026-10-02 20:07:25,1814.071,0,single_642,642,0,200,1797.43,18.12971355
2026-10-02 20:07:27,1816.172,0,single_642,642,0,200,1799.519,18.114341599999996
2026-10-02 20:07:30,1818.271,0,single_642,642,0,200,1801.624,18.13809788
2026-10-02 20:07:32,1820.371,0,single_642,642,0,200,1803.715,18.12384407
2026-10-02 20:07:34,1822.471,0,single_642,642,0,200,1805.816,18.210484094999998
2026-10-02 20:07:36,1824.571,0,single_642,642,0,200,1807.92,18.219847234999996
2026-10-02 20:07:38,1826.673,0,single_642,642,0,200,1810.024,18.21635328
2026-10-02 20:07:40,1828.773,0,single_642,642,0,200,1812.13,18.087091675
2026-10-02 20:07:42,1830.875,0,single_642,642,0,200,1814.218,18.176666559999997
2026-10-02 20:07:44,1832.974,0,single_642,642,0,200,1816.319,18.254782629999998
2026-10-02 20:07:46,1835.073,0,single_642,642,0,200,1818.424,18.18155796
2026-10-02 20:07:48,1837.175,0,single_642,642,0,200,1820.531,18.300618245
2026-10-02 20:07:51,1839.273,0,single_642,642,0,200,1822.62,18.05704739
2026-10-02 20:07:53,1841.37,0,single_642,642,0,200,1824.722,18.158360660000003
2026-10-02 20:07:55,1843.472,0,single_642,642,0,200,1826.825,18.05592961
2026-10-02 20:07:57,1845.573,0,single_642,642,0,200,1828.918,18.127198125
2026-10-02 20:07:59,1847.672,0,single_642,642,0,200,1831.023,18.158220509999996
2026-10-02 20:08:01,1849.773,0,single_642,642,0,200,1833.13,18.071859984999996
2026-10-02 20:08:03,1851.874,0,single_642,642,0,200,1835.225,18.159059335
2026-10-02 20:08:05,1853.972,0,single_642,642,0,200,1837.321,18.227952064999997
2026-10-02 20:08:07,1856.069,0,single_642,642,0,200,1839.425,18.060262039999998
2026-10-02 20:08:09,1858.171,0,single_642,642,0,200,1841.521,18.27462539
2026-10-02 20:08:12,1860.269,0,single_642,642,0,200,1843.615,18.048802865
2026-10-02 20:08:14,1862.372,0,single_642,642,0,200,1845.717,18.173312770000003
2026-10-02 20:08:16,1864.471,0,single_642,642,0,200,1847.819,18.254642745
2026-10-02 20:08:18,1866.57,0,single_642,642,0,200,1849.923,18.112804735
2026-10-02 20:08:20,1868.671,0,single_642,642,0,200,1852.014,18.10861221
2026-10-02 20:08:22,1870.77,0,single_642,642,0,200,1854.117,18.137818184999997
2026-10-02 20:08:24,1872.869,0,single_642,642,0,200,1856.221,18.120490015
2026-10-02 20:08:26,1874.969,0,single_642,642,0,200,1858.327,18.09240216
2026-10-02 20:08:28,1877.068,0,single_642,642,0,200,1860.417,18.15822078
2026-10-02 20:08:30,1879.17,0,single_642,642,0,200,1862.522,18.070322739999998
2026-10-02 20:08:33,1881.267,0,single_642,642,0,200,1864.623,17.95475623
2026-10-02 20:08:35,1883.37,0,single_642,642,0,200,1866.712,18.041815135000004
2026-10-02 20:08:37,1885.47,0,single_642,642,0,200,1868.828,18.186448605
2026-10-02 20:08:39,1887.569,0,single_642,642,0,200,1870.916,18.042933765
2026-10-02 20:08:41,1889.667,0,single_642,642,0,200,1873.019,18.05620883
2026-10-02 20:08:43,1891.768,0,single_642,642,0,200,1875.124,18.029378435
2026-10-02 20:08:45,1893.868,0,single_642,642,0,200,1877.219,18.111407669999995
2026-10-02 20:08:47,1895.971,0,single_642,642,0,200,1879.324,18.02784148
2026-10-02 20:08:49,1898.069,0,single_642,642,0,200,1881.424,18.057047665000002
2026-10-02 20:08:51,1900.169,0,single_642,642,0,200,1883.52,18.100926660000002
2026-10-02 20:08:54,1902.269,0,single_642,642,0,200,1885.62,18.112944439999996
2026-10-02 20:08:56,1904.368,0,single_642,642,0,200,1887.72,18.2388519
2026-10-02 20:08:58,1906.466,0,single_642,642,0,200,1889.818,18.088349410000003
2026-10-02 20:09:00,1908.567,0,single_642,642,0,200,1891.914,18.072139930000002
2026-10-02 20:09:02,1910.666,0,single_642,642,0,200,1894.016,18.09505746
2026-10-02 20:09:04,1912.768,0,single_642,642,0,200,1896.12,18.126359865
2026-10-02 20:09:06,1914.869,0,single_642,642,0,200,1898.226,18.071860360000002
2026-10-02 20:09:08,1916.966,0,single_642,642,0,200,1900.312,18.11098764
2026-10-02 20:09:10,1919.065,0,single_642,642,0,200,1902.415,18.113223655
2026-10-02 20:09:12,1921.166,0,single_642,642,0,200,1904.516,18.236616065
2026-10-02 20:09:15,1923.266,0,single_642,642,0,200,1906.621,18.092402535
2026-10-02 20:09:17,1925.365,0,single_642,642,0,200,1908.711,18.0964551
2026-10-02 20:09:19,1927.465,0,single_642,642,0,200,1910.814,18.158081075000002
2026-10-02 20:09:21,1929.565,0,single_642,642,0,200,1912.918,18.164648860000003
2026-10-02 20:09:23,1931.665,0,single_642,642,0,200,1915.021,18.124263645
2026-10-02 20:09:25,1933.765,0,single_642,642,0,200,1917.109,18.10274347
2026-10-02 20:09:27,1935.866,0,single_642,642,0,200,1919.214,18.083458764999996
2026-10-02 20:09:29,1937.965,0,single_642,642,0,200,1921.315,18.221104705000005
2026-10-02 20:09:31,1940.067,0,single_642,642,0,200,1923.423,18.164229205
2026-10-02 20:09:33,1942.164,0,single_642,642,0,200,1925.513,18.12566108
2026-10-02 20:09:36,1944.267,0,single_642,642,0,200,1927.614,18.126639075
2026-10-02 20:09:38,1946.366,0,single_642,642,0,200,1929.717,18.151233910000002
2026-10-02 20:09:40,1948.464,0,single_642,642,0,200,1931.81,18.088070115
2026-10-02 20:09:42,1950.566,0,single_642,642,0,200,1933.915,18.074515455000004
2026-10-02 20:09:44,1952.666,0,single_642,642,0,200,1936.024,18.126918279999998
2026-10-02 20:09:46,1954.764,0,single_642,642,0,200,1938.121,18.0680871
2026-10-02 20:09:48,1956.864,0,single_642,642,0,200,1940.21,18.027841305000003
2026-10-02 20:09:50,1958.964,0,single_642,642,0,200,1942.318,18.120770054999998
2026-10-02 20:09:52,1961.064,0,single_642,642,0,200,1944.422,18.123285009999996
2026-10-02 20:09:54,1963.165,0,single_642,642,0,200,1946.515,18.150115295000003
2026-10-02 20:09:57,1965.265,0,single_642,642,0,200,1948.619,18.019177575000004
2026-10-02 20:09:59,1967.365,0,single_642,642,0,200,1950.711,18.008556589999998
2026-10-02 20:10:01,1969.465,0,single_642,642,0,200,1952.81,18.111127615000008
2026-10-02 20:10:03,1971.564,0,single_642,642,0,200,1954.914,18.056907875000004
2026-10-02 20:10:05,1973.665,0,single_642,642,0,200,1957.016,18.008277575
2026-10-02 20:10:07,1975.764,0,single_642,642,0,200,1959.122,18.109311174999995
2026-10-02 20:10:09,1977.866,0,single_642,642,0,200,1961.21,18.08192209
2026-10-02 20:10:11,1979.965,0,single_642,642,0,200,1963.317,18.042234519999997
2026-10-02 20:10:13,1982.062,0,single_642,642,0,200,1965.422,18.10106636
2026-10-02 20:10:15,1984.164,0,single_642,642,0,200,1967.512,18.298241954999998
2026-10-02 20:10:18,1986.262,0,single_642,642,0,200,1969.614,18.010793345
2026-10-02 20:10:20,1988.364,0,single_642,642,0,200,1971.708,18.13250798
2026-10-02 20:10:22,1990.464,0,single_642,642,0,200,1973.813,18.084436935
2026-10-02 20:10:24,1992.563,0,single_642,642,0,200,1975.918,18.054392179999997
2026-10-02 20:10:26,1994.664,0,single_642,642,0,200,1978.021,18.036086390000005
2026-10-02 20:10:28,1996.763,0,single_642,642,0,200,1980.11,18.191199935
2026-10-02 20:10:30,1998.865,0,single_642,642,0,200,1982.218,18.043073655
2026-10-02 20:10:32,2000.964,0,single_642,642,0,200,1984.319,18.198746255000003
2026-10-02 20:10:34,2003.061,0,single_642,642,0,200,1986.416,18.04349246
2026-10-02 20:10:36,2005.163,0,single_642,642,0,200,1988.51,18.070882000000005
2026-10-02 20:10:39,2007.261,0,single_642,642,0,200,1990.611,18.303133364999997
2026-10-02 20:10:41,2009.36,0,single_642,642,0,200,1992.715,18.096175314999996
2026-10-02 20:10:43,2011.463,0,single_642,642,0,200,1994.805,18.211042795
2026-10-02 20:10:45,2013.562,0,single_642,642,0,200,1996.911,18.07004351
2026-10-02 20:10:47,2015.663,0,single_642,642,0,200,1999.013,18.066830090000003
2026-10-02 20:10:49,2017.761,0,single_642,642,0,200,2001.119,18.07479504
2026-10-02 20:10:51,2019.86,0,single_642,642,0,200,2003.208,17.993324615000002
2026-10-02 20:10:53,2021.961,0,single_642,642,0,200,2005.315,18.051318539999997
2026-10-02 20:10:55,2024.059,0,single_642,642,0,200,2007.416,18.047125915000002
2026-10-02 20:10:57,2026.159,0,single_642,642,0,200,2009.508,18.168141885
2026-10-02 20:11:00,2028.26,0,single_642,642,0,200,2011.612,18.041256809999997
2026-10-02 20:11:02,2030.361,0,single_642,642,0,200,2013.717,17.989412315000003
2026-10-02 20:11:04,2032.462,0,single_642,642,0,200,2015.806,18.091703295000002
2026-10-02 20:11:06,2034.561,0,single_642,642,0,200,2017.909,17.98801478
2026-10-02 20:11:08,2036.659,0,single_642,642,0,200,2020.013,18.161854055
2026-10-02 20:11:10,2038.759,0,single_642,642,0,200,2022.105,18.07772965
2026-10-02 20:11:12,2040.863,0,single_642,642,0,200,2024.21,18.01582323
2026-10-02 20:11:14,2042.963,0,single_642,642,0,200,2026.321,17.998914600000006
2026-10-02 20:11:16,2045.059,0,single_642,642,0,200,2028.419,18.118114960000003
2026-10-02 20:11:18,2047.158,0,single_642,642,0,200,2030.509,18.016103179999998
2026-10-02 20:11:21,2049.258,0,single_642,642,0,200,2032.605,18.059423285
2026-10-02 20:11:23,2051.359,0,single_642,642,0,200,2034.716,18.092821540000003
2026-10-02 20:11:25,2053.458,0,single_642,642,0,200,2036.811,18.139914785
2026-10-02 20:11:27,2055.558,0,single_642,642,0,200,2038.913,18.141312255000003
2026-10-02 20:11:29,2057.658,0,single_642,642,0,200,2041.004,18.05439238
2026-10-02 20:11:31,2059.758,0,single_642,642,0,200,2043.105,18.119931605
2026-10-02 20:11:33,2061.858,0,single_642,642,0,200,2045.207,18.044330914999996
2026-10-02 20:11:35,2063.958,0,single_642,642,0,200,2047.31,18.141312154999998
2026-10-02 20:11:37,2066.059,0,single_642,642,0,200,2049.402,18.235777130000002
2026-10-02 20:11:39,2068.158,0,single_642,642,0,200,2051.509,18.15402889
2026-10-02 20:11:42,2070.257,0,single_642,642,0,200,2053.614,18.140473595000003
2026-10-02 20:11:44,2072.357,0,single_642,642,0,200,2055.702,18.03916097
2026-10-02 20:11:46,2074.457,0,single_642,642,0,200,2057.807,18.13194901
2026-10-02 20:11:48,2076.557,0,single_642,642,0,200,2059.91,18.10791334
2026-10-02 20:11:50,2078.656,0,single_642,642,0,200,2062.002,18.081642215000002
2026-10-02 20:11:52,2080.756,0,single_642,642,0,200,2064.112,18.077030775000004
2026-10-02 20:11:54,2082.859,0,single_642,642,0,200,2066.208,17.9989147
2026-10-02 20:11:56,2084.957,0,single_642,642,0,200,2068.307,18.097991780000005
2026-10-02 20:11:58,2087.056,0,single_642,642,0,200,2070.405,18.045029600000003
2026-10-02 20:12:00,2089.156,0,single_642,642,0,200,2072.504,18.025326445000008
2026-10-02 20:12:03,2091.256,0,single_642,642,0,200,2074.61,18.1481596
2026-10-02 20:12:05,2093.356,0,single_642,642,0,200,2076.713,18.0882099
2026-10-02 20:12:07,2095.455,0,single_642,642,0,200,2078.8,18.102882995
2026-10-02 20:12:09,2097.557,0,single_642,642,0,200,2080.904,18.11629803
2026-10-02 20:12:11,2099.655,0,single_642,642,0,200,2083.007,18.104559645000002
2026-10-02 20:12:13,2101.755,0,single_642,642,0,200,2085.101,18.175129674999997
2026-10-02 20:12:15,2103.855,0,single_642,642,0,200,2087.204,18.132648150000005
2026-10-02 20:12:17,2105.956,0,single_642,642,0,200,2089.31,18.127756840000004
2026-10-02 20:12:19,2108.055,0,single_642,642,0,200,2091.413,18.114621189999994
2026-10-02 20:12:21,2110.155,0,single_642,642,0,200,2093.503,18.22907002
2026-10-02 20:12:24,2112.257,0,single_642,642,0,200,2095.611,18.006740145000002
2026-10-02 20:12:26,2114.356,0,single_642,642,0,200,2097.714,17.978652105
2026-10-02 20:12:28,2116.454,0,single_642,642,0,200,2099.803,18.125381599999997
2026-10-02 20:12:30,2118.554,0,single_642,642,0,200,2101.91,18.150115845
2026-10-02 20:12:32,2120.654,0,single_642,642,0,200,2104.003,18.09924934
2026-10-02 20:12:34,2122.754,0,single_642,642,0,200,2106.107,18.058864304999997
2026-10-02 20:12:36,2124.854,0,single_642,642,0,200,2108.201,18.11545975
2026-10-02 20:12:38,2126.954,0,single_642,642,0,200,2110.3,18.150813965
2026-10-02 20:12:40,2129.056,0,single_642,642,0,200,2112.41,18.129154675000002
2026-10-02 20:12:42,2131.156,0,single_642,642,0,200,2114.506,17.994024145
2026-10-02 20:12:45,2133.253,0,single_642,642,0,200,2116.611,18.21705196
2026-10-02 20:12:47,2135.353,0,single_642,642,0,200,2118.702,18.155985045
2026-10-02 20:12:49,2137.455,0,single_642,642,0,200,2120.809,17.962022595000004
2026-10-02 20:12:51,2139.555,0,single_642,642,0,200,2122.911,18.1382373
2026-10-02 20:12:53,2141.653,0,single_642,642,0,200,2124.999,18.142569709999997
2026-10-02 20:12:55,2143.753,0,single_642,642,0,200,2127.101,18.13125071
2026-10-02 20:12:57,2145.854,0,single_642,642,0,200,2129.205,18.14312832
2026-10-02 20:12:59,2147.953,0,single_642,642,0,200,2131.298,18.027422299999998
2026-10-02 20:13:01,2150.053,0,single_642,642,0,200,2133.403,18.131390104999998
2026-10-02 20:13:03,2152.153,0,single_642,642,0,200,2135.506,18.125800684999998
2026-10-02 20:13:06,2154.252,0,single_642,642,0,200,2137.61,18.090305955000005
2026-10-02 20:13:08,2156.352,0,single_642,642,0,200,2139.697,18.12915431
2026-10-02 20:13:10,2158.452,0,single_642,642,0,200,2141.801,18.139914335
2026-10-02 20:13:12,2160.552,0,single_642,642,0,200,2143.908,18.109311265
2026-10-02 20:13:14,2162.651,0,single_642,642,0,200,2145.999,18.108752090000003
2026-10-02 20:13:16,2164.753,0,single_642,642,0,200,2148.11,18.12356497
2026-10-02 20:13:18,2166.855,0,single_642,642,0,200,2150.199,18.149416795
2026-10-02 20:13:20,2168.949,0,single_642,642,0,200,2152.302,18.185470624999997
2026-10-02 20:13:22,2171.05,0,single_642,642,0,200,2154.404,17.944275215
2026-10-02 20:13:24,2173.15,0,single_642,642,0,200,2156.506,18.082061315
2026-10-02 20:13:27,2175.253,0,single_642,642,0,200,2158.605,17.93421432
2026-10-02 20:13:29,2177.349,0,single_642,642,0,200,2160.704,18.14298881
2026-10-02 20:13:31,2179.449,0,single_642,642,0,200,2162.803,18.036506145
2026-10-02 20:13:33,2181.55,0,single_642,642,0,200,2164.905,18.176806255000002
2026-10-02 20:13:35,2183.652,0,single_642,642,0,200,2167.004,18.046427339999997
2026-10-02 20:13:37,2185.752,0,single_642,642,0,200,2169.105,18.129014785
2026-10-02 20:13:39,2187.851,0,single_642,642,0,200,2171.206,18.23424073
2026-10-02 20:13:41,2189.949,0,single_642,642,0,200,2173.306,18.126360045000002
2026-10-02 20:13:43,2192.05,0,single_642,642,0,200,2175.406,18.00506376
2026-10-02 20:13:45,2194.151,0,single_642,642,0,200,2177.506,18.01903761
2026-10-02 20:13:48,2196.252,0,single_642,642,0,200,2179.608,18.033012095000004
2026-10-02 20:13:50,2198.351,0,single_642,642,0,200,2181.695,17.952380795
2026-10-02 20:13:52,2200.449,0,single_642,642,0,200,2183.797,18.032732235
2026-10-02 20:13:54,2202.551,0,single_642,642,0,200,2185.899,18.183513830000003
2026-10-02 20:13:56,2204.651,0,single_642,642,0,200,2188.0,18.134045314999998
2026-10-02 20:13:58,2206.75,0,single_642,642,0,200,2190.101,18.064733495000002
2026-10-02 20:14:00,2208.851,0,single_642,642,0,200,2192.203,17.996818765
2026-10-02 20:14:02,2210.952,0,single_642,642,0,200,2194.305,18.043212869999998
2026-10-02 20:14:04,2213.049,0,single_642,642,0,200,2196.405,17.990529815000002
2026-10-02 20:14:06,2215.148,0,single_642,642,0,200,2198.492,18.007439469999998
2026-10-02 20:14:09,2217.251,0,single_642,642,0,200,2200.606,17.99961328
2026-10-02 20:14:11,2219.351,0,single_642,642,0,200,2202.709,17.947908579999996
2026-10-02 20:14:13,2221.45,0,single_642,642,0,200,2204.796,18.040837900000003
2026-10-02 20:14:15,2223.55,0,single_642,642,0,200,2206.896,18.062916685000005
2026-10-02 20:14:17,2225.648,0,single_642,642,0,200,2208.999,18.08793051
2026-10-02 20:14:19,2227.742,0,single_642,642,0,200,2211.101,18.08876862
2026-10-02 20:14:21,2229.847,0,single_642,642,0,200,2213.189,18.210484460000004
2026-10-02 20:14:23,2231.95,0,single_642,642,0,200,2215.305,17.954756140000004
2026-10-02 20:14:25,2234.049,0,single_642,642,0,200,2217.394,18.04978066
2026-10-02 20:14:27,2236.146,0,single_642,642,0,200,2219.496,18.167863225
2026-10-02 20:14:30,2238.247,0,single_642,642,0,200,2221.596,18.073536819999998
2026-10-02 20:14:32,2240.346,0,single_642,642,0,200,2223.697,18.066270554999996
2026-10-02 20:14:34,2242.448,0,single_642,642,0,200,2225.798,17.948468020000004
2026-10-02 20:14:36,2244.547,0,single_642,642,0,200,2227.902,18.127896825
2026-10-02 20:14:38,2246.647,0,single_642,642,0,200,2229.991,18.104560125000003
2026-10-02 20:14:40,2248.749,0,single_642,642,0,200,2232.098,17.920659495000002
2026-10-02 20:14:42,2250.847,0,single_642,642,0,200,2234.202,18.07395611
2026-10-02 20:14:44,2252.949,0,single_642,642,0,200,2236.304,18.01931699
2026-10-02 20:14:46,2255.046,0,single_642,642,0,200,2238.394,18.044470625000002
2026-10-02 20:14:48,2257.149,0,single_642,642,0,200,2240.5,18.01973657
2026-10-02 20:14:51,2259.248,0,single_642,642,0,200,2242.601,18.074375755000002
2026-10-02 20:14:53,2261.346,0,single_642,642,0,200,2244.695,18.065711385
2026-10-02 20:14:55,2263.446,0,single_642,642,0,200,2246.792,18.101625699999996
2026-10-02 20:14:57,2265.548,0,single_642,642,0,200,2248.9,17.913532535
2026-10-02 20:14:59,2267.648,0,single_642,642,0,200,2251.002,18.032732225
2026-10-02 20:15:01,2269.746,0,single_642,642,0,200,2253.092,18.161854335000005
2026-10-02 20:15:03,2271.846,0,single_642,642,0,200,2255.195,18.09016643
2026-10-02 20:15:05,2273.948,0,single_642,642,0,200,2257.294,18.039719475000002
2026-10-02 20:15:07,2276.046,0,single_642,642,0,200,2259.395,18.104000865
2026-10-02 20:15:09,2278.147,0,single_642,642,0,200,2261.499,18.02155328
2026-10-02 20:15:12,2280.245,0,single_642,642,0,200,2263.601,18.144386254999997
2026-10-02 20:15:14,2282.347,0,single_642,642,0,200,2265.702,18.055090954999997
2026-10-02 20:15:16,2284.447,0,single_642,642,0,200,2267.805,18.031893764999996
2026-10-02 20:15:18,2286.545,0,single_642,642,0,200,2269.895,18.147740325
2026-10-02 20:15:20,2288.644,0,single_642,642,0,200,2272.0,18.107913705
2026-10-02 20:15:22,2290.746,0,single_642,642,0,200,2274.092,17.96244261
2026-10-02 20:15:24,2292.848,0,single_642,642,0,200,2276.2,17.943856119999996
2026-10-02 20:15:26,2294.95,0,single_642,642,0,200,2278.306,18.035806535
2026-10-02 20:15:28,2297.046,0,single_642,642,0,200,2280.406,18.0768908
2026-10-02 20:15:30,2299.146,0,single_642,642,0,200,2282.496,18.098131094999996
2026-10-02 20:15:33,2301.246,0,single_642,642,0,200,2284.602,17.965237045
2026-10-02 20:15:35,2303.345,0,single_642,642,0,200,2286.699,17.991089160000005
2026-10-02 20:15:37,2305.446,0,single_642,642,0,200,2288.795,18.142569535
2026-10-02 20:15:39,2307.546,0,single_642,642,0,200,2290.904,17.931698719999993
2026-10-02 20:15:41,2309.646,0,single_642,642,0,200,2293.0,18.01163107
2026-10-02 20:15:43,2311.745,0,single_642,642,0,200,2295.093,17.982564489999998
2026-10-02 20:15:45,2313.843,0,single_642,642,0,200,2297.195,18.143966889999994
2026-10-02 20:15:47,2315.947,0,single_642,642,0,200,2299.294,17.975717405
2026-10-02 20:15:49,2318.045,0,single_642,642,0,200,2301.399,17.95978733
2026-10-02 20:15:51,2320.145,0,single_642,642,0,200,2303.489,18.063615165
2026-10-02 20:15:54,2322.242,0,single_642,642,0,200,2305.596,18.158639970000003
2026-10-02 20:15:56,2324.344,0,single_642,642,0,200,2307.689,17.977953619999997
2026-10-02 20:15:58,2326.442,0,single_642,642,0,200,2309.8,18.124123855
2026-10-02 20:16:00,2328.544,0,single_642,642,0,200,2311.892,18.037343855000003
2026-10-02 20:16:02,2330.645,0,single_642,642,0,200,2313.996,18.066829355
2026-10-02 20:16:04,2332.744,0,single_642,642,0,200,2316.089,18.04880248
2026-10-02 20:16:06,2334.842,0,single_642,642,0,200,2318.192,18.119931124999997
2026-10-02 20:16:08,2336.945,0,single_642,642,0,200,2320.292,17.974180265
2026-10-02 20:16:10,2339.044,0,single_642,642,0,200,2322.398,18.156125105
2026-10-02 20:16:12,2341.143,0,single_642,642,0,200,2324.492,17.928484925000003
2026-10-02 20:16:15,2343.244,0,single_642,642,0,200,2326.588,18.044051805000002
2026-10-02 20:16:17,2345.341,0,single_642,642,0,200,2328.696,17.998216495
2026-10-02 20:16:19,2347.443,0,single_642,642,0,200,2330.796,17.987176315000003
2026-10-02 20:16:21,2349.543,0,single_642,642,0,200,2332.893,18.055789275
2026-10-02 20:16:23,2351.642,0,single_642,642,0,200,2335.001,18.08737126
2026-10-02 20:16:25,2353.742,0,single_642,642,0,200,2337.092,17.976137430000005
2026-10-02 20:16:27,2355.845,0,single_642,642,0,200,2339.186,17.885863134999994
2026-10-02 20:16:29,2357.943,0,single_642,642,0,200,2341.293,18.08178202
2026-10-02 20:16:31,2360.043,0,single_642,642,0,200,2343.396,18.027841479999996
2026-10-02 20:16:33,2362.142,0,single_642,642,0,200,2345.488,17.987596245
2026-10-02 20:16:36,2364.24,0,single_642,642,0,200,2347.593,18.13292764
2026-10-02 20:16:38,2366.34,0,single_642,642,0,200,2349.696,17.905008430000002
2026-10-02 20:16:40,2368.442,0,single_642,642,0,200,2351.787,18.032453025
2026-10-02 20:16:42,2370.542,0,single_642,642,0,200,2353.893,18.00156952
2026-10-02 20:16:44,2372.64,0,single_642,642,0,200,2355.986,18.166605750000002
2026-10-02 20:16:46,2374.741,0,single_642,642,0,200,2358.086,18.03217326
2026-10-02 20:16:48,2376.844,0,single_642,642,0,200,2360.192,18.045448965000006
2026-10-02 20:16:50,2378.942,0,single_642,642,0,200,2362.299,17.898999515
2026-10-02 20:16:52,2381.042,0,single_642,642,0,200,2364.387,18.05998199
2026-10-02 20:16:54,2383.141,0,single_642,642,0,200,2366.487,17.975438484999998
2026-10-02 20:16:57,2385.241,0,single_642,642,0,200,2368.59,17.939245144999994
2026-10-02 20:16:59,2387.341,0,single_642,642,0,200,2370.695,18.123285375
2026-10-02 20:17:01,2389.441,0,single_642,642,0,200,2372.786,17.969848685000002
2026-10-02 20:17:03,2391.54,0,single_642,642,0,200,2374.894,17.93072019
2026-10-02 20:17:05,2393.641,0,single_642,642,0,200,2376.99,17.97683546
2026-10-02 20:17:07,2395.742,0,single_642,642,0,200,2379.099,18.07870744
2026-10-02 20:17:09,2397.839,0,single_642,642,0,200,2381.193,18.021832505000003
2026-10-02 20:17:11,2399.941,0,single_642,642,0,200,2383.285,18.029658305
2026-10-02 20:17:13,2402.041,0,single_642,642,0,200,2385.391,17.911017134999998
2026-10-02 20:17:15,2404.14,0,single_642,642,0,200,2387.491,17.994303255
2026-10-02 20:17:18,2406.24,0,single_642,642,0,200,2389.592,18.101066160000002
2026-10-02 20:17:20,2408.339,0,single_642,642,0,200,2391.684,17.995840395
2026-10-02 20:17:22,2410.44,0,single_642,642,0,200,2393.79,17.972782815
2026-10-02 20:17:24,2412.538,0,single_642,642,0,200,2395.89,17.932816965
2026-10-02 20:17:26,2414.64,0,single_642,642,0,200,2397.995,17.950005174999998
2026-10-02 20:17:28,2416.737,0,single_642,642,0,200,2400.086,18.164509155
2026-10-02 20:17:30,2418.841,0,single_642,642,0,200,2402.189,18.07283796
2026-10-02 20:17:32,2420.94,0,single_642,642,0,200,2404.295,17.975298580000004
2026-10-02 20:17:34,2423.04,0,single_642,642,0,200,2406.387,17.959367855
2026-10-02 20:17:36,2425.137,0,single_642,642,0,200,2408.491,18.211322465000002
2026-10-02 20:17:39,2427.24,0,single_642,642,0,200,2410.595,18.06990373
2026-10-02 20:17:41,2429.338,0,single_642,642,0,200,2412.684,17.98955202
2026-10-02 20:17:43,2431.439,0,single_642,642,0,200,2414.788,17.933235595000003
2026-10-02 20:17:45,2433.539,0,single_642,642,0,200,2416.897,18.01372739
2026-10-02 20:17:47,2435.639,0,single_642,642,0,200,2418.987,17.98829436
2026-10-02 20:17:49,2437.738,0,single_642,642,0,200,2421.085,18.019456695
2026-10-02 20:17:51,2439.84,0,single_642,642,0,200,2423.183,18.056628475
2026-10-02 20:17:53,2441.939,0,single_642,642,0,200,2425.285,18.053274690000002
2026-10-02 20:17:55,2444.038,0,single_642,642,0,200,2427.384,17.996958635
2026-10-02 20:17:57,2446.138,0,single_642,642,0,200,2429.494,18.080943359999996
2026-10-02 20:17:59,2448.238,0,single_642,642,0,200,2431.585,18.04628736
2026-10-02 20:18:02,2450.337,0,single_642,642,0,200,2433.689,18.082061780000004
2026-10-02 20:18:04,2452.438,0,single_642,642,0,200,2435.793,17.914930079999998
2026-10-02 20:18:06,2454.538,0,single_642,642,0,200,2437.895,17.968450939999997
2026-10-02 20:18:08,2456.635,0,single_642,642,0,200,2439.989,18.044889454999996
2026-10-02 20:18:10,2458.736,0,single_642,642,0,200,2442.083,17.975018920000007
2026-10-02 20:18:12,2460.839,0,single_642,642,0,200,2444.187,17.965516724999997
2026-10-02 20:18:14,2462.935,0,single_642,642,0,200,2446.29,18.021832970000002
2026-10-02 20:18:16,2465.037,0,single_642,642,0,200,2448.384,18.026863415000005
2026-10-02 20:18:18,2467.137,0,single_642,642,0,200,2450.49,18.074095530000005
2026-10-02 20:18:20,2469.236,0,single_642,642,0,200,2452.594,18.01722116
2026-10-02 20:18:23,2471.336,0,single_642,642,0,200,2454.685,18.070323205
2026-10-02 20:18:25,2473.437,0,single_642,642,0,200,2456.793,17.960625415000003
2026-10-02 20:18:27,2475.536,0,single_642,642,0,200,2458.888,17.98466127
2026-10-02 20:18:29,2477.634,0,single_642,642,0,200,2460.994,18.066270360000004
2026-10-02 20:18:31,2479.734,0,single_642,642,0,200,2463.078,18.09393904
2026-10-02 20:18:33,2481.837,0,single_642,642,0,200,2465.184,18.035946035
2026-10-02 20:18:35,2483.936,0,single_642,642,0,200,2467.284,18.007020195000003
2026-10-02 20:18:37,2486.034,0,single_642,642,0,200,2469.383,18.046427045
2026-10-02 20:18:39,2488.135,0,single_642,642,0,200,2471.487,18.060121779999996
2026-10-02 20:18:41,2490.235,0,single_642,642,0,200,2473.583,18.034129685
2026-10-02 20:18:44,2492.335,0,single_642,642,0,200,2475.686,17.94846821
2026-10-02 20:18:46,2494.435,0,single_642,642,0,200,2477.789,17.97977024
2026-10-02 20:18:48,2496.535,0,single_642,642,0,200,2479.88,18.006181804999997
2026-10-02 20:18:50,2498.632,0,single_642,642,0,200,2481.984,17.983822615000005
2026-10-02 20:18:52,2500.734,0,single_642,642,0,200,2484.085,18.088768975
2026-10-02 20:18:54,2502.836,0,single_642,642,0,200,2486.187,18.06920534
2026-10-02 20:18:56,2504.935,0,single_642,642,0,200,2488.29,18.088209905
2026-10-02 20:18:58,2507.034,0,single_642,642,0,200,2490.379,17.960485829999996
2026-10-02 20:19:00,2509.134,0,single_642,642,0,200,2492.479,18.122726144999998
2026-10-02 20:19:02,2511.234,0,single_642,642,0,200,2494.587,17.96523697
2026-10-02 20:19:05,2513.333,0,single_642,642,0,200,2496.677,17.921497664999997
2026-10-02 20:19:07,2515.434,0,single_642,642,0,200,2498.78,18.081223034999997
2026-10-02 20:19:09,2517.533,0,single_642,642,0,200,2500.886,18.006460930000003
2026-10-02 20:19:11,2519.631,0,single_642,642,0,200,2502.977,18.119232535000002
2026-10-02 20:19:13,2521.733,0,single_642,642,0,200,2505.084,18.095476845000004
2026-10-02 20:19:15,2523.831,0,single_642,642,0,200,2507.191,18.078707714999997
2026-10-02 20:19:17,2525.932,0,single_642,642,0,200,2509.289,18.039858804999994
2026-10-02 20:19:19,2528.031,0,single_642,642,0,200,2511.39,18.007858475
2026-10-02 20:19:21,2530.132,0,single_642,642,0,200,2513.486,18.098690554999997
2026-10-02 20:19:23,2532.231,0,single_642,642,0,200,2515.58,18.078567845
2026-10-02 20:19:26,2534.33,0,single_642,642,0,200,2517.679,18.03999907
2026-10-02 20:19:28,2536.43,0,single_642,642,0,200,2519.776,18.135861955
2026-10-02 20:19:30,2538.53,0,single_642,642,0,200,2521.886,18.014845339999994
2026-10-02 20:19:32,2540.63,0,single_642,642,0,200,2523.981,18.06291686
2026-10-02 20:19:34,2542.73,0,single_642,642,0,200,2526.087,18.01750055
2026-10-02 20:19:36,2544.83,0,single_642,642,0,200,2528.176,18.061379145
2026-10-02 20:19:38,2546.931,0,single_642,642,0,200,2530.277,18.06738871
2026-10-02 20:19:40,2549.03,0,single_642,642,0,200,2532.387,17.994722725000003
2026-10-02 20:19:42,2551.129,0,single_642,642,0,200,2534.481,18.06906573
2026-10-02 20:19:44,2553.229,0,single_642,642,0,200,2536.574,18.121049354999997
2026-10-02 20:19:47,2555.329,0,single_642,642,0,200,2538.681,18.145085225
2026-10-02 20:19:49,2557.43,0,single_642,642,0,200,2540.782,18.070881815000003
2026-10-02 20:19:51,2559.529,0,single_642,642,0,200,2542.874,17.963979399999996
2026-10-02 20:19:53,2561.628,0,single_642,642,0,200,2544.98,18.052156170000003
2026-10-02 20:19:55,2563.729,0,single_642,642,0,200,2547.076,18.10805276
2026-10-02 20:19:57,2565.833,0,single_642,642,0,200,2549.179,18.156124755000008
2026-10-02 20:19:59,2567.929,0,single_642,642,0,200,2551.281,18.090306405
2026-10-02 20:20:01,2570.028,0,single_642,642,0,200,2553.374,18.101485729999997
2026-10-02 20:20:03,2572.128,0,single_642,642,0,200,2555.482,18.058864219999997
2026-10-02 20:20:05,2574.227,0,single_642,642,0,200,2557.586,18.110149634999996
2026-10-02 20:20:08,2576.328,0,single_642,642,0,200,2559.686,18.092402255
2026-10-02 20:20:10,2578.428,0,single_642,642,0,200,2561.781,18.103861074999998
2026-10-02 20:20:12,2580.53,0,single_642,642,0,200,2563.88,18.10581721
2026-10-02 20:20:14,2582.627,0,single_642,642,0,200,2565.98,18.08779117
2026-10-02 20:20:16,2584.728,0,single_642,642,0,200,2568.081,18.102044615
2026-10-02 20:20:18,2586.828,0,single_642,642,0,200,2570.184,18.0905859
2026-10-02 20:20:20,2588.928,0,single_642,642,0,200,2572.275,18.074654595
2026-10-02 20:20:22,2591.028,0,single_642,642,0,200,2574.379,18.03399008
2026-10-02 20:20:24,2593.127,0,single_642,642,0,200,2576.481,18.176946045
2026-10-02 20:20:26,2595.227,0,single_642,642,0,200,2578.583,18.095756040000005
2026-10-02 20:20:29,2597.329,0,single_642,642,0,200,2580.675,18.010513575000004
2026-10-02 20:20:31,2599.429,0,single_642,642,0,200,2582.783,18.245978935000004
2026-10-02 20:20:33,2601.526,0,single_642,642,0,200,2584.875,18.12747772
2026-10-02 20:20:35,2603.626,0,single_642,642,0,200,2586.982,18.0961757
2026-10-02 20:20:37,2605.726,0,single_642,642,0,200,2589.07,18.070183044999997
2026-10-02 20:20:39,2607.827,0,single_642,642,0,200,2591.175,18.03930067
2026-10-02 20:20:41,2609.927,0,single_642,642,0,200,2593.28,18.06445439
2026-10-02 20:20:43,2612.026,0,single_642,642,0,200,2595.385,18.069484635000002
2026-10-02 20:20:45,2614.129,0,single_642,642,0,200,2597.477,17.917305145
2026-10-02 20:20:47,2616.225,0,single_642,642,0,200,2599.584,18.16353137
2026-10-02 20:20:50,2618.326,0,single_642,642,0,200,2601.672,18.024068239999995
2026-10-02 20:20:52,2620.428,0,single_642,642,0,200,2603.781,18.028540359999997
2026-10-02 20:20:54,2622.525,0,single_642,642,0,200,2605.879,17.98116751
2026-10-02 20:20:56,2624.626,0,single_642,642,0,200,2607.973,17.867836545000007
2026-10-02 20:20:58,2626.727,0,single_642,642,0,200,2610.074,18.04265379
2026-10-02 20:21:00,2628.829,0,single_642,642,0,200,2612.178,17.931559130000004
2026-10-02 20:21:02,2630.929,0,single_642,642,0,200,2614.279,18.057047385000004
2026-10-02 20:21:04,2633.026,0,single_642,642,0,200,2616.386,18.105957285
2026-10-02 20:21:06,2635.125,0,single_642,642,0,200,2618.48,18.04754502
2026-10-02 20:21:08,2637.224,0,single_642,642,0,200,2620.571,18.175968255
2026-10-02 20:21:11,2639.324,0,single_642,642,0,200,2622.677,17.91982093
2026-10-02 20:21:13,2641.424,0,single_642,642,0,200,2624.779,18.014286745
2026-10-02 20:21:15,2643.525,0,single_642,642,0,200,2626.883,18.169959164999998
2026-10-02 20:21:17,2645.624,0,single_642,642,0,200,2628.97,18.085974085000004
2026-10-02 20:21:19,2647.726,0,single_642,642,0,200,2631.077,17.898020795
2026-10-02 20:21:21,2649.824,0,single_642,642,0,200,2633.182,18.119232540000002
2026-10-02 20:21:23,2651.925,0,single_642,642,0,200,2635.273,17.976835655000002
2026-10-02 20:21:25,2654.023,0,single_642,642,0,200,2637.376,18.062916875000003
2026-10-02 20:21:27,2656.124,0,single_642,642,0,200,2639.472,18.038321934999995
2026-10-02 20:21:29,2658.223,0,single_642,642,0,200,2641.58,18.137538895
2026-10-02 20:21:32,2660.323,0,single_642,642,0,200,2643.672,18.106656235
2026-10-02 20:21:34,2662.425,0,single_642,642,0,200,2645.777,17.918703235
2026-10-02 20:21:36,2664.524,0,single_642,642,0,200,2647.883,18.024207925
2026-10-02 20:21:38,2666.624,0,single_642,642,0,200,2649.976,17.983543230000002
2026-10-02 20:21:40,2668.724,0,single_642,642,0,200,2652.08,18.109450874999997
2026-10-02 20:21:42,2670.823,0,single_642,642,0,200,2654.17,18.10805322
2026-10-02 20:21:44,2672.924,0,single_642,642,0,200,2656.272,18.13027206
2026-10-02 20:21:46,2675.025,0,single_642,642,0,200,2658.368,17.976975245
2026-10-02 20:21:48,2677.122,0,single_642,642,0,200,2660.474,18.10497875
2026-10-02 20:21:50,2679.222,0,single_642,642,0,200,2662.58,18.094078924999998
2026-10-02 20:21:53,2681.322,0,single_642,642,0,200,2664.67,17.942039855
2026-10-02 20:21:55,2683.424,0,single_642,642,0,200,2666.779,17.917165525
2026-10-02 20:21:57,2685.522,0,single_642,642,0,200,2668.87,18.063475935
2026-10-02 20:21:59,2687.624,0,single_642,642,0,200,2670.976,17.915069399999997
2026-10-02 20:22:01,2689.722,0,single_642,642,0,200,2673.07,18.04321307
2026-10-02 20:22:03,2691.824,0,single_642,642,0,200,2675.166,17.946231924999996
2026-10-02 20:22:05,2693.924,0,single_642,642,0,200,2677.27,18.064174334999997
2026-10-02 20:22:07,2696.023,0,single_642,642,0,200,2679.375,17.98661752
2026-10-02 20:22:09,2698.121,0,single_642,642,0,200,2681.467,17.971944805
2026-10-02 20:22:11,2700.221,0,single_642,642,0,200,2683.574,18.18016023
2026-10-02 20:22:14,2702.323,0,single_642,642,0,200,2685.679,18.041955400000003
2026-10-02 20:22:16,2704.423,0,single_642,642,0,200,2687.769,17.963420784999997
2026-10-02 20:22:18,2706.521,0,single_642,642,0,200,2689.873,18.212720185
2026-10-02 20:22:20,2708.623,0,single_642,642,0,200,2691.966,18.171775524999997
2026-10-02 20:22:22,2710.72,0,single_642,642,0,200,2694.075,17.982005975
2026-10-02 20:22:24,2712.824,0,single_642,642,0,200,2696.166,17.951682400000003
2026-10-02 20:22:26,2714.923,0,single_642,642,0,200,2698.269,18.106655869999997
2026-10-02 20:22:30,2719.149,0,single_642,642,1,500,0.0,45.62214872
2026-10-02 20:22:32,2721.235,0,single_642,642,1,500,2.079,45.493725315000006
2026-10-02 20:22:35,2723.322,0,single_642,642,1,500,4.165,45.595457595
2026-10-02 20:22:37,2725.423,0,single_642,642,1,500,6.255,45.37089188000001
2026-10-02 20:22:39,2727.524,0,single_642,642,1,500,8.352,45.811079070000005
2026-10-02 20:22:41,2729.622,0,single_642,642,1,500,10.452,45.75546198
2026-10-02 20:22:43,2731.724,0,single_642,642,1,500,12.564,45.465077640000004
2026-10-02 20:22:45,2733.824,0,single_642,642,1,500,14.652,45.87787577
2026-10-02 20:22:47,2735.92,0,single_642,642,1,500,16.762,45.76496445
2026-10-02 20:22:49,2738.02,0,single_642,642,1,500,18.851,45.64688317
2026-10-02 20:22:51,2740.121,0,single_642,642,1,500,20.955,45.503507185
2026-10-02 20:22:53,2742.219,0,single_642,642,1,500,23.055,45.590286515
2026-10-02 20:22:56,2744.319,0,single_642,642,1,500,25.16,45.780475429999996
2026-10-02 20:22:58,2746.421,0,single_642,642,1,500,27.248,45.58888972500001
2026-10-02 20:23:00,2748.523,0,single_642,642,1,500,29.356,45.586513544999995
2026-10-02 20:23:02,2750.62,0,single_642,642,1,500,31.464,45.660716475
2026-10-02 20:23:04,2752.72,0,single_642,642,1,500,33.552,45.487435895
2026-10-02 20:23:06,2754.819,0,single_642,642,1,500,35.655,45.48436217
2026-10-02 20:23:08,2756.923,0,single_642,642,1,500,37.748,45.540678854999996
2026-10-02 20:23:10,2759.022,0,single_642,642,1,500,39.864,45.69663053000001
2026-10-02 20:23:12,2761.117,0,single_642,642,1,500,41.953,45.817228975
2026-10-02 20:23:14,2763.22,0,single_642,642,1,500,44.045,45.55073902499999
2026-10-02 20:23:17,2765.319,0,single_642,642,1,500,46.162,45.67678682499999
2026-10-02 20:23:19,2767.417,0,single_642,642,1,500,48.252,45.736317154999995
2026-10-02 20:23:21,2769.518,0,single_642,642,1,500,50.359,45.61921395
2026-10-02 20:23:23,2771.62,0,single_642,642,1,500,52.45,45.598951164999995
2026-10-02 20:23:25,2773.719,0,single_642,642,1,500,54.553,45.617537385000006
2026-10-02 20:23:27,2775.821,0,single_642,642,1,500,56.659,45.77320889000001
2026-10-02 20:23:29,2777.922,0,single_642,642,1,500,58.758,45.656386025
2026-10-02 20:23:31,2780.018,0,single_642,642,1,500,60.862,45.851744714999995
2026-10-02 20:23:33,2782.121,0,single_642,642,1,500,62.954,45.509935920000004
2026-10-02 20:23:35,2784.217,0,single_642,642,1,500,65.048,45.777540845
2026-10-02 20:23:38,2786.317,0,single_642,642,1,500,67.149,45.53145598
2026-10-02 20:23:40,2788.419,0,single_642,642,1,500,69.257,45.69774828499999
2026-10-02 20:23:42,2790.517,0,single_642,642,1,500,71.355,45.635842915
2026-10-02 20:23:44,2792.616,0,single_642,642,1,500,73.459,45.776144605000006
2026-10-02 20:23:46,2794.716,0,single_642,642,1,500,75.553,45.62983401
2026-10-02 20:23:48,2796.82,0,single_642,642,1,500,77.646,45.64366843
2026-10-02 20:23:50,2798.918,0,single_642,642,1,500,79.748,45.725417869999994
2026-10-02 20:23:52,2801.016,0,single_642,642,1,500,81.849,45.649398125
2026-10-02 20:23:54,2803.115,0,single_642,642,1,500,83.949,45.77153195
2026-10-02 20:23:56,2805.219,0,single_642,642,1,500,86.05,45.579946595
2026-10-02 20:23:59,2807.318,0,single_642,642,1,500,88.151,45.563736559999995
2026-10-02 20:24:01,2809.415,0,single_642,642,1,500,90.258,45.65205369499999
2026-10-02 20:24:03,2811.519,0,single_642,642,1,500,92.345,45.67706585
2026-10-02 20:24:05,2813.617,0,single_642,642,1,500,94.451,45.492327215
2026-10-02 20:24:07,2815.715,0,single_642,642,1,500,96.557,45.724718644999996
2026-10-02 20:24:09,2817.816,0,single_642,642,1,500,98.644,45.759515099999994
2026-10-02 20:24:11,2819.916,0,single_642,642,1,500,100.748,45.85984982
2026-10-02 20:24:13,2822.017,0,single_642,642,1,500,102.852,45.65303194999999
2026-10-02 20:24:15,2824.118,0,single_642,642,1,500,104.945,45.748055920000006
2026-10-02 20:24:17,2826.216,0,single_642,642,1,500,107.055,45.667284349999996
2026-10-02 20:24:20,2828.318,0,single_642,642,1,500,109.151,45.52139416
2026-10-02 20:24:22,2830.416,0,single_642,642,1,500,111.249,45.66239435000001
2026-10-02 20:24:24,2832.518,0,single_642,642,1,500,113.345,45.56778837
2026-10-02 20:24:26,2834.615,0,single_642,642,1,500,115.459,45.76733969
2026-10-02 20:24:28,2836.714,0,single_642,642,1,500,117.55,45.735898614999996
2026-10-02 20:24:30,2838.818,0,single_642,642,1,500,119.643,45.57952639
2026-10-02 20:24:32,2840.915,0,single_642,642,1,500,121.749,45.76761835
2026-10-02 20:24:34,2843.017,0,single_642,642,1,500,123.849,45.60356309
2026-10-02 20:24:36,2845.117,0,single_642,642,1,500,125.951,45.79808412999999
2026-10-02 20:24:38,2847.213,0,single_642,642,1,500,128.058,45.678044670000006
2026-10-02 20:24:41,2849.317,0,single_642,642,1,500,130.148,45.653031385
2026-10-02 20:24:43,2851.416,0,single_642,642,1,500,132.253,45.681538615
2026-10-02 20:24:45,2853.513,0,single_642,642,1,500,134.354,45.725137925000006
2026-10-02 20:24:47,2855.615,0,single_642,642,1,500,136.441,45.702639395
2026-10-02 20:24:49,2857.715,0,single_642,642,1,500,138.549,45.515525530000005
2026-10-02 20:24:51,2859.816,0,single_642,642,1,500,140.654,45.580784234999996
2026-10-02 20:24:53,2861.916,0,single_642,642,1,500,142.747,45.57868821
2026-10-02 20:24:55,2864.015,0,single_642,642,1,500,144.856,45.78676466
2026-10-02 20:24:57,2866.111,0,single_642,642,1,500,146.946,45.603701844999996
2026-10-02 20:24:59,2868.212,0,single_642,642,1,500,149.045,45.825612920000005
2026-10-02 20:25:02,2870.316,0,single_642,642,1,500,151.15,45.66281344
2026-10-02 20:25:04,2872.412,0,single_642,642,1,500,153.244,45.618933629999994
2026-10-02 20:25:06,2874.512,0,single_642,642,1,500,155.34,45.712282685
2026-10-02 20:25:08,2876.613,0,single_642,642,1,500,157.45,45.40023748
2026-10-02 20:25:10,2878.716,0,single_642,642,1,500,159.553,45.57994679000001
2026-10-02 20:25:12,2880.816,0,single_642,642,1,500,161.653,45.770414925000004
2026-10-02 20:25:14,2882.916,0,single_642,642,1,500,163.755,45.550460195
2026-10-02 20:25:16,2885.014,0,single_642,642,1,500,165.857,45.823656019999994
2026-10-02 20:25:18,2887.115,0,single_642,642,1,500,167.946,45.66756337
2026-10-02 20:25:20,2889.211,0,single_642,642,1,500,170.051,45.679721605000005
2026-10-02 20:25:23,2891.314,0,single_642,642,1,500,172.143,45.666026685000006
2026-10-02 20:25:25,2893.411,0,single_642,642,1,500,174.249,45.69928478
2026-10-02 20:25:27,2895.51,0,single_642,642,1,500,176.351,45.651354645
2026-10-02 20:25:29,2897.613,0,single_642,642,1,500,178.44,45.687548065
2026-10-02 20:25:31,2899.711,0,single_642,642,1,500,180.545,45.690341849999996
2026-10-02 20:25:33,2901.813,0,single_642,642,1,500,182.646,45.723182155
2026-10-02 20:25:35,2903.912,0,single_642,642,1,500,184.754,45.49120906
2026-10-02 20:25:37,2906.011,0,single_642,642,1,500,186.845,45.66099681000001
2026-10-02 20:25:39,2908.114,0,single_642,642,1,500,188.949,45.642969949999994
2026-10-02 20:25:41,2910.21,0,single_642,642,1,500,191.054,45.589867425
2026-10-02 20:25:44,2912.31,0,single_642,642,1,500,193.146,45.67846376999999
2026-10-02 20:25:46,2914.413,0,single_642,642,1,500,195.252,45.58735192
2026-10-02 20:25:48,2916.509,0,single_642,642,1,500,197.347,45.68657037
2026-10-02 20:25:50,2918.612,0,single_642,642,1,500,199.443,45.617396764999995
2026-10-02 20:25:52,2920.71,0,single_642,642,1,500,201.551,45.43712939
2026-10-02 20:25:54,2922.811,0,single_642,642,1,500,203.652,45.464379150000006
2026-10-02 20:25:56,2924.909,0,single_642,642,1,500,205.742,45.722901824999994
2026-10-02 20:25:58,2927.012,0,single_642,642,1,500,207.847,45.643248410000005
2026-10-02 20:26:00,2929.114,0,single_642,642,1,500,209.955,45.840844315000005
2026-10-02 20:26:02,2931.211,0,single_642,642,1,500,212.044,45.363904909999995
2026-10-02 20:26:05,2933.308,0,single_642,642,1,500,214.15,45.556469074999995
2026-10-02 20:26:07,2935.409,0,single_642,642,1,500,216.24,45.70808878
2026-10-02 20:26:09,2937.512,0,single_642,642,1,500,218.344,45.543892865
2026-10-02 20:26:11,2939.61,0,single_642,642,1,500,220.449,45.523070735
2026-10-02 20:26:13,2941.708,0,single_642,642,1,500,222.541,45.47164589999999
2026-10-02 20:26:15,2943.812,0,single_642,642,1,500,224.644,45.69355622
2026-10-02 20:26:17,2945.911,0,single_642,642,1,500,226.75,45.45543567
2026-10-02 20:26:19,2948.007,0,single_642,642,1,500,228.839,45.82449513500001
2026-10-02 20:26:21,2950.107,0,single_642,642,1,500,230.946,45.63221038499999
2026-10-02 20:26:23,2952.21,0,single_642,642,1,500,233.05,45.45487762
2026-10-02 20:26:26,2954.309,0,single_642,642,1,500,235.142,45.582462105000005
2026-10-02 20:26:28,2956.409,0,single_642,642,1,500,237.249,45.589308625
2026-10-02 20:26:30,2958.51,0,single_642,642,1,500,239.34,45.501411325
2026-10-02 20:26:32,2960.609,0,single_642,642,1,500,241.442,45.66644578
2026-10-02 20:26:34,2962.71,0,single_642,642,1,500,243.549,45.468850055
2026-10-02 20:26:36,2964.81,0,single_642,642,1,500,245.639,45.494564065
2026-10-02 20:26:38,2966.91,0,single_642,642,1,500,247.738,45.3362355
2026-10-02 20:26:40,2969.01,0,single_642,642,1,500,249.852,45.67664787
2026-10-02 20:26:42,2971.112,0,single_642,642,1,500,251.953,45.56681029999999
2026-10-02 20:26:44,2973.208,0,single_642,642,1,500,254.045,45.48058956999999
2026-10-02 20:26:47,2975.306,0,single_642,642,1,500,256.138,45.344061585
2026-10-02 20:26:49,2977.406,0,single_642,642,1,500,258.236,45.678604574999994
2026-10-02 20:26:51,2979.51,0,single_642,642,1,500,260.343,45.62592059
2026-10-02 20:26:53,2981.607,0,single_642,642,1,500,262.45,45.645765399999995
2026-10-02 20:26:55,2983.707,0,single_642,642,1,500,264.536,45.518878665
2026-10-02 20:26:57,2985.809,0,single_642,642,1,500,266.641,45.74582055
2026-10-02 20:26:59,2987.908,0,single_642,642,1,500,268.749,45.47569862999999
2026-10-02 20:27:01,2990.006,0,single_642,642,1,500,270.841,45.52754295
2026-10-02 20:27:03,2992.107,0,single_642,642,1,500,272.948,45.625362355
2026-10-02 20:27:05,2994.207,0,single_642,642,1,500,275.037,45.644646695
2026-10-02 20:27:08,2996.306,0,single_642,642,1,500,277.143,45.51915861
2026-10-02 20:27:10,2998.407,0,single_642,642,1,500,279.237,45.314715795000005
2026-10-02 20:27:12,3000.502,0,single_642,642,1,500,281.346,45.620750449999996
2026-10-02 20:27:14,3002.606,0,single_642,642,1,500,283.436,45.51245066999999
2026-10-02 20:27:16,3004.707,0,single_642,642,1,500,285.547,45.80521062
2026-10-02 20:27:18,3006.806,0,single_642,642,1,500,287.65,45.64562402000001
2026-10-02 20:27:20,3008.909,0,single_642,642,1,500,289.743,45.862643410000004
2026-10-02 20:27:22,3011.007,0,single_642,642,1,500,291.839,45.533831230000004
2026-10-02 20:27:24,3013.105,0,single_642,642,1,500,293.942,45.492466715
2026-10-02 20:27:26,3015.206,0,single_642,642,1,500,296.038,45.445095015
2026-10-02 20:27:29,3017.306,0,single_642,642,1,500,298.145,45.54459024
2026-10-02 20:27:33,3021.532,0,single_642,642,2,1000,0.0,92.63221921
2026-10-02 20:27:35,3023.622,0,single_642,642,2,1000,2.072,93.52195747
2026-10-02 20:27:37,3025.717,0,single_642,642,2,1000,4.162,92.93588065
2026-10-02 20:27:39,3027.814,0,single_642,642,2,1000,6.263,93.13794708999998
2026-10-02 20:27:41,3029.909,0,single_642,642,2,1000,8.352,93.24261435499999
2026-10-02 20:27:43,3032.008,0,single_642,642,2,1000,10.458,93.08833740999998
2026-10-02 20:27:45,3034.105,0,single_642,642,2,1000,12.548,93.301583815
2026-10-02 20:27:47,3036.206,0,single_642,642,2,1000,14.654,93.15150193500001
2026-10-02 20:27:50,3038.307,0,single_642,642,2,1000,16.741,92.97333061999998
2026-10-02 20:27:52,3040.406,0,single_642,642,2,1000,18.843,93.54026391000002
2026-10-02 20:27:54,3042.508,0,single_642,642,2,1000,20.945,93.4608914
2026-10-02 20:27:56,3044.607,0,single_642,642,2,1000,23.046,93.227941545
2026-10-02 20:27:58,3046.704,0,single_642,642,2,1000,25.148,93.18196438999999
2026-10-02 20:28:00,3048.808,0,single_642,642,2,1000,27.245,93.24233308000001
2026-10-02 20:28:02,3050.91,0,single_642,642,2,1000,29.356,93.08554231999999
2026-10-02 20:28:04,3053.003,0,single_642,642,2,1000,31.452,93.162401775
2026-10-02 20:28:06,3055.107,0,single_642,642,2,1000,33.549,93.24624576000001
2026-10-02 20:28:08,3057.205,0,single_642,642,2,1000,35.655,93.08526404999999
2026-10-02 20:28:11,3059.309,0,single_642,642,2,1000,37.755,93.20320674000001
2026-10-02 20:28:13,3061.407,0,single_642,642,2,1000,39.856,93.18685568499998
2026-10-02 20:28:15,3063.507,0,single_642,642,2,1000,41.945,93.16254108500002
2026-10-02 20:28:17,3065.605,0,single_642,642,2,1000,44.047,93.14311928999999
2026-10-02 20:28:19,3067.707,0,single_642,642,2,1000,46.142,93.14912707999997
2026-10-02 20:28:21,3069.806,0,single_642,642,2,1000,48.247,93.179868155
2026-10-02 20:28:23,3071.907,0,single_642,642,2,1000,50.354,93.23744326499998
2026-10-02 20:28:25,3074.006,0,single_642,642,2,1000,52.447,93.12495068000001
2026-10-02 20:28:27,3076.107,0,single_642,642,2,1000,54.553,93.360417705
2026-10-02 20:28:29,3078.206,0,single_642,642,2,1000,56.642,93.24806332499999
2026-10-02 20:28:32,3080.306,0,single_642,642,2,1000,58.747,93.166733155
2026-10-02 20:28:34,3082.405,0,single_642,642,2,1000,60.852,93.25728491999999
2026-10-02 20:28:36,3084.505,0,single_642,642,2,1000,62.94,93.08470487000001
2026-10-02 20:28:38,3086.605,0,single_642,642,2,1000,65.047,93.27377528
2026-10-02 20:28:40,3088.706,0,single_642,642,2,1000,67.147,93.30340102000001
2026-10-02 20:28:42,3090.805,0,single_642,642,2,1000,69.247,92.94370674000001
2026-10-02 20:28:44,3092.904,0,single_642,642,2,1000,71.342,93.32059025499998
2026-10-02 20:28:46,3095.005,0,single_642,642,2,1000,73.452,93.07534285000001
2026-10-02 20:28:48,3097.105,0,single_642,642,2,1000,75.541,93.30954887000001
2026-10-02 20:28:50,3099.204,0,single_642,642,2,1000,77.647,93.26245822
2026-10-02 20:28:53,3101.304,0,single_642,642,2,1000,79.747,93.13123747500002
2026-10-02 20:28:55,3103.404,0,single_642,642,2,1000,81.842,93.2500191
2026-10-02 20:28:57,3105.505,0,single_642,642,2,1000,83.947,93.43391917000002
2026-10-02 20:28:59,3107.602,0,single_642,642,2,1000,86.052,93.01776923499999
2026-10-02 20:29:01,3109.701,0,single_642,642,2,1000,88.141,93.16953011
2026-10-02 20:29:03,3111.804,0,single_642,642,2,1000,90.243,93.06416251
2026-10-02 20:29:05,3113.901,0,single_642,642,2,1000,92.349,93.18587967000002
2026-10-02 20:29:07,3116.003,0,single_642,642,2,1000,94.437,93.156114225
2026-10-02 20:29:09,3118.103,0,single_642,642,2,1000,96.541,93.02433729500001
2026-10-02 20:29:11,3120.203,0,single_642,642,2,1000,98.648,93.16156432499999
2026-10-02 20:29:14,3122.305,0,single_642,642,2,1000,100.751,93.19636003000001
2026-10-02 20:29:16,3124.403,0,single_642,642,2,1000,102.843,93.2936199
2026-10-02 20:29:18,3126.503,0,single_642,642,2,1000,104.949,93.19621956999998
2026-10-02 20:29:20,3128.603,0,single_642,642,2,1000,107.04,93.092110755
2026-10-02 20:29:22,3130.701,0,single_642,642,2,1000,109.148,93.22500713500001
2026-10-02 20:29:24,3132.8,0,single_642,642,2,1000,111.241,93.17455962
2026-10-02 20:29:26,3134.901,0,single_642,642,2,1000,113.337,93.04599651
2026-10-02 20:29:28,3137.002,0,single_642,642,2,1000,115.446,93.24596710499999
2026-10-02 20:29:30,3139.101,0,single_642,642,2,1000,117.549,93.260640275
2026-10-02 20:29:32,3141.198,0,single_642,642,2,1000,119.638,93.07632184500001
2026-10-02 20:29:35,3143.299,0,single_642,642,2,1000,121.742,93.040824685
2026-10-02 20:29:37,3145.398,0,single_642,642,2,1000,123.848,92.89395585
2026-10-02 20:29:39,3147.502,0,single_642,642,2,1000,125.939,92.94873550499999
2026-10-02 20:29:41,3149.598,0,single_642,642,2,1000,128.041,93.08260568500002
2026-10-02 20:29:43,3151.702,0,single_642,642,2,1000,130.143,93.29236261999999
2026-10-02 20:29:45,3153.8,0,single_642,642,2,1000,132.246,93.02698933
2026-10-02 20:29:47,3155.903,0,single_642,642,2,1000,134.346,93.12243425
2026-10-02 20:29:49,3158.001,0,single_642,642,2,1000,136.451,93.0759009
2026-10-02 20:29:51,3160.102,0,single_642,642,2,1000,138.541,93.14605184499999
2026-10-02 20:29:53,3162.197,0,single_642,642,2,1000,140.645,93.24596674499999
2026-10-02 20:29:56,3164.298,0,single_642,642,2,1000,142.738,93.08051317000002
2026-10-02 20:29:58,3166.397,0,single_642,642,2,1000,144.842,93.27028095499999
2026-10-02 20:30:00,3168.497,0,single_642,642,2,1000,146.933,93.04403960999998
2026-10-02 20:30:02,3170.597,0,single_642,642,2,1000,149.038,92.87481195
2026-10-02 20:30:04,3172.697,0,single_642,642,2,1000,151.141,93.12914386
2026-10-02 20:30:06,3174.798,0,single_642,642,2,1000,153.246,93.32743772
2026-10-02 20:30:08,3176.901,0,single_642,642,2,1000,155.335,93.31611953999999
2026-10-02 20:30:10,3179.0,0,single_642,642,2,1000,157.439,93.15625391500001
2026-10-02 20:30:12,3181.096,0,single_642,642,2,1000,159.542,93.32953244000001
2026-10-02 20:30:14,3183.196,0,single_642,642,2,1000,161.632,92.84448662
2026-10-02 20:30:17,3185.299,0,single_642,642,2,1000,163.744,93.192587415
2026-10-02 20:30:19,3187.396,0,single_642,642,2,1000,165.843,92.988002665
2026-10-02 20:30:21,3189.499,0,single_642,642,2,1000,167.941,93.16673353500002
2026-10-02 20:30:23,3191.599,0,single_642,642,2,1000,170.035,93.05508062499997
2026-10-02 20:30:25,3193.697,0,single_642,642,2,1000,172.145,93.12564805000001
2026-10-02 20:30:27,3195.8,0,single_642,642,2,1000,174.233,93.097979955
2026-10-02 20:30:29,3197.896,0,single_642,642,2,1000,176.336,93.075343965
2026-10-02 20:30:31,3199.998,0,single_642,642,2,1000,178.446,93.32729800999999
2026-10-02 20:30:33,3202.095,0,single_642,642,2,1000,180.535,92.90276317999998
2026-10-02 20:30:35,3204.196,0,single_642,642,2,1000,182.63,92.978779595
2026-10-02 20:30:38,3206.298,0,single_642,642,2,1000,184.732,93.05256233
2026-10-02 20:30:40,3208.398,0,single_642,642,2,1000,186.833,93.06346438499999
2026-10-02 20:30:42,3210.495,0,single_642,642,2,1000,188.937,93.37243214499999
2026-10-02 20:30:44,3212.598,0,single_642,642,2,1000,191.041,93.071708085
2026-10-02 20:30:46,3214.7,0,single_642,642,2,1000,193.147,93.11628639999999
2026-10-02 20:30:48,3216.798,0,single_642,642,2,1000,195.246,93.58316547499999
2026-10-02 20:30:50,3218.897,0,single_642,642,2,1000,197.337,93.008406465
2026-10-02 20:30:52,3220.995,0,single_642,642,2,1000,199.443,93.003374345
2026-10-02 20:30:54,3223.097,0,single_642,642,2,1000,201.534,93.22277195499998
2026-10-02 20:30:56,3225.194,0,single_642,642,2,1000,203.638,93.07282605
2026-10-02 20:30:59,3227.298,0,single_642,642,2,1000,205.741,93.047113335
2026-10-02 20:31:01,3229.393,0,single_642,642,2,1000,207.844,93.09267067500001
2026-10-02 20:31:03,3231.497,0,single_642,642,2,1000,209.93,93.05424057
2026-10-02 20:31:05,3233.593,0,single_642,642,2,1000,212.04,93.02349836
2026-10-02 20:31:07,3235.697,0,single_642,642,2,1000,214.128,92.98772365500001
2026-10-02 20:31:09,3237.797,0,single_642,642,2,1000,216.236,92.951530595
2026-10-02 20:31:11,3239.895,0,single_642,642,2,1000,218.337,93.071011445
2026-10-02 20:31:13,3241.996,0,single_642,642,2,1000,220.436,93.17763447499999
2026-10-02 20:31:15,3244.096,0,single_642,642,2,1000,222.539,92.88710878
2026-10-02 20:31:17,3246.194,0,single_642,642,2,1000,224.631,93.156252435
2026-10-02 20:31:20,3248.297,0,single_642,642,2,1000,226.739,92.85664708
2026-10-02 20:31:22,3250.395,0,single_642,642,2,1000,228.842,93.189929805
2026-10-02 20:31:24,3252.498,0,single_642,642,2,1000,230.944,92.875511955
2026-10-02 20:31:26,3254.595,0,single_642,642,2,1000,233.037,92.738423865
2026-10-02 20:31:28,3256.697,0,single_642,642,2,1000,235.144,92.83023402
2026-10-02 20:31:30,3258.794,0,single_642,642,2,1000,237.236,92.994851985
2026-10-02 20:31:32,3260.894,0,single_642,642,2,1000,239.342,92.90220215499998
2026-10-02 20:31:34,3262.995,0,single_642,642,2,1000,241.432,93.13934261000001
2026-10-02 20:31:36,3265.095,0,single_642,642,2,1000,243.537,92.82394537000002
2026-10-02 20:31:38,3267.196,0,single_642,642,2,1000,245.644,92.75966583499999
2026-10-02 20:31:41,3269.291,0,single_642,642,2,1000,247.734,93.08582245999999
2026-10-02 20:31:43,3271.395,0,single_642,642,2,1000,249.837,92.98744462
2026-10-02 20:31:45,3273.495,0,single_642,642,2,1000,251.941,92.94454344000002
2026-10-02 20:31:47,3275.591,0,single_642,642,2,1000,254.041,93.10077467
2026-10-02 20:31:49,3277.691,0,single_642,642,2,1000,256.133,92.91282147999999
2026-10-02 20:31:51,3279.795,0,single_642,642,2,1000,258.239,93.00588966500001
2026-10-02 20:31:53,3281.895,0,single_642,642,2,1000,260.33,92.92973019499999
2026-10-02 20:31:55,3283.994,0,single_642,642,2,1000,262.434,92.97151416
2026-10-02 20:31:57,3286.095,0,single_642,642,2,1000,264.541,92.94510297
2026-10-02 20:31:59,3288.193,0,single_642,642,2,1000,266.638,93.116426465
2026-10-02 20:32:02,3290.294,0,single_642,642,2,1000,268.732,93.020564325
2026-10-02 20:32:04,3292.394,0,single_642,642,2,1000,270.832,92.92050712500001
2026-10-02 20:32:06,3294.494,0,single_642,642,2,1000,272.93,93.09211185999999
2026-10-02 20:32:08,3296.593,0,single_642,642,2,1000,275.042,92.94929542000003
2026-10-02 20:32:10,3298.694,0,single_642,642,2,1000,277.137,92.76176281000001
2026-10-02 20:32:12,3300.794,0,single_642,642,2,1000,279.237,92.72654578499998
2026-10-02 20:32:14,3302.896,0,single_642,642,2,1000,281.342,92.702510955
2026-10-02 20:32:16,3304.993,0,single_642,642,2,1000,283.435,92.796275765
2026-10-02 20:32:18,3307.094,0,single_642,642,2,1000,285.54,92.93126910000001
2026-10-02 20:32:20,3309.192,0,single_642,642,2,1000,287.631,93.06108802499999
2026-10-02 20:32:23,3311.294,0,single_642,642,2,1000,289.727,92.781743785
2026-10-02 20:32:25,3313.392,0,single_642,642,2,1000,291.832,92.898148655
2026-10-02 20:32:27,3315.489,0,single_642,642,2,1000,293.936,92.950133235
2026-10-02 20:32:29,3317.592,0,single_642,642,2,1000,296.025,92.961451425
2026-10-02 20:32:31,3319.692,0,single_642,642,2,1000,298.131,92.90136248
2026-10-02 20:32:35,3323.938,0,single_642,642,3,2000,0.0,182.89793500000002
2026-10-02 20:32:37,3326.041,0,single_642,642,3,2000,2.099,189.08557965
2026-10-02 20:32:39,3328.141,0,single_642,642,3,2000,4.204,190.2544021
2026-10-02 20:32:41,3330.236,0,single_642,642,3,2000,6.308,190.251609
2026-10-02 20:32:44,3332.341,0,single_642,642,3,2000,8.4,190.03795155
2026-10-02 20:32:46,3334.439,0,single_642,642,3,2000,10.499,190.00443445000002
2026-10-02 20:32:48,3336.541,0,single_642,642,3,2000,12.604,190.43733325
2026-10-02 20:32:50,3338.638,0,single_642,642,3,2000,14.708,190.01840495
2026-10-02 20:32:52,3340.741,0,single_642,642,3,2000,16.803,190.4066161
2026-10-02 20:32:54,3342.839,0,single_642,642,3,2000,18.91,190.24043755000002
2026-10-02 20:32:56,3344.94,0,single_642,642,3,2000,21.008,190.15525344999998
2026-10-02 20:32:58,3347.038,0,single_642,642,3,2000,23.105,190.2921058
2026-10-02 20:33:00,3349.14,0,single_642,642,3,2000,25.198,190.31305464999997
2026-10-02 20:33:02,3351.238,0,single_642,642,3,2000,27.301,190.45130095000002
2026-10-02 20:33:05,3353.338,0,single_642,642,3,2000,29.406,190.11196345
2026-10-02 20:33:07,3355.434,0,single_642,642,3,2000,31.498,190.6775237
2026-10-02 20:33:09,3357.539,0,single_642,642,3,2000,33.601,190.62026964999998
2026-10-02 20:33:11,3359.634,0,single_642,642,3,2000,35.703,190.73757295
2026-10-02 20:33:13,3361.739,0,single_642,642,3,2000,37.793,190.59932245000002
2026-10-02 20:33:15,3363.839,0,single_642,642,3,2000,39.91,190.41220165
2026-10-02 20:33:17,3365.939,0,single_642,642,3,2000,42.001,190.1412905
2026-10-02 20:33:19,3368.033,0,single_642,642,3,2000,44.105,190.71662425000002
2026-10-02 20:33:21,3370.139,0,single_642,642,3,2000,46.192,190.3912545
2026-10-02 20:33:23,3372.234,0,single_642,642,3,2000,48.298,190.58815025
2026-10-02 20:33:26,3374.336,0,single_642,642,3,2000,50.392,190.45967909999996
2026-10-02 20:33:28,3376.433,0,single_642,642,3,2000,52.495,190.79343155
2026-10-02 20:33:30,3378.536,0,single_642,642,3,2000,54.602,190.599324
2026-10-02 20:33:32,3380.634,0,single_642,642,3,2000,56.705,190.85347574999997
2026-10-02 20:33:34,3382.735,0,single_642,642,3,2000,58.793,190.48481364999998
2026-10-02 20:33:36,3384.835,0,single_642,642,3,2000,60.899,190.7976211
2026-10-02 20:33:38,3386.935,0,single_642,642,3,2000,62.993,190.57278864999998
2026-10-02 20:33:40,3389.033,0,single_642,642,3,2000,65.099,190.64680505000004
2026-10-02 20:33:42,3391.134,0,single_642,642,3,2000,67.196,190.5113475
2026-10-02 20:33:44,3393.233,0,single_642,642,3,2000,69.294,190.60630725000001
2026-10-02 20:33:47,3395.335,0,single_642,642,3,2000,71.395,190.52950225
2026-10-02 20:33:49,3397.432,0,single_642,642,3,2000,73.505,190.57279225000002
2026-10-02 20:33:51,3399.534,0,single_642,642,3,2000,75.595,190.694283
2026-10-02 20:33:53,3401.633,0,single_642,642,3,2000,77.701,190.60909594999998
2026-10-02 20:33:55,3403.734,0,single_642,642,3,2000,79.803,190.69009135
2026-10-02 20:33:57,3405.833,0,single_642,642,3,2000,81.896,190.50576095
2026-10-02 20:33:59,3407.934,0,single_642,642,3,2000,84.002,190.65936729999999
2026-10-02 20:34:01,3410.031,0,single_642,642,3,2000,86.104,190.58675555000002
2026-10-02 20:34:03,3412.133,0,single_642,642,3,2000,88.194,190.800415
2026-10-02 20:34:05,3414.232,0,single_642,642,3,2000,90.293,190.56580739999998
2026-10-02 20:34:08,3416.333,0,single_642,642,3,2000,92.397,190.77108570000001
2026-10-02 20:34:10,3418.432,0,single_642,642,3,2000,94.504,190.32701690000002
2026-10-02 20:34:12,3420.534,0,single_642,642,3,2000,96.593,190.52112169999998
2026-10-02 20:34:14,3422.63,0,single_642,642,3,2000,98.697,190.55603380000002
2026-10-02 20:34:16,3424.733,0,single_642,642,3,2000,100.8,190.440128
2026-10-02 20:34:18,3426.831,0,single_642,642,3,2000,102.895,190.6886988
2026-10-02 20:34:20,3428.932,0,single_642,642,3,2000,104.998,190.69707475000004
2026-10-02 20:34:22,3431.033,0,single_642,642,3,2000,107.102,190.32562069999997
2026-10-02 20:34:24,3433.135,0,single_642,642,3,2000,109.191,190.39963254999998
2026-10-02 20:34:26,3435.233,0,single_642,642,3,2000,111.3,190.6049111
2026-10-02 20:34:29,3437.335,0,single_642,642,3,2000,113.4,190.31863955000003
2026-10-02 20:34:31,3439.433,0,single_642,642,3,2000,115.505,190.5057603
2026-10-02 20:34:33,3441.535,0,single_642,642,3,2000,117.593,190.1496716
2026-10-02 20:34:35,3443.632,0,single_642,642,3,2000,119.694,190.4680581
2026-10-02 20:34:37,3445.735,0,single_642,642,3,2000,121.803,190.28931265
2026-10-02 20:34:39,3447.833,0,single_642,642,3,2000,123.905,190.44013250000003
2026-10-02 20:34:41,3449.934,0,single_642,642,3,2000,125.993,190.21670155
2026-10-02 20:34:43,3452.032,0,single_642,642,3,2000,128.097,190.37030775000002
2026-10-02 20:34:45,3454.135,0,single_642,642,3,2000,130.204,190.30606970000002
2026-10-02 20:34:47,3456.234,0,single_642,642,3,2000,132.305,190.3367944
2026-10-02 20:34:50,3458.333,0,single_642,642,3,2000,134.395,190.36472295000002
2026-10-02 20:34:52,3460.431,0,single_642,642,3,2000,136.498,190.21948815000002
2026-10-02 20:34:54,3462.534,0,single_642,642,3,2000,138.601,190.30886220000002
2026-10-02 20:34:56,3464.63,0,single_642,642,3,2000,140.692,190.62306439999998
2026-10-02 20:34:58,3466.733,0,single_642,642,3,2000,142.796,190.39823565
2026-10-02 20:35:00,3468.831,0,single_642,642,3,2000,144.9,190.34377404999998
2026-10-02 20:35:02,3470.933,0,single_642,642,3,2000,147.002,190.26836964999998
2026-10-02 20:35:04,3473.031,0,single_642,642,3,2000,149.093,190.3731004
2026-10-02 20:35:06,3475.133,0,single_642,642,3,2000,151.189,190.32143285
2026-10-02 20:35:08,3477.231,0,single_642,642,3,2000,153.298,190.32841035
2026-10-02 20:35:11,3479.334,0,single_642,642,3,2000,155.403,190.05331450000003
2026-10-02 20:35:13,3481.43,0,single_642,642,3,2000,157.493,190.1524663
2026-10-02 20:35:15,3483.532,0,single_642,642,3,2000,159.59,190.23484964999997
2026-10-02 20:35:17,3485.63,0,single_642,642,3,2000,161.702,190.14966790000003
2026-10-02 20:35:19,3487.732,0,single_642,642,3,2000,163.8,190.38846285
2026-10-02 20:35:21,3489.83,0,single_642,642,3,2000,165.892,190.03655465000003
2026-10-02 20:35:23,3491.932,0,single_642,642,3,2000,167.995,190.15944454999996
2026-10-02 20:35:25,3494.031,0,single_642,642,3,2000,170.102,190.10917389999997
2026-10-02 20:35:27,3496.131,0,single_642,642,3,2000,172.193,190.25719555000003
2026-10-02 20:35:29,3498.229,0,single_642,642,3,2000,174.295,190.20133830000003
2026-10-02 20:35:32,3500.331,0,single_642,642,3,2000,176.399,189.93182405000002
2026-10-02 20:35:34,3502.428,0,single_642,642,3,2000,178.491,190.08263795000002
2026-10-02 20:35:36,3504.531,0,single_642,642,3,2000,180.595,189.8033477
2026-10-02 20:35:38,3506.63,0,single_642,642,3,2000,182.701,189.9779058
2026-10-02 20:35:40,3508.731,0,single_642,642,3,2000,184.788,190.12173940000002
2026-10-02 20:35:42,3510.829,0,single_642,642,3,2000,186.896,190.07984605000001
2026-10-02 20:35:44,3512.931,0,single_642,642,3,2000,188.999,190.20971285
2026-10-02 20:35:46,3515.028,0,single_642,642,3,2000,191.092,190.4820241
2026-10-02 20:35:48,3517.13,0,single_642,642,3,2000,193.194,189.78659209999998
2026-10-02 20:35:50,3519.228,0,single_642,642,3,2000,195.299,190.04353945
2026-10-02 20:35:53,3521.33,0,single_642,642,3,2000,197.39,190.10637915
2026-10-02 20:35:55,3523.428,0,single_642,642,3,2000,199.499,190.14408214999997
2026-10-02 20:35:57,3525.531,0,single_642,642,3,2000,201.6,190.0463342
2026-10-02 20:35:59,3527.629,0,single_642,642,3,2000,203.701,190.21390664999998
2026-10-02 20:36:01,3529.73,0,single_642,642,3,2000,205.793,189.7949762
2026-10-02 20:36:03,3531.83,0,single_642,642,3,2000,207.901,189.93880604999995
2026-10-02 20:36:05,3533.929,0,single_642,642,3,2000,209.992,189.81172955
2026-10-02 20:36:07,3536.027,0,single_642,642,3,2000,212.087,189.69861645
2026-10-02 20:36:09,3538.129,0,single_642,642,3,2000,214.185,189.60226545
2026-10-02 20:36:11,3540.227,0,single_642,642,3,2000,216.29,189.79916195
2026-10-02 20:36:14,3542.329,0,single_642,642,3,2000,218.386,190.11475805
2026-10-02 20:36:16,3544.426,0,single_642,642,3,2000,220.492,190.0630861
2026-10-02 20:36:18,3546.529,0,single_642,642,3,2000,222.593,189.77262825
2026-10-02 20:36:20,3548.626,0,single_642,642,3,2000,224.694,189.85362490000003
2026-10-02 20:36:22,3550.729,0,single_642,642,3,2000,226.798,189.93740975
2026-10-02 20:36:24,3552.83,0,single_642,642,3,2000,228.901,189.65392930000002
2026-10-02 20:36:26,3554.928,0,single_642,642,3,2000,230.995,189.72096355000002
2026-10-02 20:36:28,3557.026,0,single_642,642,3,2000,233.098,189.58830155
2026-10-02 20:36:30,3559.128,0,single_642,642,3,2000,235.189,189.7265479
2026-10-02 20:36:32,3561.225,0,single_642,642,3,2000,237.293,189.60784895
2026-10-02 20:36:35,3563.328,0,single_642,642,3,2000,239.384,189.6846525
2026-10-02 20:36:37,3565.425,0,single_642,642,3,2000,241.493,189.6413661
2026-10-02 20:36:39,3567.529,0,single_642,642,3,2000,243.584,189.5617671
2026-10-02 20:36:41,3569.624,0,single_642,642,3,2000,245.69,189.9709262
2026-10-02 20:36:43,3571.728,0,single_642,642,3,2000,247.795,189.69303285
2026-10-02 20:36:45,3573.826,0,single_642,642,3,2000,249.887,189.68325845
2026-10-02 20:36:47,3575.928,0,single_642,642,3,2000,251.987,189.61482935
2026-10-02 20:36:49,3578.025,0,single_642,642,3,2000,254.091,189.32157839999996
2026-10-02 20:36:51,3580.127,0,single_642,642,3,2000,256.189,189.7405132
2026-10-02 20:36:53,3582.224,0,single_642,642,3,2000,258.285,189.84245049999998
2026-10-02 20:36:56,3584.326,0,single_642,642,3,2000,260.395,189.65253605
2026-10-02 20:36:58,3586.426,0,single_642,642,3,2000,262.484,189.4388787
2026-10-02 20:37:00,3588.528,0,single_642,642,3,2000,264.597,189.85920915
2026-10-02 20:37:02,3590.624,0,single_642,642,3,2000,266.69,189.65672684999998
2026-10-02 20:37:04,3592.726,0,single_642,642,3,2000,268.782,189.7335284
2026-10-02 20:37:06,3594.825,0,single_642,642,3,2000,270.888,189.6483451
2026-10-02 20:37:08,3596.927,0,single_642,642,3,2000,272.994,189.49473730000003
2026-10-02 20:37:10,3599.028,0,single_642,642,3,2000,275.099,189.46960350000003
2026-10-02 20:37:12,3601.127,0,single_642,642,3,2000,277.19,189.34392035
2026-10-02 20:37:14,3603.225,0,single_642,642,3,2000,279.293,189.18752229999998
2026-10-02 20:37:17,3605.327,0,single_642,642,3,2000,281.384,189.18612159999998
2026-10-02 20:37:19,3607.425,0,single_642,642,3,2000,283.488,189.01296265
2026-10-02 20:37:21,3609.526,0,single_642,642,3,2000,285.594,189.20986435
2026-10-02 20:37:23,3611.627,0,single_642,642,3,2000,287.698,189.3662662
2026-10-02 20:37:25,3613.726,0,single_642,642,3,2000,289.789,189.16378039999998
2026-10-02 20:37:27,3615.826,0,single_642,642,3,2000,291.896,188.95710785
2026-10-02 20:37:29,3617.926,0,single_642,642,3,2000,293.984,189.08976994999998
2026-10-02 20:37:31,3620.023,0,single_642,642,3,2000,296.09,188.96827330000002
2026-10-02 20:37:33,3622.126,0,single_642,642,3,2000,298.181,189.01156859999998
2026-10-02 21:38:15,7263.554,35,single_560,560,0,200,0.0,15.520791050500003
2026-10-02 21:38:17,7265.654,35,single_560,560,0,200,2.087,14.866939749999998
2026-10-02 21:38:19,7267.783,35,single_560,560,0,200,4.195,15.158843395
2026-10-02 21:38:21,7269.899,35,single_560,560,0,200,6.325,14.771856880500001
2026-10-02 21:38:23,7272.03,35,single_560,560,0,200,8.432,15.514451410000001
2026-10-02 21:38:25,7274.196,35,single_560,560,0,200,10.567,15.249805289999998
2026-10-02 21:38:28,7276.384,35,single_560,560,0,200,12.734,15.030640180999999
2026-10-02 21:38:30,7278.53,35,single_560,560,0,200,14.926,14.914639195000001
2026-10-02 21:38:32,7280.631,35,single_560,560,0,200,17.058,15.627124529499998
2026-10-02 21:38:34,7282.74,35,single_560,560,0,200,19.165,15.658977065
2026-10-02 21:38:36,7284.842,35,single_560,560,0,200,21.27,13.993765515000002
2026-10-02 21:38:38,7286.949,35,single_560,560,0,200,23.374,15.217794108
2026-10-02 21:38:40,7289.052,35,single_560,560,0,200,25.492,15.025568915
2026-10-02 21:38:42,7291.182,35,single_560,560,0,200,27.593,16.10364639
2026-10-02 21:38:45,7293.3,35,single_560,560,0,200,29.725,14.0978809925
2026-10-02 21:38:47,7295.431,35,single_560,560,0,200,31.835,15.987646309999999
2026-10-02 21:38:49,7297.587,35,single_560,560,0,200,33.96,15.624430595000002
2026-10-02 21:38:51,7299.783,35,single_560,560,0,200,36.13,14.304209361499998
2026-10-02 21:38:53,7301.917,35,single_560,560,0,200,38.314,15.202422304999999
2026-10-02 21:38:55,7304.029,35,single_560,560,0,200,40.446,15.749622090000006
2026-10-02 21:38:57,7306.143,35,single_560,560,0,200,42.568,15.139826577000003
2026-10-02 21:39:00,7308.244,35,single_560,560,0,200,44.673,15.224925665000002
2026-10-02 21:39:02,7310.349,35,single_560,560,0,200,46.774,15.06344322
2026-10-02 21:39:04,7312.449,35,single_560,560,0,200,48.88,14.816862854999998
2026-10-02 21:39:06,7314.577,35,single_560,560,0,200,50.983,16.558933453
2026-10-02 21:39:08,7316.693,35,single_560,560,0,200,53.119,14.968360965
2026-10-02 21:39:10,7318.792,35,single_560,560,0,200,55.222,14.404680489999999
2026-10-02 21:39:12,7320.899,35,single_560,560,0,200,57.325,15.219537720000003
2026-10-02 21:39:14,7323.038,35,single_560,560,0,200,59.44,14.972481549500001
2026-10-02 21:39:16,7325.197,35,single_560,560,0,200,61.566,15.213673690999999
2026-10-02 21:39:19,7327.386,35,single_560,560,0,200,63.734,14.8785079885
2026-10-02 21:39:21,7329.525,35,single_560,560,0,200,65.925,15.44155478
2026-10-02 21:39:23,7331.631,35,single_560,560,0,200,68.058,15.152820985
2026-10-02 21:39:25,7333.737,35,single_560,560,0,200,70.162,15.3591504775
2026-10-02 21:39:27,7335.838,35,single_560,560,0,200,72.266,14.857907065000001
2026-10-02 21:39:29,7337.944,35,single_560,560,0,200,74.37,15.199570070000002
2026-10-02 21:39:31,7340.046,35,single_560,560,0,200,76.477,15.060432539999999
2026-10-02 21:39:33,7342.179,35,single_560,560,0,200,78.588,15.004650645000002
2026-10-02 21:39:36,7344.284,35,single_560,560,0,200,80.709,14.978502969999997
2026-10-02 21:39:38,7346.388,35,single_560,560,0,200,82.816,14.462997215
2026-10-02 21:39:40,7348.493,35,single_560,560,0,200,84.919,15.6383764
2026-10-02 21:39:42,7350.595,35,single_560,560,0,200,87.022,15.750573013500004
2026-10-02 21:39:44,7352.739,35,single_560,560,0,200,89.137,14.895781365
2026-10-02 21:39:46,7354.931,35,single_560,560,0,200,91.272,14.328139224999997
2026-10-02 21:39:48,7357.097,35,single_560,560,0,200,93.468,14.569489614999997
2026-10-02 21:39:50,7359.222,35,single_560,560,0,200,95.633,16.218537232500005
2026-10-02 21:39:53,7361.334,35,single_560,560,0,200,97.758,14.983098539999995
2026-10-02 21:39:55,7363.446,35,single_560,560,0,200,99.875,14.171569426
2026-10-02 21:39:57,7365.578,35,single_560,560,0,200,101.974,15.383238024999999
2026-10-02 21:39:59,7367.683,35,single_560,560,0,200,104.108,14.699753139999999
2026-10-02 21:40:01,7369.785,35,single_560,560,0,200,106.213,16.204750965
2026-10-02 21:40:03,7371.894,35,single_560,560,0,200,108.32,15.07089134
2026-10-02 21:40:05,7373.996,35,single_560,560,0,200,110.424,14.798004595
2026-10-02 21:40:07,7376.133,35,single_560,560,0,200,112.531,15.29592006
2026-10-02 21:40:10,7378.294,35,single_560,560,0,200,114.664,13.944322205000002
2026-10-02 21:40:12,7380.482,35,single_560,560,0,200,116.831,15.2485372
2026-10-02 21:40:14,7382.615,35,single_560,560,0,200,119.014,15.010831044999998
2026-10-02 21:40:16,7384.723,35,single_560,560,0,200,121.15,14.068563379999999
2026-10-02 21:40:18,7386.836,35,single_560,560,0,200,123.264,15.399560424999995
2026-10-02 21:40:20,7388.975,35,single_560,560,0,200,125.374,15.965618245
2026-10-02 21:40:22,7391.077,35,single_560,560,0,200,127.504,14.865037709999998
2026-10-02 21:40:24,7393.186,35,single_560,560,0,200,129.614,15.554069164999998
2026-10-02 21:40:27,7395.29,35,single_560,560,0,200,131.716,14.459036020000001
2026-10-02 21:40:29,7397.394,35,single_560,560,0,200,133.822,15.594321305000003
2026-10-02 21:40:31,7399.528,35,single_560,560,0,200,135.929,14.313242310500002
2026-10-02 21:40:33,7401.726,35,single_560,560,0,200,138.068,15.0918099615
2026-10-02 21:40:35,7403.893,35,single_560,560,0,200,140.264,15.925525539999999
2026-10-02 21:40:37,7406.023,35,single_560,560,0,200,142.425,14.209127460000001
2026-10-02 21:40:39,7408.134,35,single_560,560,0,200,144.56,15.196717634999999
2026-10-02 21:40:41,7410.236,35,single_560,560,0,200,146.663,14.6873923
2026-10-02 21:40:44,7412.341,35,single_560,560,0,200,148.766,15.407642074999996
2026-10-02 21:40:46,7414.441,35,single_560,560,0,200,150.87,15.91348154
2026-10-02 21:40:48,7416.545,35,single_560,560,0,200,152.969,16.18620972
2026-10-02 21:40:50,7418.644,35,single_560,560,0,200,155.085,14.850933698999999
2026-10-02 21:40:52,7420.745,35,single_560,560,0,200,157.174,15.189428385
2026-10-02 21:40:54,7422.844,35,single_560,560,0,200,159.279,15.096405560000001
2026-10-02 21:40:56,7424.973,35,single_560,560,0,200,161.372,14.622894813999999
2026-10-02 21:40:58,7427.079,35,single_560,560,0,200,163.503,15.256144435
2026-10-02 21:41:00,7429.178,35,single_560,560,0,200,165.607,15.220329765000002
2026-10-02 21:41:03,7431.323,35,single_560,560,0,200,167.72,14.581533385000004
2026-10-02 21:41:05,7433.492,35,single_560,560,0,200,169.862,14.478527532
2026-10-02 21:41:07,7435.68,35,single_560,560,0,200,172.031,15.65691717
2026-10-02 21:41:09,7437.808,35,single_560,560,0,200,174.21,15.286729075
2026-10-02 21:41:11,7439.925,35,single_560,560,0,200,176.35,15.975918794999998
2026-10-02 21:41:13,7442.035,35,single_560,560,0,200,178.467,16.353237824999997
2026-10-02 21:41:15,7444.139,35,single_560,560,0,200,180.565,14.894830119999998
2026-10-02 21:41:18,7446.274,35,single_560,560,0,200,182.671,14.870584525
2026-10-02 21:41:20,7448.375,35,single_560,560,0,200,184.804,14.862185675000001
2026-10-02 21:41:22,7450.477,35,single_560,560,0,200,186.903,14.175531167499999
2026-10-02 21:41:24,7452.592,35,single_560,560,0,200,189.019,14.627015261000002
2026-10-02 21:41:26,7454.72,35,single_560,560,0,200,191.123,15.378325380000001
2026-10-02 21:41:28,7456.879,35,single_560,560,0,200,193.255,15.115738709999999
2026-10-02 21:41:30,7459.042,35,single_560,560,0,200,195.417,15.838683208000003
2026-10-02 21:41:32,7461.197,35,single_560,560,0,200,197.578,14.069197835000002
2026-10-02 21:41:35,7463.319,35,single_560,560,0,200,199.736,14.595478769999998
2026-10-02 21:41:37,7465.42,35,single_560,560,0,200,201.851,16.205384115000005
2026-10-02 21:41:39,7467.534,35,single_560,560,0,200,203.96,13.8238847245
2026-10-02 21:41:41,7469.64,35,single_560,560,0,200,206.069,14.128306975
2026-10-02 21:41:43,7471.77,35,single_560,560,0,200,208.177,14.992606915000001
2026-10-02 21:41:45,7473.881,35,single_560,560,0,200,210.307,15.04014833
2026-10-02 21:41:47,7475.983,35,single_560,560,0,200,212.414,14.166340029999999
2026-10-02 21:41:49,7478.084,35,single_560,560,0,200,214.514,15.137766664
2026-10-02 21:41:51,7480.185,35,single_560,560,0,200,216.613,15.785753999999995
2026-10-02 21:41:54,7482.32,35,single_560,560,0,200,218.719,14.533833979999999
2026-10-02 21:41:56,7484.49,35,single_560,560,0,200,220.858,15.177859220000002
2026-10-02 21:41:58,7486.677,35,single_560,560,0,200,223.025,15.032541890000001
2026-10-02 21:42:00,7488.808,35,single_560,560,0,200,225.207,15.419527744999998
2026-10-02 21:42:02,7490.918,35,single_560,560,0,200,227.342,14.299138495000003
2026-10-02 21:42:04,7493.02,35,single_560,560,0,200,229.447,16.053410850000002
2026-10-02 21:42:06,7495.132,35,single_560,560,0,200,231.556,15.082776629999998
2026-10-02 21:42:08,7497.236,35,single_560,560,0,200,233.663,14.0165850965
2026-10-02 21:42:11,7499.371,35,single_560,560,0,200,235.775,14.587555325
2026-10-02 21:42:13,7501.47,35,single_560,560,0,200,237.899,15.779890298000002
2026-10-02 21:42:15,7503.581,35,single_560,560,0,200,240.007,16.046280045000003
2026-10-02 21:42:17,7505.686,35,single_560,560,0,200,242.111,15.088639965
2026-10-02 21:42:19,7507.789,35,single_560,560,0,200,244.217,14.475199765
2026-10-02 21:42:21,7509.92,35,single_560,560,0,200,246.32,13.98124619
2026-10-02 21:42:23,7512.085,35,single_560,560,0,200,248.454,15.104804089999998
2026-10-02 21:42:26,7514.274,35,single_560,560,0,200,250.618,14.216892378999997
2026-10-02 21:42:28,7516.415,35,single_560,560,0,200,252.815,14.946016714999999
2026-10-02 21:42:30,7518.524,35,single_560,560,0,200,254.948,16.105389445
2026-10-02 21:42:32,7520.627,35,single_560,560,0,200,257.052,15.553118385000003
2026-10-02 21:42:34,7522.733,35,single_560,560,0,200,259.16,15.245842975000002
2026-10-02 21:42:36,7524.834,35,single_560,560,0,200,261.262,13.497117435000002
2026-10-02 21:42:38,7526.964,35,single_560,560,0,200,263.365,15.653114119999998
2026-10-02 21:42:40,7529.072,35,single_560,560,0,200,265.497,15.253767280999998
2026-10-02 21:42:42,7531.185,35,single_560,560,0,200,267.614,15.620310040000001
2026-10-02 21:42:45,7533.325,35,single_560,560,0,200,269.726,14.55712891
2026-10-02 21:42:47,7535.486,35,single_560,560,0,200,271.86,15.621895345000002
2026-10-02 21:42:49,7537.675,35,single_560,560,0,200,274.027,15.2062255
2026-10-02 21:42:51,7539.809,35,single_560,560,0,200,276.209,16.960498319999996
2026-10-02 21:42:53,7541.92,35,single_560,560,0,200,278.346,14.777403376
2026-10-02 21:42:55,7544.019,35,single_560,560,0,200,280.448,15.594162417500002
2026-10-02 21:42:57,7546.136,35,single_560,560,0,200,282.559,14.78199935
2026-10-02 21:42:59,7548.236,35,single_560,560,0,200,284.675,16.046756045
2026-10-02 21:43:02,7550.365,35,single_560,560,0,200,286.772,15.445041365
2026-10-02 21:43:04,7552.48,35,single_560,560,0,200,288.905,14.379641741999999
2026-10-02 21:43:06,7554.586,35,single_560,560,0,200,291.012,14.93286373
2026-10-02 21:43:08,7556.72,35,single_560,560,0,200,293.117,15.433156485000005
2026-10-02 21:43:10,7558.879,35,single_560,560,0,200,295.252,15.994777029999998
2026-10-02 21:43:12,7561.07,35,single_560,560,0,200,297.416,14.056836783500001
2026-10-02 21:43:14,7563.207,35,single_560,560,0,200,299.611,16.11743377
2026-10-02 21:43:17,7565.324,35,single_560,560,0,200,301.747,13.842267265500002
2026-10-02 21:43:19,7567.435,35,single_560,560,0,200,303.864,14.872327445
2026-10-02 21:43:21,7569.567,35,single_560,560,0,200,305.968,14.208968579
2026-10-02 21:43:23,7571.682,35,single_560,560,0,200,308.108,15.424440480000001
2026-10-02 21:43:25,7573.814,35,single_560,560,0,200,310.213,15.049022990000003
2026-10-02 21:43:27,7575.974,35,single_560,560,0,200,312.347,14.897207785
2026-10-02 21:43:29,7578.168,35,single_560,560,0,200,314.515,15.72379144
2026-10-02 21:43:32,7580.311,35,single_560,560,0,200,316.708,15.586080305000003
2026-10-02 21:43:34,7582.416,35,single_560,560,0,200,318.844,15.001323120000002
2026-10-02 21:43:36,7584.522,35,single_560,560,0,200,320.946,15.188318030000003
2026-10-02 21:43:38,7586.63,35,single_560,560,0,200,323.055,15.052350794499999
2026-10-02 21:43:40,7588.762,35,single_560,560,0,200,325.169,14.670594364999998
2026-10-02 21:43:42,7590.874,35,single_560,560,0,200,327.3,16.366707859999998
2026-10-02 21:43:44,7592.978,35,single_560,560,0,200,329.405,15.929803809999997
2026-10-02 21:43:46,7595.112,35,single_560,560,0,200,331.51,15.044585765000003
2026-10-02 21:43:49,7597.276,35,single_560,560,0,200,333.645,14.604828825000002
2026-10-02 21:43:51,7599.467,35,single_560,560,0,200,335.81,15.062334020000002
2026-10-02 21:43:53,7601.599,35,single_560,560,0,200,337.999,15.924415609999999
2026-10-02 21:43:55,7603.711,35,single_560,560,0,200,340.134,15.153138289999998
2026-10-02 21:43:57,7605.82,35,single_560,560,0,200,342.249,15.039355824999998
2026-10-02 21:43:59,7607.93,35,single_560,560,0,200,344.353,14.772490874999999
2026-10-02 21:44:01,7610.03,35,single_560,560,0,200,346.458,15.164547839999997
2026-10-02 21:44:03,7612.165,35,single_560,560,0,200,348.562,15.578156805000003
2026-10-02 21:44:06,7614.273,35,single_560,560,0,200,350.698,17.069367929999995
2026-10-02 21:44:08,7616.378,35,single_560,560,0,200,352.806,15.547730954999997
2026-10-02 21:44:10,7618.482,35,single_560,560,0,200,354.907,15.008929464999998
2026-10-02 21:44:12,7620.612,35,single_560,560,0,200,357.01,14.89134463
2026-10-02 21:44:14,7622.778,35,single_560,560,0,200,359.147,15.102585405000003
2026-10-02 21:44:16,7624.97,35,single_560,560,0,200,361.312,15.237761575
2026-10-02 21:44:18,7627.106,35,single_560,560,0,200,363.507,16.327248785000005
2026-10-02 21:44:20,7629.211,35,single_560,560,0,200,365.639,14.484549454999998
2026-10-02 21:44:23,7631.317,35,single_560,560,0,200,367.743,14.821300245000002
2026-10-02 21:44:25,7633.424,35,single_560,560,0,200,369.852,14.826212215
2026-10-02 21:44:27,7635.529,35,single_560,560,0,200,371.953,15.82663926
2026-10-02 21:44:29,7637.664,35,single_560,560,0,200,374.06,14.769005215
2026-10-02 21:44:31,7639.773,35,single_560,560,0,200,376.199,14.993241285
2026-10-02 21:44:33,7641.876,35,single_560,560,0,200,378.301,14.751256030000002
2026-10-02 21:44:35,7644.01,35,single_560,560,0,200,380.414,15.048705645000002
2026-10-02 21:44:37,7646.169,35,single_560,560,0,200,382.543,15.2433082
2026-10-02 21:44:40,7648.364,35,single_560,560,0,200,384.71,15.701288584999997
2026-10-02 21:44:42,7650.499,35,single_560,560,0,200,386.894,14.989437350000001
2026-10-02 21:44:44,7652.611,35,single_560,560,0,200,389.032,16.72025639
2026-10-02 21:44:46,7654.714,35,single_560,560,0,200,391.139,15.440445765
2026-10-02 21:44:48,7656.816,35,single_560,560,0,200,393.247,16.592687599999998
2026-10-02 21:44:50,7658.923,35,single_560,560,0,200,395.35,14.85014191
2026-10-02 21:44:52,7661.024,35,single_560,560,0,200,397.453,15.280390106
2026-10-02 21:44:54,7663.13,35,single_560,560,0,200,399.558,16.404582559999998
2026-10-02 21:44:56,7665.228,35,single_560,560,0,200,401.662,15.512550065000001
2026-10-02 21:44:59,7667.361,35,single_560,560,0,200,403.768,16.136766925
2026-10-02 21:45:01,7669.475,35,single_560,560,0,200,405.9,15.43521635
2026-10-02 21:45:03,7671.612,35,single_560,560,0,200,408.015,15.796846955
2026-10-02 21:45:05,7673.777,35,single_560,560,0,200,410.147,15.300198875
2026-10-02 21:45:07,7675.964,35,single_560,560,0,200,412.309,14.047803259499998
2026-10-02 21:45:09,7678.103,35,single_560,560,0,200,414.5,15.371986755
2026-10-02 21:45:11,7680.215,35,single_560,560,0,200,416.643,15.439019914999996
2026-10-02 21:45:14,7682.319,35,single_560,560,0,200,418.745,15.261849294999996
2026-10-02 21:45:16,7684.42,35,single_560,560,0,200,420.848,14.78944756
2026-10-02 21:45:18,7686.525,35,single_560,560,0,200,422.952,16.045487335
2026-10-02 21:45:20,7688.658,35,single_560,560,0,200,425.063,14.077279205000002
2026-10-02 21:45:22,7690.763,35,single_560,560,0,200,427.192,14.216099824999999
2026-10-02 21:45:24,7692.87,35,single_560,560,0,200,429.298,15.387040880000002
2026-10-02 21:45:26,7694.971,35,single_560,560,0,200,431.398,15.743600584999996
2026-10-02 21:45:28,7697.105,35,single_560,560,0,200,433.506,15.293701925000004
2026-10-02 21:45:31,7699.259,35,single_560,560,0,200,435.634,15.019547330000002
2026-10-02 21:45:33,7701.422,35,single_560,560,0,200,437.799,15.351385010000001
2026-10-02 21:45:35,7703.584,35,single_560,560,0,200,439.951,15.001640049999997
2026-10-02 21:45:37,7705.712,35,single_560,560,0,200,442.115,14.101050045
2026-10-02 21:45:39,7707.814,35,single_560,560,0,200,444.242,15.376899165
2026-10-02 21:45:41,7709.955,35,single_560,560,0,200,446.356,15.580850695
2026-10-02 21:45:43,7712.064,35,single_560,560,0,200,448.492,14.658550489999996
2026-10-02 21:45:45,7714.171,35,single_560,560,0,200,450.599,15.664365659999998
2026-10-02 21:45:48,7716.304,35,single_560,560,0,200,452.706,15.816972165
2026-10-02 21:45:50,7718.468,35,single_560,560,0,200,454.837,15.577364945000001
2026-10-02 21:45:52,7720.627,35,single_560,560,0,200,456.999,15.468019615
2026-10-02 21:45:54,7722.78,35,single_560,560,0,200,459.156,15.356297924999998
2026-10-02 21:45:56,7724.905,35,single_560,560,0,200,461.321,16.021558309999996
2026-10-02 21:45:58,7727.005,35,single_560,560,0,200,463.436,14.1454216105
2026-10-02 21:46:00,7729.113,35,single_560,560,0,200,465.538,15.51350085
2026-10-02 21:46:02,7731.216,35,single_560,560,0,200,467.645,15.620944275000001
2026-10-02 21:46:05,7733.323,35,single_560,560,0,200,469.749,15.986220075000002
2026-10-02 21:46:07,7735.423,35,single_560,560,0,200,471.865,15.499079977
2026-10-02 21:46:09,7737.557,35,single_560,560,0,200,473.966,14.529713199999998
2026-10-02 21:46:11,7739.665,35,single_560,560,0,200,476.088,14.489462362000003
2026-10-02 21:46:13,7741.766,35,single_560,560,0,200,478.194,15.813328004999999
2026-10-02 21:46:15,7743.875,35,single_560,560,0,200,480.301,14.958060434999998
2026-10-02 21:46:17,7746.013,35,single_560,560,0,200,482.417,15.306855045
2026-10-02 21:46:19,7748.204,35,single_560,560,0,200,484.551,16.12868444
2026-10-02 21:46:22,7750.377,35,single_560,560,0,200,486.746,15.34647257
2026-10-02 21:46:24,7752.507,35,single_560,560,0,200,488.911,15.388784364999996
2026-10-02 21:46:26,7754.62,35,single_560,560,0,200,491.048,14.657599806499999
2026-10-02 21:46:28,7756.756,35,single_560,560,0,200,493.157,16.169411415
2026-10-02 21:46:30,7758.87,35,single_560,560,0,200,495.295,14.71972056
2026-10-02 21:46:32,7761.005,35,single_560,560,0,200,497.405,15.979246509999996
2026-10-02 21:46:34,7763.164,35,single_560,560,0,200,499.536,15.4122378705
2026-10-02 21:46:37,7765.358,35,single_560,560,0,200,501.704,15.329833093000001
2026-10-02 21:46:39,7767.498,35,single_560,560,0,200,503.895,14.760764366999998
2026-10-02 21:46:41,7769.609,35,single_560,560,0,200,506.035,14.350482965
2026-10-02 21:46:43,7771.717,35,single_560,560,0,200,508.143,14.896415544999996
2026-10-02 21:46:45,7773.818,35,single_560,560,0,200,510.247,15.620310094999997
2026-10-02 21:46:47,7775.955,35,single_560,560,0,200,512.354,16.582545630000002
2026-10-02 21:46:49,7778.058,35,single_560,560,0,200,514.483,15.023667323000002
2026-10-02 21:46:51,7780.173,35,single_560,560,0,200,516.6,14.095186955
2026-10-02 21:46:54,7782.308,35,single_560,560,0,200,518.704,15.56516238
2026-10-02 21:46:56,7784.464,35,single_560,560,0,200,520.838,14.2847182715
2026-10-02 21:46:58,7786.657,35,single_560,560,0,200,522.999,15.113044859999997
2026-10-02 21:47:00,7788.789,35,single_560,560,0,200,525.192,15.658819013
2026-10-02 21:47:02,7790.902,35,single_560,560,0,200,527.325,15.278488205500002
2026-10-02 21:47:04,7793.005,35,single_560,560,0,200,529.432,14.952989250000002
2026-10-02 21:47:06,7795.118,35,single_560,560,0,200,531.543,14.433997399
2026-10-02 21:47:08,7797.221,35,single_560,560,0,200,533.648,15.107974005
2026-10-02 21:47:11,7799.353,35,single_560,560,0,200,535.755,14.125295997000002
2026-10-02 21:47:13,7801.459,35,single_560,560,0,200,537.885,16.367341575000005
2026-10-02 21:47:15,7803.565,35,single_560,560,0,200,539.989,15.943590737
2026-10-02 21:47:17,7805.7,35,single_560,560,0,200,542.096,15.530774335
2026-10-02 21:47:19,7807.863,35,single_560,560,0,200,544.237,15.851360189999998
2026-10-02 21:47:21,7810.054,35,single_560,560,0,200,546.395,15.602561458500002
2026-10-02 21:47:23,7812.194,35,single_560,560,0,200,548.595,14.810365905000001
2026-10-02 21:47:26,7814.306,35,single_560,560,0,200,550.729,15.240456165000003
2026-10-02 21:47:28,7816.417,35,single_560,560,0,200,552.846,16.083995905000002
2026-10-02 21:47:30,7818.554,35,single_560,560,0,200,554.949,16.047072325
2026-10-02 21:47:32,7820.662,35,single_560,560,0,200,557.085,15.047279604
2026-10-02 21:47:34,7822.801,35,single_560,560,0,200,559.203,15.631403159999998
2026-10-02 21:47:36,7824.968,35,single_560,560,0,200,561.34,13.95652425
2026-10-02 21:47:38,7827.153,35,single_560,560,0,200,563.503,14.474248899999997
2026-10-02 21:47:41,7829.287,35,single_560,560,0,200,565.682,15.231580974999996
2026-10-02 21:47:43,7831.4,35,single_560,560,0,200,567.83,15.403997475
2026-10-02 21:47:45,7833.508,35,single_560,560,0,200,569.934,15.453598829999999
2026-10-02 21:47:47,7835.612,35,single_560,560,0,200,572.038,16.21521023
2026-10-02 21:47:49,7837.751,35,single_560,560,0,200,574.148,13.998202754999998
2026-10-02 21:47:51,7839.856,35,single_560,560,0,200,576.281,15.717452479999999
2026-10-02 21:47:53,7841.957,35,single_560,560,0,200,578.385,15.359784465000002
2026-10-02 21:47:55,7844.064,35,single_560,560,0,200,580.487,16.246904060000002
2026-10-02 21:47:57,7846.165,35,single_560,560,0,200,582.593,15.13269516
2026-10-02 21:48:00,7848.308,35,single_560,560,0,200,584.704,14.598965878999998
2026-10-02 21:48:02,7850.506,35,single_560,560,0,200,586.85,15.161061431
2026-10-02 21:48:04,7852.67,35,single_560,560,0,200,589.039,15.3940133385
2026-10-02 21:48:06,7854.795,35,single_560,560,0,200,591.205,15.211772544999999
2026-10-02 21:48:08,7856.905,35,single_560,560,0,200,593.329,15.801759164999998
2026-10-02 21:48:10,7859.014,35,single_560,560,0,200,595.443,14.697058772499998
2026-10-02 21:48:12,7861.151,35,single_560,560,0,200,597.549,13.568271422999999
2026-10-02 21:48:15,7863.253,35,single_560,560,0,200,599.679,15.585763152500002
2026-10-02 21:48:17,7865.358,35,single_560,560,0,200,601.785,14.497860674
2026-10-02 21:48:19,7867.464,35,single_560,560,0,200,603.889,15.622370414999999
2026-10-02 21:48:21,7869.568,35,single_560,560,0,200,605.995,15.690829970000001
2026-10-02 21:48:23,7871.701,35,single_560,560,0,200,608.097,15.163280436999997
2026-10-02 21:48:25,7873.86,35,single_560,560,0,200,610.229,15.479270791
2026-10-02 21:48:27,7876.049,35,single_560,560,0,200,612.39,15.874180945
2026-10-02 21:48:29,7878.184,35,single_560,560,0,200,614.583,15.014634283000001
2026-10-02 21:48:32,7880.299,35,single_560,560,0,200,616.722,15.31984927
2026-10-02 21:48:34,7882.399,35,single_560,560,0,200,618.827,15.513025404999997
2026-10-02 21:48:36,7884.512,35,single_560,560,0,200,620.935,14.561883320000002
2026-10-02 21:48:38,7886.614,35,single_560,560,0,200,623.042,14.240346099999998
2026-10-02 21:48:40,7888.747,35,single_560,560,0,200,625.144,16.452757729999995
2026-10-02 21:48:42,7890.854,35,single_560,560,0,200,627.277,15.107023245
2026-10-02 21:48:44,7892.967,35,single_560,560,0,200,629.394,14.106121241999999
2026-10-02 21:48:46,7895.102,35,single_560,560,0,200,631.501,15.047755325
2026-10-02 21:48:49,7897.266,35,single_560,560,0,200,633.635,16.094772055
2026-10-02 21:48:51,7899.452,35,single_560,560,0,200,635.803,14.52575269
2026-10-02 21:48:53,7901.584,35,single_560,560,0,200,637.985,15.685441759999998
2026-10-02 21:48:55,7903.698,35,single_560,560,0,200,640.124,15.704934024999998
2026-10-02 21:48:57,7905.807,35,single_560,560,0,200,642.233,14.272674465
2026-10-02 21:48:59,7907.946,35,single_560,560,0,200,644.345,15.131585665
2026-10-02 21:49:01,7910.056,35,single_560,560,0,200,646.48,15.577047419500001
2026-10-02 21:49:03,7912.16,35,single_560,560,0,200,648.588,15.087213885
2026-10-02 21:49:06,7914.296,35,single_560,560,0,200,650.695,15.80683058
2026-10-02 21:49:08,7916.458,35,single_560,560,0,200,652.827,15.838207445000002
2026-10-02 21:49:10,7918.65,35,single_560,560,0,200,654.991,16.121394929999997
2026-10-02 21:49:12,7920.783,35,single_560,560,0,200,657.185,15.014000609999998
2026-10-02 21:49:14,7922.898,35,single_560,560,0,200,659.319,15.968153915000002
2026-10-02 21:49:16,7925.012,35,single_560,560,0,200,661.439,14.800540540000004
2026-10-02 21:49:18,7927.142,35,single_560,560,0,200,663.543,15.038088390999997
2026-10-02 21:49:21,7929.254,35,single_560,560,0,200,665.679,14.940945245
2026-10-02 21:49:23,7931.357,35,single_560,560,0,200,667.783,15.166925130000003
2026-10-02 21:49:25,7933.461,35,single_560,560,0,200,669.887,15.580692647
2026-10-02 21:49:27,7935.563,35,single_560,560,0,200,671.99,17.141313605
2026-10-02 21:49:29,7937.698,35,single_560,560,0,200,674.094,15.609851429999997
2026-10-02 21:49:31,7939.861,35,single_560,560,0,200,676.233,14.721304693999997
2026-10-02 21:49:33,7942.048,35,single_560,560,0,200,678.397,16.30030865
2026-10-02 21:49:35,7944.182,35,single_560,560,0,200,680.582,15.693523775000003
2026-10-02 21:49:38,7946.297,35,single_560,560,0,200,682.718,15.854530174999999
2026-10-02 21:49:40,7948.412,35,single_560,560,0,200,684.84,15.649627384999997
2026-10-02 21:49:42,7950.543,35,single_560,560,0,200,686.95,14.933497459999996
2026-10-02 21:49:44,7952.651,35,single_560,560,0,200,689.077,15.793835875
2026-10-02 21:49:46,7954.763,35,single_560,560,0,200,691.189,15.288472265000001
2026-10-02 21:49:48,7956.903,35,single_560,560,0,200,693.3,15.792250870000004
2026-10-02 21:49:50,7959.099,35,single_560,560,0,200,695.443,15.206859824999999
2026-10-02 21:49:53,7961.258,35,single_560,560,0,200,697.63,14.746026369500001
2026-10-02 21:49:55,7963.392,35,single_560,560,0,200,699.798,15.579424469999998
2026-10-02 21:49:57,7965.496,35,single_560,560,0,200,701.922,14.756485582999998
2026-10-02 21:49:59,7967.601,35,single_560,560,0,200,704.027,15.104328980000004
2026-10-02 21:50:01,7969.706,35,single_560,560,0,200,706.132,14.373461390000003
2026-10-02 21:50:03,7971.807,35,single_560,560,0,200,708.235,16.45386666
2026-10-02 21:50:05,7973.945,35,single_560,560,0,200,710.342,15.843754365
2026-10-02 21:50:07,7976.053,35,single_560,560,0,200,712.477,14.550472835000003
2026-10-02 21:50:09,7978.195,35,single_560,560,0,200,714.594,15.468812039999998
2026-10-02 21:50:12,7980.357,35,single_560,560,0,200,716.729,15.34362058
2026-10-02 21:50:14,7982.548,35,single_560,560,0,200,718.891,15.984634920000001
2026-10-02 21:50:16,7984.689,35,single_560,560,0,200,721.086,15.569758045000002
2026-10-02 21:50:18,7986.794,35,single_560,560,0,200,723.221,14.856005090000002
2026-10-02 21:50:20,7988.902,35,single_560,560,0,200,725.328,14.1549303275
2026-10-02 21:50:22,7991.006,35,single_560,560,0,200,727.433,15.073268495
2026-10-02 21:50:24,7993.143,35,single_560,560,0,200,729.54,15.295603639999998
2026-10-02 21:50:27,7995.25,35,single_560,560,0,200,731.676,16.137875985
2026-10-02 21:50:29,7997.354,35,single_560,560,0,200,733.782,13.778244424999999
2026-10-02 21:50:31,7999.458,35,single_560,560,0,200,735.883,16.656709619999997
2026-10-02 21:50:33,8001.588,35,single_560,560,0,200,737.99,15.615556109999998
2026-10-02 21:50:35,8003.757,35,single_560,560,0,200,740.126,15.072793465000004
2026-10-02 21:50:37,8005.946,35,single_560,560,0,200,742.299,14.899743574999999
2026-10-02 21:50:39,8008.085,35,single_560,560,0,200,744.484,14.884212754999997
2026-10-02 21:50:41,8010.189,35,single_560,560,0,200,746.614,15.581009259999997
2026-10-02 21:50:44,8012.3,35,single_560,560,0,200,748.724,14.798004965000004
2026-10-02 21:50:46,8014.404,35,single_560,560,0,200,750.831,15.588140485000002
2026-10-02 21:50:48,8016.543,35,single_560,560,0,200,752.94,14.357931168999999
2026-10-02 21:50:50,8018.652,35,single_560,560,0,200,755.075,14.957902055000003
2026-10-02 21:50:52,8020.793,35,single_560,560,0,200,757.193,15.692414435000003
2026-10-02 21:50:54,8022.959,35,single_560,560,0,200,759.33,14.304844014999999
2026-10-02 21:50:56,8025.145,35,single_560,560,0,200,761.496,15.775136230000001
2026-10-02 21:50:59,8027.279,35,single_560,560,0,200,763.674,13.756534541
2026-10-02 21:51:01,8029.386,35,single_560,560,0,200,765.813,15.860710709999996
2026-10-02 21:51:03,8031.494,35,single_560,560,0,200,767.918,16.19223175
2026-10-02 21:51:05,8033.608,35,single_560,560,0,200,770.034,14.962339120000001
2026-10-02 21:51:07,8035.739,35,single_560,560,0,200,772.15,16.531992607
2026-10-02 21:51:09,8037.847,35,single_560,560,0,200,774.273,16.491265954999996
2026-10-02 21:51:11,8039.951,35,single_560,560,0,200,776.38,15.193072854999999
2026-10-02 21:51:13,8042.088,35,single_560,560,0,200,778.484,15.126832000000002
2026-10-02 21:51:16,8044.25,35,single_560,560,0,200,780.622,15.650578365000001
2026-10-02 21:51:18,8046.441,35,single_560,560,0,200,782.79,15.380543515000001
2026-10-02 21:51:20,8048.572,35,single_560,560,0,200,784.973,15.754059600000001
2026-10-02 21:51:22,8050.688,35,single_560,560,0,200,787.11,15.535686951999999
2026-10-02 21:51:24,8052.803,35,single_560,560,0,200,789.23,14.2563510655
2026-10-02 21:51:26,8054.939,35,single_560,560,0,200,791.335,15.513817830000002
2026-10-02 21:51:28,8057.044,35,single_560,560,0,200,793.471,16.010465239499997
2026-10-02 21:51:30,8059.151,35,single_560,560,0,200,795.579,14.4362157195
2026-10-02 21:51:33,8061.29,35,single_560,560,0,200,797.686,15.446785044999999
2026-10-02 21:51:35,8063.451,35,single_560,560,0,200,799.82,15.735676745000003
2026-10-02 21:51:37,8065.642,35,single_560,560,0,200,801.985,15.59907501
2026-10-02 21:51:39,8067.781,35,single_560,560,0,200,804.18,14.35428685
2026-10-02 21:51:41,8069.897,35,single_560,560,0,200,806.323,16.13930254
2026-10-02 21:51:43,8072.006,35,single_560,560,0,200,808.44,15.505101905000002
2026-10-02 21:51:45,8074.136,35,single_560,560,0,200,810.544,15.321750568999999
2026-10-02 21:51:48,8076.243,35,single_560,560,0,200,812.666,14.334635715
2026-10-02 21:51:50,8078.344,35,single_560,560,0,200,814.773,15.367549061000002
2026-10-02 21:51:52,8080.449,35,single_560,560,0,200,816.873,15.916809250000004
2026-10-02 21:51:54,8082.552,35,single_560,560,0,200,818.98,15.654381535
2026-10-02 21:51:56,8084.685,35,single_560,560,0,200,821.084,14.607839380000001
2026-10-02 21:51:58,8086.848,35,single_560,560,0,200,823.216,14.901169759999998
2026-10-02 21:52:00,8089.042,35,single_560,560,0,200,825.382,15.234116469999998
2026-10-02 21:52:02,8091.176,35,single_560,560,0,200,827.577,14.61417857
2026-10-02 21:52:05,8093.288,35,single_560,560,0,200,829.704,15.506369939999997
2026-10-02 21:52:07,8095.398,35,single_560,560,0,200,831.826,15.091176379
2026-10-02 21:52:09,8097.536,35,single_560,560,0,200,833.939,15.796529739999999
2026-10-02 21:52:11,8099.64,35,single_560,560,0,200,836.065,14.795310985
2026-10-02 21:52:13,8101.746,35,single_560,560,0,200,838.175,15.935826248499998
2026-10-02 21:52:15,8103.854,35,single_560,560,0,200,840.279,14.49659352
2026-10-02 21:52:17,8105.986,35,single_560,560,0,200,842.384,15.872437455000002
2026-10-02 21:52:19,8108.151,35,single_560,560,0,200,844.52,15.830759100000002
2026-10-02 21:52:22,8110.34,35,single_560,560,0,200,846.684,15.714442170000002
2026-10-02 21:52:24,8112.476,35,single_560,560,0,200,848.875,15.335379496000005
2026-10-02 21:52:26,8114.584,35,single_560,560,0,200,851.009,15.320800469999998
2026-10-02 21:52:28,8116.69,35,single_560,560,0,200,853.114,14.244149155000002
2026-10-02 21:52:30,8118.802,35,single_560,560,0,200,855.231,15.556288105
2026-10-02 21:52:32,8120.932,35,single_560,560,0,200,857.335,15.142678834999996
2026-10-02 21:52:34,8123.045,35,single_560,560,0,200,859.47,15.586873055
2026-10-02 21:52:36,8125.148,35,single_560,560,0,200,861.575,16.604255693499997
2026-10-02 21:52:39,8127.282,35,single_560,560,0,200,863.682,16.085897335
2026-10-02 21:52:41,8129.441,35,single_560,560,0,200,865.814,14.68168748
2026-10-02 21:52:43,8131.64,35,single_560,560,0,200,867.979,14.782791729499996
2026-10-02 21:52:45,8133.782,35,single_560,560,0,200,870.181,14.609741835
2026-10-02 21:52:47,8135.89,35,single_560,560,0,200,872.315,14.665998609999999
2026-10-02 21:52:49,8137.992,35,single_560,560,0,200,874.419,15.730922804999999
2026-10-02 21:52:51,8140.101,35,single_560,560,0,200,876.526,16.558141170000006
2026-10-02 21:52:53,8142.203,35,single_560,560,0,200,878.635,14.677884285000001
2026-10-02 21:52:56,8144.331,35,single_560,560,0,200,880.745,15.032066325
2026-10-02 21:52:58,8146.445,35,single_560,560,0,200,882.87,16.539282915
2026-10-02 21:53:00,8148.58,35,single_560,560,0,200,884.981,15.423330990000002
2026-10-02 21:53:02,8150.74,35,single_560,560,0,200,887.109,16.16037889
2026-10-02 21:53:04,8152.933,35,single_560,560,0,200,889.274,14.927158829999998
2026-10-02 21:53:06,8155.075,35,single_560,560,0,200,891.47,15.030798779999998
2026-10-02 21:53:08,8157.182,35,single_560,560,0,200,893.608,14.079497700000003
2026-10-02 21:53:11,8159.288,35,single_560,560,0,200,895.712,14.567112964999998
2026-10-02 21:53:13,8161.393,35,single_560,560,0,200,897.818,16.20269068
2026-10-02 21:53:15,8163.496,35,single_560,560,0,200,899.921,15.11621414
2026-10-02 21:53:17,8165.601,35,single_560,560,0,200,902.028,15.275477749999999
2026-10-02 21:53:19,8167.731,35,single_560,560,0,200,904.132,15.747720797499996
2026-10-02 21:53:21,8169.843,35,single_560,560,0,200,906.267,14.585812155
2026-10-02 21:53:23,8171.945,35,single_560,560,0,200,908.372,14.257144096
2026-10-02 21:53:25,8174.08,35,single_560,560,0,200,910.476,14.213089404999998
2026-10-02 21:53:27,8176.237,35,single_560,560,0,200,912.61,16.169412215
2026-10-02 21:53:30,8178.432,35,single_560,560,0,200,914.774,14.819081305
2026-10-02 21:53:32,8180.568,35,single_560,560,0,200,916.968,13.558129221000002
2026-10-02 21:53:34,8182.683,35,single_560,560,0,200,919.099,14.657916779999999
2026-10-02 21:53:36,8184.79,35,single_560,560,0,200,921.221,15.974809740000001
2026-10-02 21:53:38,8186.895,35,single_560,560,0,200,923.32,15.62823373
2026-10-02 21:53:40,8189.0,35,single_560,560,0,200,925.432,15.899853035000001
2026-10-02 21:53:42,8191.129,35,single_560,560,0,200,927.53,15.4298284005
2026-10-02 21:53:44,8193.237,35,single_560,560,0,200,929.662,15.309232105000001
2026-10-02 21:53:47,8195.379,35,single_560,560,0,200,931.779,14.480271005
2026-10-02 21:53:49,8197.544,35,single_560,560,0,200,933.912,15.352969795
2026-10-02 21:53:51,8199.732,35,single_560,560,0,200,936.074,15.294018845000002
2026-10-02 21:53:53,8201.874,35,single_560,560,0,200,938.269,15.027628705
2026-10-02 21:53:55,8203.976,35,single_560,560,0,200,940.403,16.576523145
2026-10-02 21:53:57,8206.084,35,single_560,560,0,200,942.51,15.900645222
2026-10-02 21:53:59,8208.189,35,single_560,560,0,200,944.614,15.923306485
2026-10-02 21:54:02,8210.295,35,single_560,560,0,200,946.719,15.468812039999998
2026-10-02 21:54:04,8212.399,35,single_560,560,0,200,948.837,14.2498541245
2026-10-02 21:54:06,8214.531,35,single_560,560,0,200,950.931,15.279439559999997
2026-10-02 21:54:08,8216.645,35,single_560,560,0,200,953.069,16.282560495000002
2026-10-02 21:54:10,8218.746,35,single_560,560,0,200,955.175,15.621736325
2026-10-02 21:54:12,8220.882,35,single_560,560,0,200,957.28,15.391003065000001
2026-10-02 21:54:14,8223.077,35,single_560,560,0,200,959.419,16.176067905
2026-10-02 21:54:17,8225.247,35,single_560,560,0,200,961.618,15.6797366165
2026-10-02 21:54:19,8227.377,35,single_560,560,0,200,963.785,15.818874079999997
2026-10-02 21:54:21,8229.484,35,single_560,560,0,200,965.908,15.16740042
2026-10-02 21:54:23,8231.592,35,single_560,560,0,200,968.018,15.885907169999998
2026-10-02 21:54:25,8233.725,35,single_560,560,0,200,970.124,15.645348335
2026-10-02 21:54:27,8235.83,35,single_560,560,0,200,972.255,16.2088711275
2026-10-02 21:54:29,8237.933,35,single_560,560,0,200,974.36,16.067515084999997
2026-10-02 21:54:31,8240.039,35,single_560,560,0,200,976.464,16.300308465
2026-10-02 21:54:33,8242.143,35,single_560,560,0,200,978.57,16.301735349999998
2026-10-02 21:54:36,8244.278,35,single_560,560,0,200,980.673,15.886382339999997
2026-10-02 21:54:38,8246.477,35,single_560,560,0,200,982.819,16.534687069999993
2026-10-02 21:54:40,8248.65,35,single_560,560,0,200,985.017,16.646092385
2026-10-02 21:54:42,8250.777,35,single_560,560,0,200,987.184,15.451063298000001
2026-10-02 21:54:44,8252.891,35,single_560,560,0,200,989.316,15.55803154
2026-10-02 21:54:46,8254.997,35,single_560,560,0,200,991.426,15.567539625000006
2026-10-02 21:54:48,8257.128,35,single_560,560,0,200,993.531,15.268504519999999
2026-10-02 21:54:50,8259.237,35,single_560,560,0,200,995.664,14.875972549999997
2026-10-02 21:54:53,8261.337,35,single_560,560,0,200,997.765,15.265335849999998
2026-10-02 21:54:55,8263.445,35,single_560,560,0,200,999.87,15.652480349999998
2026-10-02 21:54:57,8265.585,35,single_560,560,0,200,1001.984,14.749671239999998
2026-10-02 21:54:59,8267.741,35,single_560,560,0,200,1004.113,14.708627479999997
2026-10-02 21:55:01,8269.928,35,single_560,560,0,200,1006.284,15.413664279999999
2026-10-02 21:55:03,8272.068,35,single_560,560,0,200,1008.463,15.887333920000003
2026-10-02 21:55:05,8274.178,35,single_560,560,0,200,1010.605,16.117274755
2026-10-02 21:55:08,8276.291,35,single_560,560,0,200,1012.715,15.594479255000001
2026-10-02 21:55:10,8278.394,35,single_560,560,0,200,1014.821,15.536162114999998
2026-10-02 21:55:12,8280.527,35,single_560,560,0,200,1016.925,14.891818995
2026-10-02 21:55:14,8282.644,35,single_560,560,0,200,1019.068,15.809999915
2026-10-02 21:55:16,8284.785,35,single_560,560,0,200,1021.185,15.782267045
2026-10-02 21:55:18,8286.982,35,single_560,560,0,200,1023.322,16.239456460000003
2026-10-02 21:55:20,8289.146,35,single_560,560,0,200,1025.515,16.318532790000003
2026-10-02 21:55:23,8291.276,35,single_560,560,0,200,1027.683,14.750938865000002
2026-10-02 21:55:25,8293.388,35,single_560,560,0,200,1029.814,15.285144509999997
2026-10-02 21:55:27,8295.525,35,single_560,560,0,200,1031.929,14.966459430499995
2026-10-02 21:55:29,8297.634,35,single_560,560,0,200,1034.057,15.131744509999999
2026-10-02 21:55:31,8299.738,35,single_560,560,0,200,1036.165,17.121505035
2026-10-02 21:55:33,8301.878,35,single_560,560,0,200,1038.274,15.915382420000002
2026-10-02 21:55:35,8304.077,35,single_560,560,0,200,1040.42,15.531883339500002
2026-10-02 21:55:38,8306.245,35,single_560,560,0,200,1042.618,16.02995749
2026-10-02 21:55:40,8308.373,35,single_560,560,0,200,1044.783,15.694791164999996
2026-10-02 21:55:42,8310.475,35,single_560,560,0,200,1046.901,14.774392784999998
2026-10-02 21:55:44,8312.582,35,single_560,560,0,200,1049.008,14.764091980000002
2026-10-02 21:55:46,8314.687,35,single_560,560,0,200,1051.111,15.176591930000003
2026-10-02 21:55:48,8316.793,35,single_560,560,0,200,1053.228,15.5881408045
2026-10-02 21:55:50,8318.925,35,single_560,560,0,200,1055.325,15.541867215000002
2026-10-02 21:55:52,8321.04,35,single_560,560,0,200,1057.463,14.854103464999996
2026-10-02 21:55:54,8323.17,35,single_560,560,0,200,1059.573,15.800967155000002
2026-10-02 21:55:57,8325.332,35,single_560,560,0,200,1061.698,15.164864810999998
2026-10-02 21:55:59,8327.526,35,single_560,560,0,200,1063.87,15.789716129999999
2026-10-02 21:56:01,8329.668,35,single_560,560,0,200,1066.065,15.125088210000001
2026-10-02 21:56:03,8331.772,35,single_560,560,0,200,1068.197,15.531091575
2026-10-02 21:56:05,8333.89,35,single_560,560,0,200,1070.314,15.359466950000002
2026-10-02 21:56:07,8335.991,35,single_560,560,0,200,1072.431,14.850299810000001
2026-10-02 21:56:09,8338.123,35,single_560,560,0,200,1074.524,14.803551295
2026-10-02 21:56:11,8340.231,35,single_560,560,0,200,1076.657,15.657075185
2026-10-02 21:56:14,8342.342,35,single_560,560,0,200,1078.767,15.664999465000003
2026-10-02 21:56:16,8344.475,35,single_560,560,0,200,1080.871,15.722840795000002
2026-10-02 21:56:18,8346.668,35,single_560,560,0,200,1083.008,16.112837850000002
2026-10-02 21:56:20,8348.835,35,single_560,560,0,200,1085.205,15.518096080000001
2026-10-02 21:56:22,8350.968,35,single_560,560,0,200,1087.366,15.165499169999999
2026-10-02 21:56:24,8353.075,35,single_560,560,0,200,1089.499,14.930961880000002
2026-10-02 21:56:26,8355.19,35,single_560,560,0,200,1091.617,15.247111635000001
2026-10-02 21:56:29,8357.319,35,single_560,560,0,200,1093.725,15.977820705
2026-10-02 21:56:31,8359.437,35,single_560,560,0,200,1095.861,15.060115745
2026-10-02 21:56:33,8361.539,35,single_560,560,0,200,1097.967,15.684332655
2026-10-02 21:56:35,8363.675,35,single_560,560,0,200,1100.071,16.777464419999998
2026-10-02 21:56:37,8365.839,35,single_560,560,0,200,1102.212,14.181870305
2026-10-02 21:56:39,8368.025,35,single_560,560,0,200,1104.37,15.118908605000003
2026-10-02 21:56:41,8370.161,35,single_560,560,0,200,1106.564,15.09101833
2026-10-02 21:56:44,8372.272,35,single_560,560,0,200,1108.694,16.07670649
2026-10-02 21:56:46,8374.386,35,single_560,560,0,200,1110.815,14.464582179999995
2026-10-02 21:56:48,8376.523,35,single_560,560,0,200,1112.922,16.365915665000003
2026-10-02 21:56:50,8378.631,35,single_560,560,0,200,1115.054,15.55280169
2026-10-02 21:56:52,8380.732,35,single_560,560,0,200,1117.159,16.206493790000003
2026-10-02 21:56:54,8382.87,35,single_560,560,0,200,1119.266,15.935033509999998
2026-10-02 21:56:56,8385.032,35,single_560,560,0,200,1121.399,14.346204320000004
2026-10-02 21:56:58,8387.226,35,single_560,560,0,200,1123.565,15.077706144999999
2026-10-02 21:57:01,8389.363,35,single_560,560,0,200,1125.761,15.464850429499998
2026-10-02 21:57:03,8391.471,35,single_560,560,0,200,1127.896,15.241248065
2026-10-02 21:57:05,8393.576,35,single_560,560,0,200,1130.002,16.361161165000006
2026-10-02 21:57:07,8395.68,35,single_560,560,0,200,1132.104,15.127782759999997
2026-10-02 21:57:09,8397.782,35,single_560,560,0,200,1134.209,15.761666085
2026-10-02 21:57:11,8399.917,35,single_560,560,0,200,1136.314,14.8827868
2026-10-02 21:57:13,8402.027,35,single_560,560,0,200,1138.45,15.65913512
2026-10-02 21:57:15,8404.167,35,single_560,560,0,200,1140.566,15.58766505
2026-10-02 21:57:18,8406.334,35,single_560,560,0,200,1142.703,14.752840395
2026-10-02 21:57:20,8408.523,35,single_560,560,0,200,1144.871,15.666266869999998
2026-10-02 21:57:22,8410.667,35,single_560,560,0,200,1147.064,16.192865549999997
2026-10-02 21:57:24,8412.781,35,single_560,560,0,200,1149.209,15.266444629999997
2026-10-02 21:57:26,8414.92,35,single_560,560,0,200,1151.318,15.700972129999997
2026-10-02 21:57:28,8417.024,35,single_560,560,0,200,1153.45,15.708419445
2026-10-02 21:57:30,8419.137,35,single_560,560,0,200,1155.565,14.685490865000002
2026-10-02 21:57:33,8421.275,35,single_560,560,0,200,1157.672,15.928852793500003
2026-10-02 21:57:35,8423.473,35,single_560,560,0,200,1159.818,15.873863090000002
2026-10-02 21:57:37,8425.649,35,single_560,560,0,200,1162.015,15.662463755000001
2026-10-02 21:57:39,8427.764,35,single_560,560,0,200,1164.184,15.822202484999998
2026-10-02 21:57:41,8429.876,35,single_560,560,0,200,1166.3,15.432205370000002
2026-10-02 21:57:43,8431.981,35,single_560,560,0,200,1168.407,15.353920825000001
2026-10-02 21:57:45,8434.117,35,single_560,560,0,200,1170.515,15.152028796
2026-10-02 21:57:47,8436.222,35,single_560,560,0,200,1172.645,15.985585849999998
2026-10-02 21:57:50,8438.336,35,single_560,560,0,200,1174.764,15.370559875
2026-10-02 21:57:52,8440.473,35,single_560,560,0,200,1176.869,15.882579559999998
2026-10-02 21:57:54,8442.632,35,single_560,560,0,200,1179.001,15.889869256499999
2026-10-02 21:57:56,8444.824,35,single_560,560,0,200,1181.166,15.12255367
2026-10-02 21:57:58,8446.961,35,single_560,560,0,200,1183.363,15.433314685
2026-10-02 21:58:00,8449.071,35,single_560,560,0,200,1185.495,15.016536095
2026-10-02 21:58:02,8451.175,35,single_560,560,0,200,1187.6,15.74486806
2026-10-02 21:58:05,8453.279,35,single_560,560,0,200,1189.703,14.65522256
2026-10-02 21:58:07,8455.417,35,single_560,560,0,200,1191.82,15.037296019999998
2026-10-02 21:58:09,8457.53,35,single_560,560,0,200,1193.956,15.878459250000004
2026-10-02 21:58:11,8459.676,35,single_560,560,0,200,1196.072,14.4710795045
2026-10-02 21:58:13,8461.87,35,single_560,560,0,200,1198.217,15.792726639999998
2026-10-02 21:58:15,8464.035,35,single_560,560,0,200,1200.402,15.552643600000003
2026-10-02 21:58:17,8466.161,35,single_560,560,0,200,1202.573,16.387943455
2026-10-02 21:58:20,8468.278,35,single_560,560,0,200,1204.703,14.878507879999997
2026-10-02 21:58:22,8470.384,35,single_560,560,0,200,1206.812,14.159208170000001
2026-10-02 21:58:24,8472.513,35,single_560,560,0,200,1208.921,14.939043859999998
2026-10-02 21:58:26,8474.616,35,single_560,560,0,200,1211.041,15.150285425000002
2026-10-02 21:58:28,8476.731,35,single_560,560,0,200,1213.158,15.118274425
2026-10-02 21:58:30,8478.867,35,single_560,560,0,200,1215.265,15.177067135
2026-10-02 21:58:32,8481.026,35,single_560,560,0,200,1217.399,16.13407279
2026-10-02 21:58:34,8483.222,35,single_560,560,0,200,1219.562,15.476101730000005
2026-10-02 21:58:37,8485.357,35,single_560,560,0,200,1221.756,16.64941977
2026-10-02 21:58:39,8487.465,35,single_560,560,0,200,1223.89,15.432047175
2026-10-02 21:58:41,8489.571,35,single_560,560,0,200,1225.997,15.932022550000001
2026-10-02 21:58:43,8491.676,35,single_560,560,0,200,1228.101,17.959973915000003
2026-10-02 21:58:45,8493.783,35,single_560,560,0,200,1230.218,15.117482125000002
2026-10-02 21:58:47,8495.915,35,single_560,560,0,200,1232.323,15.739163434999998
2026-10-02 21:58:49,8498.018,35,single_560,560,0,200,1234.443,15.711114074999998
2026-10-02 21:58:51,8500.122,35,single_560,560,0,200,1236.548,15.043001295
2026-10-02 21:58:54,8502.265,35,single_560,560,0,200,1238.664,14.922404944999998
2026-10-02 21:58:56,8504.462,35,single_560,560,0,200,1240.802,15.054410794999997
2026-10-02 21:58:58,8506.628,35,single_560,560,0,200,1242.999,15.57340296
2026-10-02 21:59:00,8508.757,35,single_560,560,0,200,1245.157,15.264067855000002
2026-10-02 21:59:02,8510.864,35,single_560,560,0,200,1247.287,15.710322005000002
2026-10-02 21:59:04,8512.977,35,single_560,560,0,200,1249.405,15.407484060999996
2026-10-02 21:59:06,8515.114,35,single_560,560,0,200,1251.517,15.816021935
2026-10-02 21:59:08,8517.232,35,single_560,560,0,200,1253.656,15.837573684999999
2026-10-02 21:59:11,8519.366,35,single_560,560,0,200,1255.764,15.046804582499998
2026-10-02 21:59:13,8521.522,35,single_560,560,0,200,1257.894,16.31060931
2026-10-02 21:59:15,8523.715,35,single_560,560,0,200,1260.059,15.678786384999997
2026-10-02 21:59:17,8525.858,35,single_560,560,0,200,1262.253,15.612386769999997
2026-10-02 21:59:19,8527.962,35,single_560,560,0,200,1264.389,15.888759914999998
2026-10-02 21:59:21,8530.067,35,single_560,560,0,200,1266.492,17.452709140000003
2026-10-02 21:59:23,8532.17,35,single_560,560,0,200,1268.596,16.91691871
2026-10-02 21:59:26,8534.281,35,single_560,560,0,200,1270.704,14.557446629999998
2026-10-02 21:59:28,8536.38,35,single_560,560,0,200,1272.809,15.967995530000001
2026-10-02 21:59:30,8538.514,35,single_560,560,0,200,1274.912,15.684015769999997
2026-10-02 21:59:32,8540.625,35,single_560,560,0,200,1277.048,16.053252195
2026-10-02 21:59:34,8542.73,35,single_560,560,0,200,1279.156,17.730825624999998
2026-10-02 21:59:36,8544.861,35,single_560,560,0,200,1281.26,15.538380430000002
2026-10-02 21:59:38,8547.026,35,single_560,560,0,200,1283.392,15.674348635000001
2026-10-02 21:59:40,8549.215,35,single_560,560,0,200,1285.555,15.870694165000002
2026-10-02 21:59:43,8551.354,35,single_560,560,0,200,1287.753,15.809524105
2026-10-02 21:59:45,8553.458,35,single_560,560,0,200,1289.884,16.394598740000006
2026-10-02 21:59:47,8555.564,35,single_560,560,0,200,1291.99,14.396281394999999
2026-10-02 21:59:49,8557.672,35,single_560,560,0,200,1294.098,15.082301430000001
2026-10-02 21:59:51,8559.811,35,single_560,560,0,200,1296.212,15.416041339999998
2026-10-02 21:59:53,8561.926,35,single_560,560,0,200,1298.352,14.963923639
2026-10-02 21:59:55,8564.069,35,single_560,560,0,200,1300.465,14.871377035
2026-10-02 21:59:58,8566.267,35,single_560,560,0,200,1302.61,14.459352390000003
2026-10-02 22:00:00,8568.437,35,single_560,560,0,200,1304.809,15.908569330000004
2026-10-02 22:00:02,8570.556,35,single_560,560,0,200,1306.977,15.0113069
2026-10-02 22:00:04,8572.673,35,single_560,560,0,200,1309.096,15.920771149999995
2026-10-02 22:00:06,8574.778,35,single_560,560,0,200,1311.205,15.106389349999999
2026-10-02 22:00:08,8576.908,35,single_560,560,0,200,1313.31,16.340718650000003
2026-10-02 22:00:10,8579.021,35,single_560,560,0,200,1315.445,15.088165035
2026-10-02 22:00:12,8581.163,35,single_560,560,0,200,1317.563,15.586555840000003
2026-10-02 22:00:15,8583.355,35,single_560,560,0,200,1319.698,15.992241215000002
2026-10-02 22:00:17,8585.521,35,single_560,560,0,200,1321.889,15.963240904
2026-10-02 22:00:19,8587.656,35,single_560,560,0,200,1324.058,16.007295985
2026-10-02 22:00:21,8589.762,35,single_560,560,0,200,1326.191,15.968311901999998
2026-10-02 22:00:23,8591.869,35,single_560,560,0,200,1328.295,15.558981560000001
2026-10-02 22:00:25,8593.973,35,single_560,560,0,200,1330.401,15.380068449999998
2026-10-02 22:00:27,8596.108,35,single_560,560,0,200,1332.505,15.905082214999998
2026-10-02 22:00:29,8598.216,35,single_560,560,0,200,1334.639,15.07358593
2026-10-02 22:00:32,8600.355,35,single_560,560,0,200,1336.755,15.787497249999998
2026-10-02 22:00:34,8602.518,35,single_560,560,0,200,1338.887,14.874070515
2026-10-02 22:00:36,8604.712,35,single_560,560,0,200,1341.053,14.361100694500001
2026-10-02 22:00:38,8606.853,35,single_560,560,0,200,1343.249,15.311925620000004
2026-10-02 22:00:40,8608.958,35,single_560,560,0,200,1345.387,15.094979574
2026-10-02 22:00:42,8611.064,35,single_560,560,0,200,1347.489,15.613178905000002
2026-10-02 22:00:44,8613.169,35,single_560,560,0,200,1349.596,15.53885629
2026-10-02 22:00:47,8615.303,35,single_560,560,0,200,1351.703,16.222499534999997
2026-10-02 22:00:49,8617.414,35,single_560,560,0,200,1353.838,15.792885385
2026-10-02 22:00:51,8619.517,35,single_560,560,0,200,1355.945,16.447845105000003
2026-10-02 22:00:53,8621.625,35,single_560,560,0,200,1358.05,15.34884982
2026-10-02 22:00:55,8623.756,35,single_560,560,0,200,1360.154,14.239395034999996
2026-10-02 22:00:57,8625.921,35,single_560,560,0,200,1362.289,15.64011923
2026-10-02 22:00:59,8628.112,35,single_560,560,0,200,1364.453,15.203056474999999
2026-10-02 22:01:02,8630.253,35,single_560,560,0,200,1366.648,15.220963444999999
2026-10-02 22:01:04,8632.361,35,single_560,560,0,200,1368.788,14.716868149999998
2026-10-02 22:01:06,8634.467,35,single_560,560,0,200,1370.892,14.611326068999999
2026-10-02 22:01:08,8636.608,35,single_560,560,0,200,1373.01,15.961339048500001
2026-10-02 22:01:10,8638.718,35,single_560,560,0,200,1375.145,16.49158284
2026-10-02 22:01:12,8640.855,35,single_560,560,0,200,1377.25,14.955208219999998
2026-10-02 22:01:14,8643.021,35,single_560,560,0,200,1379.393,16.090493755
2026-10-02 22:01:16,8645.211,35,single_560,560,0,200,1381.553,15.434265505000003
2026-10-02 22:01:19,8647.344,35,single_560,560,0,200,1383.745,15.332210205000003
2026-10-02 22:01:21,8649.459,35,single_560,560,0,200,1385.882,16.112045005
2026-10-02 22:01:23,8651.568,35,single_560,560,0,200,1387.995,15.25868014
2026-10-02 22:01:25,8653.707,35,single_560,560,0,200,1390.102,15.641069785
2026-10-02 22:01:27,8655.81,35,single_560,560,0,200,1392.235,16.21568551
2026-10-02 22:01:29,8657.917,35,single_560,560,0,200,1394.344,16.647518509999998
2026-10-02 22:01:31,8660.023,35,single_560,560,0,200,1396.448,15.037454475
2026-10-02 22:01:33,8662.123,35,single_560,560,0,200,1398.552,15.747086750000003
2026-10-02 22:01:36,8664.264,35,single_560,560,0,200,1400.659,14.503090455
2026-10-02 22:01:38,8666.453,35,single_560,560,0,200,1402.793,15.462473224999998
2026-10-02 22:01:40,8668.616,35,single_560,560,0,200,1404.985,15.66325607
2026-10-02 22:01:42,8670.748,35,single_560,560,0,200,1407.147,15.018596275
2026-10-02 22:01:44,8672.854,35,single_560,560,0,200,1409.278,15.637266364999999
2026-10-02 22:01:46,8674.958,35,single_560,560,0,200,1411.384,14.498495310000001
2026-10-02 22:01:48,8677.063,35,single_560,560,0,200,1413.488,14.868841545
2026-10-02 22:01:50,8679.167,35,single_560,560,0,200,1415.594,15.429352645
2026-10-02 22:01:53,8681.271,35,single_560,560,0,200,1417.697,16.554337170000004
2026-10-02 22:01:55,8683.372,35,single_560,560,0,200,1419.802,16.256096260000003
2026-10-02 22:01:57,8685.5,35,single_560,560,0,200,1421.908,14.591200380000002
2026-10-02 22:01:59,8687.614,35,single_560,560,0,200,1424.04,14.86218571
2026-10-02 22:02:01,8689.719,35,single_560,560,0,200,1426.148,16.280975185
2026-10-02 22:02:03,8691.861,35,single_560,560,0,200,1428.257,16.643397925
2026-10-02 22:02:05,8694.049,35,single_560,560,0,200,1430.39,13.794250691000002
2026-10-02 22:02:07,8696.209,35,single_560,560,0,200,1432.577,15.373095865000002
2026-10-02 22:02:10,8698.35,35,single_560,560,0,200,1434.749,15.5626268115
2026-10-02 22:02:12,8700.46,35,single_560,560,0,200,1436.883,15.313035014999999
2026-10-02 22:02:14,8702.565,35,single_560,560,0,200,1438.991,15.497019784999999
2026-10-02 22:02:16,8704.702,35,single_560,560,0,200,1441.104,15.64249578
2026-10-02 22:02:18,8706.815,35,single_560,560,0,200,1443.239,15.34393676
2026-10-02 22:02:20,8708.918,35,single_560,560,0,200,1445.347,16.0047606605
2026-10-02 22:02:22,8711.058,35,single_560,560,0,200,1447.454,14.82446977
2026-10-02 22:02:24,8713.219,35,single_560,560,0,200,1449.587,15.738529750000001
2026-10-02 22:02:27,8715.4,35,single_560,560,0,200,1451.754,15.502407724999998
2026-10-02 22:02:29,8717.538,35,single_560,560,0,200,1453.939,15.607791204999998
2026-10-02 22:02:31,8719.654,35,single_560,560,0,200,1456.074,15.519522405000004
2026-10-02 22:02:33,8721.767,35,single_560,560,0,200,1458.194,17.79754109
2026-10-02 22:02:35,8723.897,35,single_560,560,0,200,1460.296,15.69288927
2026-10-02 22:02:37,8726.013,35,single_560,560,0,200,1462.435,14.901644925
2026-10-02 22:02:39,8728.113,35,single_560,560,0,200,1464.541,16.1374006
2026-10-02 22:02:42,8730.252,35,single_560,560,0,200,1466.648,15.267078810000001
2026-10-02 22:02:44,8732.414,35,single_560,560,0,200,1468.78,15.101793354999998
2026-10-02 22:02:46,8734.604,35,single_560,560,0,200,1470.945,16.042477265000002
2026-10-02 22:02:48,8736.739,35,single_560,560,0,200,1473.141,15.29116636
2026-10-02 22:02:50,8738.851,35,single_560,560,0,200,1475.273,16.002541830000002
2026-10-02 22:02:52,8740.953,35,single_560,560,0,200,1477.381,16.889820105
2026-10-02 22:02:54,8743.058,35,single_560,560,0,200,1479.483,15.97274918
2026-10-02 22:02:56,8745.161,35,single_560,560,0,200,1481.59,16.35624888
2026-10-02 22:02:59,8747.298,35,single_560,560,0,200,1483.694,16.064187375000003
2026-10-02 22:03:01,8749.404,35,single_560,560,0,200,1485.829,15.823787124999999
2026-10-02 22:03:03,8751.516,35,single_560,560,0,200,1487.942,15.162012450000002
2026-10-02 22:03:05,8753.656,35,single_560,560,0,200,1490.053,15.66262231
2026-10-02 22:03:07,8755.848,35,single_560,560,0,200,1492.193,14.655856690000002
2026-10-02 22:03:09,8758.022,35,single_560,560,0,200,1494.389,14.8916606855
2026-10-02 22:03:11,8760.144,35,single_560,560,0,200,1496.552,14.3366956105
2026-10-02 22:03:14,8762.262,35,single_560,560,0,200,1498.685,16.619944435
2026-10-02 22:03:16,8764.366,35,single_560,560,0,200,1500.792,15.543451904999996
2026-10-02 22:03:18,8766.5,35,single_560,560,0,200,1502.894,15.29956533
2026-10-02 22:03:20,8768.604,35,single_560,560,0,200,1505.03,16.221707629999997
2026-10-02 22:03:22,8770.717,35,single_560,560,0,200,1507.145,15.81491255
2026-10-02 22:03:24,8772.856,35,single_560,560,0,200,1509.251,14.475991580000004
2026-10-02 22:03:26,8775.047,35,single_560,560,0,200,1511.386,14.8064041
2026-10-02 22:03:28,8777.211,35,single_560,560,0,200,1513.58,15.509063094999998
2026-10-02 22:03:31,8779.342,35,single_560,560,0,200,1515.744,15.861502900000001
2026-10-02 22:03:33,8781.451,35,single_560,560,0,200,1517.876,16.099050395000003
2026-10-02 22:03:35,8783.558,35,single_560,560,0,200,1519.984,15.615873229999998
2026-10-02 22:03:37,8785.696,35,single_560,560,0,200,1522.091,15.770064859999998
2026-10-02 22:03:39,8787.805,35,single_560,560,0,200,1524.228,15.038405549999998
2026-10-02 22:03:41,8789.915,35,single_560,560,0,200,1526.344,16.198253495
2026-10-02 22:03:43,8792.053,35,single_560,560,0,200,1528.45,16.402047215
2026-10-02 22:03:46,8794.246,35,single_560,560,0,200,1530.585,14.566320512
2026-10-02 22:03:48,8796.409,35,single_560,560,0,200,1532.778,15.739005149999999
2026-10-02 22:03:50,8798.546,35,single_560,560,0,200,1534.944,16.088908345
2026-10-02 22:03:52,8800.659,35,single_560,560,0,200,1537.082,15.986377975
2026-10-02 22:03:54,8802.765,35,single_560,560,0,200,1539.196,15.54757259
2026-10-02 22:03:56,8804.895,35,single_560,560,0,200,1541.3,16.695693739999996
2026-10-02 22:03:58,8807.0,35,single_560,560,0,200,1543.425,16.571769024999995
2026-10-02 22:04:00,8809.114,35,single_560,560,0,200,1545.541,15.60573126
2026-10-02 22:04:03,8811.249,35,single_560,560,0,200,1547.645,15.108607800000001
2026-10-02 22:04:05,8813.41,35,single_560,560,0,200,1549.778,15.8789345935
2026-10-02 22:04:07,8815.605,35,single_560,560,0,200,1551.942,17.1541498
2026-10-02 22:04:09,8817.733,35,single_560,560,0,200,1554.135,14.619250088000005
2026-10-02 22:04:11,8819.849,35,single_560,560,0,200,1556.272,15.151553102500001
2026-10-02 22:04:13,8821.962,35,single_560,560,0,200,1558.39,14.54762093
2026-10-02 22:04:15,8824.091,35,single_560,560,0,200,1560.492,16.87936122
2026-10-02 22:04:17,8826.198,35,single_560,560,0,200,1562.623,13.722146434999999
2026-10-02 22:04:20,8828.304,35,single_560,560,0,200,1564.729,15.267554205000005
2026-10-02 22:04:22,8830.409,35,single_560,560,0,200,1566.834,16.200471815
2026-10-02 22:04:24,8832.552,35,single_560,560,0,200,1568.95,15.719829649999996
2026-10-02 22:04:26,8834.748,35,single_560,560,0,200,1571.087,17.181723465
2026-10-02 22:04:28,8836.911,35,single_560,560,0,200,1573.279,15.148542400000002
2026-10-02 22:04:30,8839.045,35,single_560,560,0,200,1575.444,14.276160070000001
2026-10-02 22:04:32,8841.154,35,single_560,560,0,200,1577.579,15.419844305
2026-10-02 22:04:35,8843.26,35,single_560,560,0,200,1579.684,16.69886285
2026-10-02 22:04:37,8845.362,35,single_560,560,0,200,1581.789,15.986853460000003
2026-10-02 22:04:39,8847.495,35,single_560,560,0,200,1583.9,17.207871790000002
2026-10-02 22:04:41,8849.607,35,single_560,560,0,200,1586.031,15.18610031
2026-10-02 22:04:43,8851.713,35,single_560,560,0,200,1588.138,16.67620163
2026-10-02 22:04:45,8853.855,35,single_560,560,0,200,1590.253,15.209553629999997
2026-10-02 22:04:47,8856.046,35,single_560,560,0,200,1592.391,15.169936139
2026-10-02 22:04:49,8858.207,35,single_560,560,0,200,1594.575,15.939470424999998
2026-10-02 22:04:52,8860.341,35,single_560,560,0,200,1596.749,14.785010329999997
2026-10-02 22:04:54,8862.447,35,single_560,560,0,200,1598.871,15.984792965
2026-10-02 22:04:56,8864.553,35,single_560,560,0,200,1600.978,16.04311019
2026-10-02 22:04:58,8866.659,35,single_560,560,0,200,1603.083,16.403790424
2026-10-02 22:05:00,8868.761,35,single_560,560,0,200,1605.201,14.854737647000002
2026-10-02 22:05:02,8870.893,35,single_560,560,0,200,1607.292,16.26306785
2026-10-02 22:05:04,8873.001,35,single_560,560,0,200,1609.426,14.763616724999999
2026-10-02 22:05:06,8875.142,35,single_560,560,0,200,1611.543,16.231849325
2026-10-02 22:05:09,8877.302,35,single_560,560,0,200,1613.674,14.863928607499998
2026-10-02 22:05:11,8879.492,35,single_560,560,0,200,1615.837,15.131110425000001
2026-10-02 22:05:13,8881.631,35,single_560,560,0,200,1618.029,16.98014889
2026-10-02 22:05:15,8883.74,35,single_560,560,0,200,1620.162,14.639851215
2026-10-02 22:05:17,8885.845,35,single_560,560,0,200,1622.269,16.452282205000003
2026-10-02 22:05:19,8887.949,35,single_560,560,0,200,1624.375,14.723682174999999
2026-10-02 22:05:21,8890.092,35,single_560,560,0,200,1626.487,15.630769545
2026-10-02 22:05:23,8892.209,35,single_560,560,0,200,1628.633,15.863563264999998
2026-10-02 22:05:26,8894.341,35,single_560,560,0,200,1630.74,14.970104109999998
2026-10-02 22:05:28,8896.542,35,single_560,560,0,200,1632.881,15.821568259999998
2026-10-02 22:05:30,8898.715,35,single_560,560,0,200,1635.082,15.990498284999997
2026-10-02 22:05:32,8900.843,35,single_560,560,0,200,1637.248,14.725108074999998
2026-10-02 22:05:34,8902.956,35,single_560,560,0,200,1639.382,15.44044599
2026-10-02 22:05:36,8905.088,35,single_560,560,0,200,1641.484,15.598282840000001
2026-10-02 22:05:38,8907.206,35,single_560,560,0,200,1643.629,15.356931654999999
2026-10-02 22:05:41,8909.35,35,single_560,560,0,200,1645.747,16.54688911
2026-10-02 22:05:43,8911.537,35,single_560,560,0,200,1647.883,16.16275646
2026-10-02 22:05:45,8913.706,35,single_560,560,0,200,1650.076,16.060383664999996
2026-10-02 22:05:47,8915.843,35,single_560,560,0,200,1652.241,15.290532180000001
2026-10-02 22:05:49,8917.953,35,single_560,560,0,200,1654.378,14.98531709
2026-10-02 22:05:51,8920.057,35,single_560,560,0,200,1656.481,15.066296195
2026-10-02 22:05:53,8922.19,35,single_560,560,0,200,1658.589,15.271832615499997
2026-10-02 22:05:56,8924.298,35,single_560,560,0,200,1660.726,16.746562450000003
2026-10-02 22:05:58,8926.407,35,single_560,560,0,200,1662.833,17.609911829999998
2026-10-02 22:06:00,8928.539,35,single_560,560,0,200,1664.937,15.803344170000004
2026-10-02 22:06:02,8930.702,35,single_560,560,0,200,1667.072,15.656124615
2026-10-02 22:06:04,8932.894,35,single_560,560,0,200,1669.238,15.569916396000004
2026-10-02 22:06:06,8935.037,35,single_560,560,0,200,1671.431,15.353762175000002
2026-10-02 22:06:08,8937.14,35,single_560,560,0,200,1673.567,15.532834460000002
2026-10-02 22:06:11,8939.247,35,single_560,560,0,200,1675.67,16.379227166999996
2026-10-02 22:06:13,8941.351,35,single_560,560,0,200,1677.779,15.401462421999998
2026-10-02 22:06:15,8943.49,35,single_560,560,0,200,1679.885,15.93582519
2026-10-02 22:06:17,8945.595,35,single_560,560,0,200,1682.02,15.561833886000002
2026-10-02 22:06:19,8947.704,35,single_560,560,0,200,1684.132,15.184674079999999
2026-10-02 22:06:21,8949.842,35,single_560,560,0,200,1686.239,16.18636833
2026-10-02 22:06:23,8952.006,35,single_560,560,0,200,1688.375,16.357041340000002
2026-10-02 22:06:25,8954.194,35,single_560,560,0,200,1690.538,15.743283975
2026-10-02 22:06:28,8956.335,35,single_560,560,0,200,1692.736,16.428828659999997
2026-10-02 22:06:30,8958.446,35,single_560,560,0,200,1694.871,15.479587905000002
2026-10-02 22:06:32,8960.551,35,single_560,560,0,200,1696.975,14.170302267999999
2026-10-02 22:06:34,8962.688,35,single_560,560,0,200,1699.093,16.262909215000004
2026-10-02 22:06:36,8964.804,35,single_560,560,0,200,1701.229,16.000006340000002
2026-10-02 22:06:38,8966.935,35,single_560,560,0,200,1703.333,16.66241492
2026-10-02 22:06:40,8969.1,35,single_560,560,0,200,1705.467,17.574097125
2026-10-02 22:06:43,8971.291,35,single_560,560,0,200,1707.642,14.977235770000004
2026-10-02 22:06:45,8973.425,35,single_560,560,0,200,1709.823,15.839950795000002
2026-10-02 22:06:47,8975.537,35,single_560,560,0,200,1711.955,16.824212845
2026-10-02 22:06:49,8977.651,35,single_560,560,0,200,1714.074,16.518048205
2026-10-02 22:06:51,8979.754,35,single_560,560,0,200,1716.193,15.688611329999997
2026-10-02 22:06:53,8981.883,35,single_560,560,0,200,1718.287,15.398451025
2026-10-02 22:06:55,8984.002,35,single_560,560,0,200,1720.425,14.7983217785
2026-10-02 22:06:57,8986.091,35,single_560,560,0,200,1722.535,16.417894130000004
2026-10-02 22:06:59,8988.185,35,single_560,560,0,200,1724.628,15.6203099
2026-10-02 22:07:02,8990.283,35,single_560,560,0,200,1726.726,15.68116289
2026-10-02 22:07:04,8992.383,35,single_560,560,0,200,1728.824,15.579899770000003
2026-10-02 22:07:06,8994.448,35,single_560,560,0,200,1730.915,15.96546009
2026-10-02 22:07:08,8996.537,35,single_560,560,0,200,1732.98,15.918235675
2026-10-02 22:07:10,8998.63,35,single_560,560,0,200,1735.07,15.902863490000001
2026-10-02 22:07:12,9000.721,35,single_560,560,0,200,1737.164,15.934716445
2026-10-02 22:07:14,9002.814,35,single_560,560,0,200,1739.255,15.890661545
2026-10-02 22:07:16,9004.911,35,single_560,560,0,200,1741.347,15.792885200000002
2026-10-02 22:07:18,9007.013,35,single_560,560,0,200,1743.455,16.05832362
2026-10-02 22:07:20,9009.111,35,single_560,560,0,200,1745.547,15.947076804999998
2026-10-02 22:07:22,9011.21,35,single_560,560,0,200,1747.651,15.7870221
2026-10-02 22:07:25,9013.308,35,single_560,560,0,200,1749.738,15.667534535
2026-10-02 22:07:27,9015.413,35,single_560,560,0,200,1751.846,15.451221914999998
2026-10-02 22:07:29,9017.512,35,single_560,560,0,200,1753.952,15.840108834999999
2026-10-02 22:07:31,9019.613,35,single_560,560,0,200,1756.055,15.523643185000001
2026-10-02 22:07:33,9021.709,35,single_560,560,0,200,1758.142,15.623321519999998
2026-10-02 22:07:35,9023.809,35,single_560,560,0,200,1760.252,15.578632095
2026-10-02 22:07:37,9025.908,35,single_560,560,0,200,1762.344,15.605572609999998
2026-10-02 22:07:39,9028.009,35,single_560,560,0,200,1764.449,15.802234079999998
2026-10-02 22:07:41,9030.108,35,single_560,560,0,200,1766.545,15.647567105
2026-10-02 22:07:43,9032.209,35,single_560,560,0,200,1768.64,15.757070145000004
2026-10-02 22:07:46,9034.307,35,single_560,560,0,200,1770.747,15.769906709999997
2026-10-02 22:07:48,9036.41,35,single_560,560,0,200,1772.84,15.694157835
2026-10-02 22:07:50,9038.507,35,single_560,560,0,200,1774.944,15.683698845000004
2026-10-02 22:07:52,9040.609,35,single_560,560,0,200,1777.036,15.642971370000001
2026-10-02 22:07:54,9042.705,35,single_560,560,0,200,1779.14,15.743917685000005
2026-10-02 22:07:56,9044.811,35,single_560,560,0,200,1781.233,15.740113840000003
2026-10-02 22:07:58,9046.907,35,single_560,560,0,200,1783.34,15.68686762
2026-10-02 22:08:00,9049.008,35,single_560,560,0,200,1785.445,15.702398224999994
2026-10-02 22:08:02,9051.107,35,single_560,560,0,200,1787.547,15.857858225000001
2026-10-02 22:08:04,9053.209,35,single_560,560,0,200,1789.64,15.804611705
2026-10-02 22:08:07,9055.307,35,single_560,560,0,200,1791.746,15.777671714999997
2026-10-02 22:08:09,9057.408,35,single_560,560,0,200,1793.838,15.680846214999999
2026-10-02 22:08:11,9059.506,35,single_560,560,0,200,1795.945,15.830283699999999
2026-10-02 22:08:13,9061.607,35,single_560,560,0,200,1798.037,15.729337924999996
2026-10-02 22:08:15,9063.704,35,single_560,560,0,200,1800.14,15.726485620000002
2026-10-02 22:08:17,9065.806,35,single_560,560,0,200,1802.235,15.807305689999998
2026-10-02 22:08:19,9067.906,35,single_560,560,0,200,1804.341,15.820141739999999
2026-10-02 22:08:21,9070.009,35,single_560,560,0,200,1806.447,15.725851709999999
2026-10-02 22:08:23,9072.106,35,single_560,560,0,200,1808.539,15.56801512
2026-10-02 22:08:25,9074.207,35,single_560,560,0,200,1810.635,15.764518549999998
2026-10-02 22:08:28,9076.305,35,single_560,560,0,200,1812.745,15.904923945000004
2026-10-02 22:08:30,9078.407,35,single_560,560,0,200,1814.843,15.817923470000002
2026-10-02 22:08:32,9080.505,35,single_560,560,0,200,1816.94,15.866890785000004
2026-10-02 22:08:34,9082.607,35,single_560,560,0,200,1819.044,15.953574615
2026-10-02 22:08:36,9084.704,35,single_560,560,0,200,1821.135,15.480063895000002
2026-10-02 22:08:38,9086.808,35,single_560,560,0,200,1823.24,15.680846655
2026-10-02 22:08:40,9088.906,35,single_560,560,0,200,1825.341,15.701763985000003
2026-10-02 22:08:42,9091.006,35,single_560,560,0,200,1827.445,15.752475659999998
2026-10-02 22:08:44,9093.106,35,single_560,560,0,200,1829.534,15.603195085000003
2026-10-02 22:08:46,9095.209,35,single_560,560,0,200,1831.643,15.629976935000002
2026-10-02 22:08:49,9097.306,35,single_560,560,0,200,1833.749,15.922197615000002
2026-10-02 22:08:51,9099.406,35,single_560,560,0,200,1835.836,15.80667203
2026-10-02 22:08:53,9101.507,35,single_560,560,0,200,1837.938,15.874339025
2026-10-02 22:08:55,9103.605,35,single_560,560,0,200,1840.042,15.554068975000002
2026-10-02 22:08:57,9105.705,35,single_560,560,0,200,1842.145,15.53172501
2026-10-02 22:08:59,9107.807,35,single_560,560,0,200,1844.246,15.503675905
2026-10-02 22:09:01,9109.903,35,single_560,560,0,200,1846.341,15.742491270000002
2026-10-02 22:09:03,9112.005,35,single_560,560,0,200,1848.445,15.596064149999997
2026-10-02 22:09:05,9114.104,35,single_560,560,0,200,1850.533,15.92092938
2026-10-02 22:09:07,9116.204,35,single_560,560,0,200,1852.637,15.823311675
2026-10-02 22:09:10,9118.302,35,single_560,560,0,200,1854.746,15.667851179999998
2026-10-02 22:09:12,9120.404,35,single_560,560,0,200,1856.839,15.813010879999998
2026-10-02 22:09:14,9122.505,35,single_560,560,0,200,1858.935,15.688928309999996
2026-10-02 22:09:16,9124.606,35,single_560,560,0,200,1861.047,15.970530969999997
2026-10-02 22:09:18,9126.706,35,single_560,560,0,200,1863.148,15.813486334999999
2026-10-02 22:09:20,9128.804,35,single_560,560,0,200,1865.245,15.667851519999997
2026-10-02 22:09:22,9130.901,35,single_560,560,0,200,1867.335,15.743600709999999
2026-10-02 22:09:24,9133.006,35,single_560,560,0,200,1869.438,15.847240804999998
2026-10-02 22:09:26,9135.102,35,single_560,560,0,200,1871.54,15.61000985
2026-10-02 22:09:28,9137.203,35,single_560,560,0,200,1873.644,15.680528765
2026-10-02 22:09:31,9139.303,35,single_560,560,0,200,1875.735,15.756753970000002
2026-10-02 22:09:33,9141.403,35,single_560,560,0,200,1877.839,15.630293545
2026-10-02 22:09:35,9143.502,35,single_560,560,0,200,1879.94,15.705567400000001
2026-10-02 22:09:37,9145.603,35,single_560,560,0,200,1882.036,15.565796385
2026-10-02 22:09:39,9147.702,35,single_560,560,0,200,1884.14,15.559140874999999
2026-10-02 22:09:41,9149.805,35,single_560,560,0,200,1886.244,15.781317095000004
2026-10-02 22:09:43,9151.902,35,single_560,560,0,200,1888.346,15.879568555
2026-10-02 22:09:45,9154.002,35,single_560,560,0,200,1890.438,15.801442510000003
2026-10-02 22:09:47,9156.103,35,single_560,560,0,200,1892.53,15.900803855
2026-10-02 22:09:49,9158.202,35,single_560,560,0,200,1894.634,15.853103995
2026-10-02 22:09:52,9160.3,35,single_560,560,0,200,1896.738,15.668326795000002
2026-10-02 22:09:54,9162.404,35,single_560,560,0,200,1898.828,15.859284625000004
2026-10-02 22:09:56,9164.503,35,single_560,560,0,200,1900.945,15.756278295000001
2026-10-02 22:09:58,9166.601,35,single_560,560,0,200,1903.036,15.912372244999997
2026-10-02 22:10:00,9168.698,35,single_560,560,0,200,1905.133,15.614129974999997
2026-10-02 22:10:02,9170.802,35,single_560,560,0,200,1907.229,15.661671344999998
2026-10-02 22:10:04,9172.899,35,single_560,560,0,200,1909.339,15.72268261
2026-10-02 22:10:06,9175.003,35,single_560,560,0,200,1911.44,15.849142564999998
2026-10-02 22:10:08,9177.1,35,single_560,560,0,200,1913.545,15.958170259999997
2026-10-02 22:10:10,9179.201,35,single_560,560,0,200,1915.635,15.55628804
2026-10-02 22:10:13,9181.299,35,single_560,560,0,200,1917.729,15.901595965
2026-10-02 22:10:15,9183.403,35,single_560,560,0,200,1919.834,15.745501825000002
2026-10-02 22:10:17,9185.498,35,single_560,560,0,200,1921.939,15.847399275
2026-10-02 22:10:19,9187.6,35,single_560,560,0,200,1924.03,15.478161165
2026-10-02 22:10:21,9189.701,35,single_560,560,0,200,1926.135,15.718878805
2026-10-02 22:10:23,9191.799,35,single_560,560,0,200,1928.24,15.633146789999996
2026-10-02 22:10:25,9193.9,35,single_560,560,0,200,1930.329,15.463899780000002
2026-10-02 22:10:27,9196.0,35,single_560,560,0,200,1932.437,15.666900994999997
2026-10-02 22:10:29,9198.097,35,single_560,560,0,200,1934.529,15.628867934999999
2026-10-02 22:10:31,9200.202,35,single_560,560,0,200,1936.633,15.723791949999999
2026-10-02 22:10:34,9202.297,35,single_560,560,0,200,1938.735,15.809524065
2026-10-02 22:10:36,9204.402,35,single_560,560,0,200,1940.837,15.578791125
2026-10-02 22:10:38,9206.503,35,single_560,560,0,200,1942.945,15.780999834999996
2026-10-02 22:10:40,9208.602,35,single_560,560,0,200,1945.04,15.80350259
2026-10-02 22:10:42,9210.7,35,single_560,560,0,200,1947.138,15.402571675
2026-10-02 22:10:44,9212.802,35,single_560,560,0,200,1949.239,15.642179135000003
2026-10-02 22:10:46,9214.9,35,single_560,560,0,200,1951.343,15.609058600000003
2026-10-02 22:10:48,9217.002,35,single_560,560,0,200,1953.442,15.802075865
2026-10-02 22:10:50,9219.099,35,single_560,560,0,200,1955.536,15.88511514
2026-10-02 22:10:52,9221.2,35,single_560,560,0,200,1957.642,15.768163144999995
2026-10-02 22:10:55,9223.298,35,single_560,560,0,200,1959.731,15.625857654999999
2026-10-02 22:10:57,9225.4,35,single_560,560,0,200,1961.835,16.025836764999998
2026-10-02 22:10:59,9227.499,35,single_560,560,0,200,1963.935,15.896841845000003
2026-10-02 22:11:01,9229.6,35,single_560,560,0,200,1966.028,15.709212280000003
2026-10-02 22:11:03,9231.696,35,single_560,560,0,200,1968.131,15.52364286
2026-10-02 22:11:05,9233.801,35,single_560,560,0,200,1970.235,15.936301275000002
2026-10-02 22:11:07,9235.898,35,single_560,560,0,200,1972.34,15.779890535
2026-10-02 22:11:09,9237.998,35,single_560,560,0,200,1974.429,15.935508729999999
2026-10-02 22:11:11,9240.098,35,single_560,560,0,200,1976.534,15.780524589999997
2026-10-02 22:11:13,9242.198,35,single_560,560,0,200,1978.64,15.67767668
2026-10-02 22:11:16,9244.298,35,single_560,560,0,200,1980.731,15.617140669999998
2026-10-02 22:11:18,9246.399,35,single_560,560,0,200,1982.839,15.737895339999998
2026-10-02 22:11:20,9248.498,35,single_560,560,0,200,1984.927,15.67228831
2026-10-02 22:11:22,9250.6,35,single_560,560,0,200,1987.033,15.884322725
2026-10-02 22:11:24,9252.697,35,single_560,560,0,200,1989.139,15.943432314999999
2026-10-02 22:11:26,9254.799,35,single_560,560,0,200,1991.229,15.714600825000002
2026-10-02 22:11:28,9256.897,35,single_560,560,0,200,1993.329,16.001749365
2026-10-02 22:11:30,9258.996,35,single_560,560,0,200,1995.433,15.750255844999998
2026-10-02 22:11:32,9261.095,35,single_560,560,0,200,1997.526,15.692889410000001
2026-10-02 22:11:34,9263.198,35,single_560,560,0,200,1999.636,15.834879919999999
2026-10-02 22:11:37,9265.296,35,single_560,560,0,200,2001.727,15.786546510000003
2026-10-02 22:11:39,9267.399,35,single_560,560,0,200,2003.835,15.711114749999998
2026-10-02 22:11:41,9269.493,35,single_560,560,0,200,2005.93,15.65311364
2026-10-02 22:11:43,9271.598,35,single_560,560,0,200,2008.025,15.573243995000004
2026-10-02 22:11:45,9273.695,35,single_560,560,0,200,2010.134,15.888759815
2026-10-02 22:11:47,9275.798,35,single_560,560,0,200,2012.226,15.598757974999998
2026-10-02 22:11:49,9277.896,35,single_560,560,0,200,2014.336,15.850093024999998
2026-10-02 22:11:51,9279.997,35,single_560,560,0,200,2016.427,15.797639349999997
2026-10-02 22:11:53,9282.095,35,single_560,560,0,200,2018.531,15.82885828
2026-10-02 22:11:55,9284.197,35,single_560,560,0,200,2020.632,15.698436189999999
2026-10-02 22:11:58,9286.295,35,single_560,560,0,200,2022.727,15.77672087
2026-10-02 22:12:00,9288.397,35,single_560,560,0,200,2024.828,15.548047189999997
2026-10-02 22:12:02,9290.496,35,single_560,560,0,200,2026.93,15.628075084999999
2026-10-02 22:12:04,9292.597,35,single_560,560,0,200,2029.035,15.905875019999998
2026-10-02 22:12:06,9294.694,35,single_560,560,0,200,2031.129,15.608424775
2026-10-02 22:12:08,9296.793,35,single_560,560,0,200,2033.235,15.588298685000002
2026-10-02 22:12:10,9298.894,35,single_560,560,0,200,2035.332,15.640436529999999
2026-10-02 22:12:12,9300.996,35,single_560,560,0,200,2037.423,15.63916798
2026-10-02 22:12:14,9303.094,35,single_560,560,0,200,2039.534,15.557555435
2026-10-02 22:12:16,9305.196,35,single_560,560,0,200,2041.625,15.921563055
2026-10-02 22:12:19,9307.292,35,single_560,560,0,200,2043.733,15.907617704999998
2026-10-02 22:12:21,9309.394,35,single_560,560,0,200,2045.83,15.808731540000002
2026-10-02 22:12:23,9311.495,35,single_560,560,0,200,2047.929,15.452014334999996
2026-10-02 22:12:25,9313.596,35,single_560,560,0,200,2050.033,15.767054774999997
2026-10-02 22:12:27,9315.693,35,single_560,560,0,200,2052.134,16.023301825
2026-10-02 22:12:29,9317.795,35,single_560,560,0,200,2054.224,15.871803365000003
2026-10-02 22:12:31,9319.895,35,single_560,560,0,200,2056.338,15.818715425
2026-10-02 22:12:33,9321.995,35,single_560,560,0,200,2058.427,15.993667900000002
2026-10-02 22:12:35,9324.093,35,single_560,560,0,200,2060.531,15.842485710000004
2026-10-02 22:12:37,9326.195,35,single_560,560,0,200,2062.622,15.766737329999996
2026-10-02 22:12:40,9328.293,35,single_560,560,0,200,2064.724,15.714442130000002
2026-10-02 22:12:42,9330.395,35,single_560,560,0,200,2066.831,15.796687725000002
2026-10-02 22:12:44,9332.494,35,single_560,560,0,200,2068.923,15.732032010000001
2026-10-02 22:12:46,9334.594,35,single_560,560,0,200,2071.032,15.851360794999998
2026-10-02 22:12:48,9336.693,35,single_560,560,0,200,2073.124,15.727436544999998
2026-10-02 22:12:50,9338.794,35,single_560,560,0,200,2075.228,15.791934484999999
2026-10-02 22:12:52,9340.892,35,single_560,560,0,200,2077.325,15.896366855
2026-10-02 22:12:54,9342.993,35,single_560,560,0,200,2079.43,16.095722735
2026-10-02 22:12:56,9345.092,35,single_560,560,0,200,2081.533,15.5916269
2026-10-02 22:12:58,9347.194,35,single_560,560,0,200,2083.628,15.640753125
2026-10-02 22:13:01,9349.291,35,single_560,560,0,200,2085.726,15.770223605000002
2026-10-02 22:13:03,9351.394,35,single_560,560,0,200,2087.823,15.970530640000002
2026-10-02 22:13:05,9353.492,35,single_560,560,0,200,2089.935,15.637425690000002
2026-10-02 22:13:07,9355.594,35,single_560,560,0,200,2092.021,15.852152975
2026-10-02 22:13:09,9357.691,35,single_560,560,0,200,2094.132,15.921880494999998
2026-10-02 22:13:11,9359.793,35,single_560,560,0,200,2096.222,15.860393689999999
2026-10-02 22:13:13,9361.891,35,single_560,560,0,200,2098.326,16.012050085
2026-10-02 22:13:15,9363.992,35,single_560,560,0,200,2100.43,15.70588397
2026-10-02 22:13:17,9366.09,35,single_560,560,0,200,2102.521,15.788131245
2026-10-02 22:13:19,9368.193,35,single_560,560,0,200,2104.627,15.96799493
2026-10-02 22:13:22,9370.29,35,single_560,560,0,200,2106.733,15.99588543
2026-10-02 22:13:24,9372.392,35,single_560,560,0,200,2108.82,15.958962690000002
2026-10-02 22:13:26,9374.491,35,single_560,560,0,200,2110.924,15.868000464999996
2026-10-02 22:13:28,9376.592,35,single_560,560,0,200,2113.026,15.586238634999999
2026-10-02 22:13:30,9378.69,35,single_560,560,0,200,2115.128,15.837891015
2026-10-02 22:13:32,9380.791,35,single_560,560,0,200,2117.218,16.033126894999995
2026-10-02 22:13:34,9382.89,35,single_560,560,0,200,2119.321,15.961181225000002
2026-10-02 22:13:36,9384.991,35,single_560,560,0,200,2121.426,16.034869759999996
2026-10-02 22:13:38,9387.089,35,single_560,560,0,200,2123.53,15.826163664999997
2026-10-02 22:13:40,9389.192,35,single_560,560,0,200,2125.618,15.844863560000002
2026-10-02 22:13:43,9391.289,35,single_560,560,0,200,2127.729,15.81618032
2026-10-02 22:13:45,9393.391,35,single_560,560,0,200,2129.819,16.082886795000004
2026-10-02 22:13:47,9395.49,35,single_560,560,0,200,2131.925,15.866257075
2026-10-02 22:13:49,9397.591,35,single_560,560,0,200,2134.025,16.023460169999996
2026-10-02 22:13:51,9399.69,35,single_560,560,0,200,2136.133,15.725376495000003
2026-10-02 22:13:53,9401.791,35,single_560,560,0,200,2138.225,15.760398649999997
2026-10-02 22:13:55,9403.888,35,single_560,560,0,200,2140.325,15.707469214999998
2026-10-02 22:13:57,9405.99,35,single_560,560,0,200,2142.43,15.852945625
2026-10-02 22:13:59,9408.088,35,single_560,560,0,200,2144.523,15.850251589999996
2026-10-02 22:14:01,9410.19,35,single_560,560,0,200,2146.625,15.916333449999996
2026-10-02 22:14:04,9412.288,35,single_560,560,0,200,2148.727,15.830759245
2026-10-02 22:14:06,9414.39,35,single_560,560,0,200,2150.816,15.823311134999997
2026-10-02 22:14:08,9416.489,35,single_560,560,0,200,2152.92,15.897792664999997
2026-10-02 22:14:10,9418.59,35,single_560,560,0,200,2155.023,15.940422185000001
2026-10-02 22:14:12,9420.688,35,single_560,560,0,200,2157.124,15.775928649999999
2026-10-02 22:14:14,9422.79,35,single_560,560,0,200,2159.229,15.776087155
2026-10-02 22:14:16,9424.889,35,single_560,560,0,200,2161.332,15.837890235
2026-10-02 22:14:18,9426.99,35,single_560,560,0,200,2163.419,15.932815284999998
2026-10-02 22:14:20,9429.087,35,single_560,560,0,200,2165.525,15.896683144999999
2026-10-02 22:14:22,9431.189,35,single_560,560,0,200,2167.616,15.825688229999999
2026-10-02 22:14:25,9433.287,35,single_560,560,0,200,2169.72,16.00206671
2026-10-02 22:14:27,9435.388,35,single_560,560,0,200,2171.825,15.962607369999999
2026-10-02 22:14:29,9437.488,35,single_560,560,0,200,2173.923,15.743441695000003
2026-10-02 22:14:31,9439.589,35,single_560,560,0,200,2176.019,15.943590595000005
2026-10-02 22:14:33,9441.686,35,single_560,560,0,200,2178.13,15.815071350000006
2026-10-02 22:14:35,9443.788,35,single_560,560,0,200,2180.229,15.76546958
2026-10-02 22:14:37,9445.886,35,single_560,560,0,200,2182.317,15.930754100000003
2026-10-02 22:14:39,9447.988,35,single_560,560,0,200,2184.42,15.934082245
2026-10-02 22:14:41,9450.085,35,single_560,560,0,200,2186.521,15.739321470000002
2026-10-02 22:14:43,9452.188,35,single_560,560,0,200,2188.623,15.979247160000002
2026-10-02 22:14:46,9454.286,35,single_560,560,0,200,2190.728,15.832185935
2026-10-02 22:14:48,9456.387,35,single_560,560,0,200,2192.817,16.032810279999996
2026-10-02 22:14:50,9458.486,35,single_560,560,0,200,2194.918,15.777988324999999
2026-10-02 22:14:52,9460.588,35,single_560,560,0,200,2197.019,15.832502395
2026-10-02 22:14:54,9462.684,35,single_560,560,0,200,2199.124,15.838683129999996
2026-10-02 22:14:56,9464.786,35,single_560,560,0,200,2201.216,15.761982974999999
2026-10-02 22:14:58,9466.885,35,single_560,560,0,200,2203.318,15.635523015
2026-10-02 22:15:00,9468.984,35,single_560,560,0,200,2205.42,16.018705865
2026-10-02 22:15:02,9471.084,35,single_560,560,0,200,2207.518,15.86514763
2026-10-02 22:15:04,9473.186,35,single_560,560,0,200,2209.621,15.73646922
2026-10-02 22:15:07,9475.284,35,single_560,560,0,200,2211.722,15.84660652
2026-10-02 22:15:09,9477.387,35,single_560,560,0,200,2213.819,15.696376239999998
2026-10-02 22:15:11,9479.484,35,single_560,560,0,200,2215.922,15.928378189999998
2026-10-02 22:15:13,9481.585,35,single_560,560,0,200,2218.02,16.032651715000004
2026-10-02 22:15:15,9483.683,35,single_560,560,0,200,2220.125,15.850727175000003
2026-10-02 22:15:17,9485.785,35,single_560,560,0,200,2222.214,15.849300250000004
2026-10-02 22:15:19,9487.883,35,single_560,560,0,200,2224.32,15.857382350000005
2026-10-02 22:15:21,9489.986,35,single_560,560,0,200,2226.415,15.736786414999996
2026-10-02 22:15:23,9492.083,35,single_560,560,0,200,2228.519,15.776245760000002
2026-10-02 22:15:25,9494.185,35,single_560,560,0,200,2230.625,15.716185280000003
2026-10-02 22:15:28,9496.283,35,single_560,560,0,200,2232.717,15.80160055
2026-10-02 22:15:30,9498.385,35,single_560,560,0,200,2234.824,15.939154099999998
2026-10-02 22:15:32,9500.483,35,single_560,560,0,200,2236.914,16.009673194999998
2026-10-02 22:15:34,9502.585,35,single_560,560,0,200,2239.019,15.692255929999996
2026-10-02 22:15:36,9504.685,35,single_560,560,0,200,2241.127,15.823153074999995
2026-10-02 22:15:38,9506.784,35,single_560,560,0,200,2243.217,15.945175855
2026-10-02 22:15:40,9508.882,35,single_560,560,0,200,2245.323,15.687660645000001
2026-10-02 22:15:42,9510.985,35,single_560,560,0,200,2247.412,15.813961524999996
2026-10-02 22:15:44,9513.082,35,single_560,560,0,200,2249.52,15.840584605
2026-10-02 22:15:46,9515.183,35,single_560,560,0,200,2251.612,15.749780825
2026-10-02 22:15:49,9517.281,35,single_560,560,0,200,2253.719,15.7038244
2026-10-02 22:15:51,9519.384,35,single_560,560,0,200,2255.822,15.628709184999998
2026-10-02 22:15:53,9521.482,35,single_560,560,0,200,2257.912,15.988438149999999
2026-10-02 22:15:55,9523.583,35,single_560,560,0,200,2260.014,15.850092660000001
2026-10-02 22:15:57,9525.681,35,single_560,560,0,200,2262.117,15.864513485000002
2026-10-02 22:15:59,9527.783,35,single_560,560,0,200,2264.209,15.760873405000003
2026-10-02 22:16:01,9529.881,35,single_560,560,0,200,2266.312,15.90983612
2026-10-02 22:16:03,9531.983,35,single_560,560,0,200,2268.421,16.06323612
2026-10-02 22:16:05,9534.08,35,single_560,560,0,200,2270.515,15.638851230000004
2026-10-02 22:16:07,9536.182,35,single_560,560,0,200,2272.62,15.853896175
2026-10-02 22:16:10,9538.281,35,single_560,560,0,200,2274.72,15.821568345
2026-10-02 22:16:12,9540.383,35,single_560,560,0,200,2276.823,15.850251530000005
2026-10-02 22:16:14,9542.481,35,single_560,560,0,200,2278.912,15.887492055000001
2026-10-02 22:16:16,9544.582,35,single_560,560,0,200,2281.015,15.841852550000004
2026-10-02 22:16:18,9546.68,35,single_560,560,0,200,2283.121,15.939470655000003
2026-10-02 22:16:20,9548.782,35,single_560,560,0,200,2285.214,16.024252484999998
2026-10-02 22:16:22,9550.879,35,single_560,560,0,200,2287.317,15.775770595
2026-10-02 22:16:24,9552.981,35,single_560,560,0,200,2289.417,15.887492149999998
2026-10-02 22:16:26,9555.079,35,single_560,560,0,200,2291.512,15.979563585000003
2026-10-02 22:16:28,9557.182,35,single_560,560,0,200,2293.617,15.860235125000004
2026-10-02 22:16:31,9559.281,35,single_560,560,0,200,2295.725,15.93947057
2026-10-02 22:16:33,9561.382,35,single_560,560,0,200,2297.812,15.984159524999999
2026-10-02 22:16:35,9563.479,35,single_560,560,0,200,2299.919,15.795103605
2026-10-02 22:16:37,9565.581,35,single_560,560,0,200,2302.009,16.034870275000003
2026-10-02 22:16:39,9567.678,35,single_560,560,0,200,2304.116,15.785278459999999
2026-10-02 22:16:41,9569.781,35,single_560,560,0,200,2306.207,15.741540625
2026-10-02 22:16:43,9571.878,35,single_560,560,0,200,2308.309,15.937727030000001
2026-10-02 22:16:45,9573.981,35,single_560,560,0,200,2310.416,16.137559109999998
2026-10-02 22:16:47,9576.078,35,single_560,560,0,200,2312.52,15.624747244999996
2026-10-02 22:16:49,9578.18,35,single_560,560,0,200,2314.617,15.658026669999998
2026-10-02 22:16:52,9580.278,35,single_560,560,0,200,2316.718,15.870535605000002
2026-10-02 22:16:54,9582.38,35,single_560,560,0,200,2318.82,16.016803955000004
2026-10-02 22:16:56,9584.478,35,single_560,560,0,200,2320.921,15.769273085
2026-10-02 22:16:58,9586.579,35,single_560,560,0,200,2323.009,15.963716764999997
2026-10-02 22:17:00,9588.677,35,single_560,560,0,200,2325.116,15.689086545000002
2026-10-02 22:17:02,9590.779,35,single_560,560,0,200,2327.219,15.918077015
2026-10-02 22:17:04,9592.877,35,single_560,560,0,200,2329.31,15.873071179999997
2026-10-02 22:17:06,9594.98,35,single_560,560,0,200,2331.415,15.919186219999998
2026-10-02 22:17:08,9597.076,35,single_560,560,0,200,2333.519,16.103329079999998
2026-10-02 22:17:10,9599.179,35,single_560,560,0,200,2335.604,15.933765605000003
2026-10-02 22:17:13,9601.276,35,single_560,560,0,200,2337.708,16.036929990000004
2026-10-02 22:17:15,9603.379,35,single_560,560,0,200,2339.811,15.885590439999996
2026-10-02 22:17:17,9605.478,35,single_560,560,0,200,2341.913,15.75089005
2026-10-02 22:17:19,9607.577,35,single_560,560,0,200,2344.015,15.764677115000003
2026-10-02 22:17:21,9609.677,35,single_560,560,0,200,2346.116,16.137400729999996
2026-10-02 22:17:23,9611.778,35,single_560,560,0,200,2348.21,15.910470195000002
2026-10-02 22:17:25,9613.876,35,single_560,560,0,200,2350.311,16.095406
2026-10-02 22:17:27,9615.978,35,single_560,560,0,200,2352.405,16.109509575
2026-10-02 22:17:29,9618.076,35,single_560,560,0,200,2354.509,15.829967660000003
2026-10-02 22:17:31,9620.178,35,single_560,560,0,200,2356.615,15.898268114999995
2026-10-02 22:17:34,9622.275,35,single_560,560,0,200,2358.714,15.897634485
2026-10-02 22:17:36,9624.378,35,single_560,560,0,200,2360.806,15.877191675000002
2026-10-02 22:17:38,9626.476,35,single_560,560,0,200,2362.907,16.086689755
2026-10-02 22:17:40,9628.578,35,single_560,560,0,200,2365.015,15.863404844999998
2026-10-02 22:17:42,9630.675,35,single_560,560,0,200,2367.112,15.79351876
2026-10-02 22:17:44,9632.777,35,single_560,560,0,200,2369.209,15.935667230000002
2026-10-02 22:17:46,9634.875,35,single_560,560,0,200,2371.306,15.828700310000002
2026-10-02 22:17:48,9636.977,35,single_560,560,0,200,2373.408,16.01490296
2026-10-02 22:17:50,9639.074,35,single_560,560,0,200,2375.513,16.135498639999998
2026-10-02 22:17:52,9641.177,35,single_560,560,0,200,2377.616,15.826480514999998
2026-10-02 22:17:55,9643.276,35,single_560,560,0,200,2379.719,16.009514879999998
2026-10-02 22:17:57,9645.376,35,single_560,560,0,200,2381.81,15.823786664999998
2026-10-02 22:17:59,9647.475,35,single_560,560,0,200,2383.916,15.921246675
2026-10-02 22:18:01,9649.576,35,single_560,560,0,200,2386.005,16.018071725000002
2026-10-02 22:18:03,9651.674,35,single_560,560,0,200,2388.109,15.863880335000001
2026-10-02 22:18:05,9653.776,35,single_560,560,0,200,2390.211,16.089701065
2026-10-02 22:18:07,9655.873,35,single_560,560,0,200,2392.308,16.041367185000002
2026-10-02 22:18:09,9657.976,35,single_560,560,0,200,2394.413,15.857382389999998
2026-10-02 22:18:11,9660.074,35,single_560,560,0,200,2396.505,15.887650469999997
2026-10-02 22:18:13,9662.175,35,single_560,560,0,200,2398.609,15.858333699999998
2026-10-02 22:18:16,9664.273,35,single_560,560,0,200,2400.708,15.90825165
2026-10-02 22:18:18,9666.375,35,single_560,560,0,200,2402.814,15.928218615
2026-10-02 22:18:20,9668.474,35,single_560,560,0,200,2404.909,15.886699675000001
2026-10-02 22:18:22,9670.576,35,single_560,560,0,200,2407.004,15.765311140000001
2026-10-02 22:18:24,9672.673,35,single_560,560,0,200,2409.11,16.064662065000007
2026-10-02 22:18:26,9674.775,35,single_560,560,0,200,2411.205,15.889393994999997
2026-10-02 22:18:28,9676.872,35,single_560,560,0,200,2413.31,15.85120191
2026-10-02 22:18:30,9678.974,35,single_560,560,0,200,2415.4,15.785595360000002
2026-10-02 22:18:32,9681.072,35,single_560,560,0,200,2417.505,15.850409625
2026-10-02 22:18:34,9683.174,35,single_560,560,0,200,2419.611,16.079241825
2026-10-02 22:18:37,9685.272,35,single_560,560,0,200,2421.714,16.115531885000003
2026-10-02 22:18:39,9687.374,35,single_560,560,0,200,2423.807,15.893513665
2026-10-02 22:18:41,9689.472,35,single_560,560,0,200,2425.909,16.122187954999998
2026-10-02 22:18:43,9691.573,35,single_560,560,0,200,2428.009,15.707152514999999
2026-10-02 22:18:45,9693.671,35,single_560,560,0,200,2430.115,15.736469494999998
2026-10-02 22:18:47,9695.773,35,single_560,560,0,200,2432.205,15.843437145
2026-10-02 22:18:49,9697.871,35,single_560,560,0,200,2434.313,16.021558545
2026-10-02 22:18:51,9699.973,35,single_560,560,0,200,2436.404,15.955000875
2026-10-02 22:18:53,9702.071,35,single_560,560,0,200,2438.512,16.023301795000002
2026-10-02 22:18:55,9704.172,35,single_560,560,0,200,2440.608,15.8302845
2026-10-02 22:18:58,9706.272,35,single_560,560,0,200,2442.715,16.27669632
2026-10-02 22:19:00,9708.373,35,single_560,560,0,200,2444.809,16.122028465000003
2026-10-02 22:19:02,9710.471,35,single_560,560,0,200,2446.906,15.854529765000004
2026-10-02 22:19:04,9712.573,35,single_560,560,0,200,2449.005,15.803977665000003
2026-10-02 22:19:06,9714.67,35,single_560,560,0,200,2451.104,16.015536385
2026-10-02 22:19:08,9716.773,35,single_560,560,0,200,2453.2,15.79304398
2026-10-02 22:19:10,9718.871,35,single_560,560,0,200,2455.315,16.030908985
2026-10-02 22:19:12,9720.972,35,single_560,560,0,200,2457.404,16.028531214999997
2026-10-02 22:19:14,9723.07,35,single_560,560,0,200,2459.5,15.999847929999998
2026-10-02 22:19:16,9725.171,35,single_560,560,0,200,2461.6,16.127416585000002
2026-10-02 22:19:19,9727.269,35,single_560,560,0,200,2463.705,15.86055169
2026-10-02 22:19:21,9729.371,35,single_560,560,0,200,2465.811,16.007296324999995
2026-10-02 22:19:23,9731.471,35,single_560,560,0,200,2467.902,15.760240145
2026-10-02 22:19:25,9733.571,35,single_560,560,0,200,2470.01,16.00238331
2026-10-02 22:19:27,9735.669,35,single_560,560,0,200,2472.103,15.910311655
2026-10-02 22:19:29,9737.77,35,single_560,560,0,200,2474.208,16.13613283
2026-10-02 22:19:31,9739.869,35,single_560,560,0,200,2476.312,15.869743614999997
2026-10-02 22:19:33,9741.971,35,single_560,560,0,200,2478.402,15.989864145
2026-10-02 22:19:35,9744.069,35,single_560,560,0,200,2480.509,15.839317114999998
2026-10-02 22:19:37,9746.17,35,single_560,560,0,200,2482.599,15.800332979999999
2026-10-02 22:19:40,9748.269,35,single_560,560,0,200,2484.7,15.810633454999998
2026-10-02 22:19:42,9750.37,35,single_560,560,0,200,2486.805,16.09033463
2026-10-02 22:19:44,9752.469,35,single_560,560,0,200,2488.91,15.95404986
2026-10-02 22:19:46,9754.57,35,single_560,560,0,200,2490.997,15.95246503
2026-10-02 22:19:48,9756.667,35,single_560,560,0,200,2493.103,15.981782734999998
2026-10-02 22:19:50,9758.77,35,single_560,560,0,200,2495.2,15.822202005000001
2026-10-02 22:19:52,9760.867,35,single_560,560,0,200,2497.31,16.111887245000002
2026-10-02 22:19:54,9762.969,35,single_560,560,0,200,2499.404,15.746928370000003
2026-10-02 22:19:56,9765.067,35,single_560,560,0,200,2501.499,15.92124645
2026-10-02 22:19:58,9767.169,35,single_560,560,0,200,2503.605,16.069257734999997
2026-10-02 22:20:01,9769.268,35,single_560,560,0,200,2505.705,16.142946804999994
2026-10-02 22:20:03,9771.369,35,single_560,560,0,200,2507.806,15.868633700000002
2026-10-02 22:20:05,9773.467,35,single_560,560,0,200,2509.911,15.956585159999998
2026-10-02 22:20:07,9775.569,35,single_560,560,0,200,2512.001,15.83868304
2026-10-02 22:20:09,9777.667,35,single_560,560,0,200,2514.105,15.922355949999998
2026-10-02 22:20:11,9779.769,35,single_560,560,0,200,2516.204,16.120127029999995
2026-10-02 22:20:13,9781.867,35,single_560,560,0,200,2518.311,16.042159455
2026-10-02 22:20:15,9783.968,35,single_560,560,0,200,2520.401,16.04770623
2026-10-02 22:20:17,9786.066,35,single_560,560,0,200,2522.501,16.130110525
2026-10-02 22:20:19,9788.168,35,single_560,560,0,200,2524.606,15.978930094999999
2026-10-02 22:20:22,9790.265,35,single_560,560,0,200,2526.697,15.930912560000003
2026-10-02 22:20:24,9792.368,35,single_560,560,0,200,2528.802,16.125515284999995
2026-10-02 22:20:26,9794.466,35,single_560,560,0,200,2530.905,15.846765175
2026-10-02 22:20:28,9796.568,35,single_560,560,0,200,2532.995,15.638376249999999
2026-10-02 22:20:30,9798.664,35,single_560,560,0,200,2535.099,16.187952780000003
2026-10-02 22:20:32,9800.767,35,single_560,560,0,200,2537.205,15.984318080000001
2026-10-02 22:20:34,9802.867,35,single_560,560,0,200,2539.31,15.999213975
2026-10-02 22:20:36,9804.966,35,single_560,560,0,200,2541.396,16.125831984999998
2026-10-02 22:20:38,9807.065,35,single_560,560,0,200,2543.5,15.882103885
2026-10-02 22:20:40,9809.167,35,single_560,560,0,200,2545.603,15.813644265000002
2026-10-02 22:20:43,9811.264,35,single_560,560,0,200,2547.706,15.775453155000001
2026-10-02 22:20:45,9813.367,35,single_560,560,0,200,2549.8,16.172739535
2026-10-02 22:20:47,9815.466,35,single_560,560,0,200,2551.899,16.098416920000005
2026-10-02 22:20:49,9817.566,35,single_560,560,0,200,2553.995,16.109668134999996
2026-10-02 22:20:51,9819.664,35,single_560,560,0,200,2556.108,16.16877806
2026-10-02 22:20:53,9821.766,35,single_560,560,0,200,2558.205,16.011891505000005
2026-10-02 22:20:55,9823.864,35,single_560,560,0,200,2560.303,16.350385425
2026-10-02 22:20:57,9825.965,35,single_560,560,0,200,2562.406,15.964825969999996
2026-10-02 22:20:59,9828.063,35,single_560,560,0,200,2564.5,15.828541159999997
2026-10-02 22:21:01,9830.165,35,single_560,560,0,200,2566.604,16.134073119999996
2026-10-02 22:21:04,9832.263,35,single_560,560,0,200,2568.694,15.855956220000001
2026-10-02 22:21:06,9834.365,35,single_560,560,0,200,2570.798,15.773392939999999
2026-10-02 22:21:08,9836.464,35,single_560,560,0,200,2572.897,15.832502665000005
2026-10-02 22:21:10,9838.565,35,single_560,560,0,200,2574.992,16.108084050000002
2026-10-02 22:21:12,9840.665,35,single_560,560,0,200,2577.108,15.842961529999998
2026-10-02 22:21:14,9842.765,35,single_560,560,0,200,2579.202,15.763726550000003
2026-10-02 22:21:16,9844.862,35,single_560,560,0,200,2581.304,15.92029524
2026-10-02 22:21:18,9846.965,35,single_560,560,0,200,2583.397,15.99921453
2026-10-02 22:21:20,9849.062,35,single_560,560,0,200,2585.5,15.809841545000001
2026-10-02 22:21:22,9851.164,35,single_560,560,0,200,2587.604,15.85294566
2026-10-02 22:21:25,9853.262,35,single_560,560,0,200,2589.704,16.002858935
2026-10-02 22:21:27,9855.364,35,single_560,560,0,200,2591.793,16.148968985000003
2026-10-02 22:21:29,9857.463,35,single_560,560,0,200,2593.899,15.954208464999997
2026-10-02 22:21:31,9859.565,35,single_560,560,0,200,2595.991,15.939946014999999
2026-10-02 22:21:33,9861.662,35,single_560,560,0,200,2598.1,15.730764435
2026-10-02 22:21:35,9863.764,35,single_560,560,0,200,2600.199,15.974175789999997
2026-10-02 22:21:37,9865.86,35,single_560,560,0,200,2602.295,16.068624184999997
2026-10-02 22:21:39,9867.963,35,single_560,560,0,200,2604.398,15.852152830000001
2026-10-02 22:21:41,9870.06,35,single_560,560,0,200,2606.504,16.209822105000004
2026-10-02 22:21:43,9872.163,35,single_560,560,0,200,2608.591,15.952623489999999
2026-10-02 22:21:46,9874.26,35,single_560,560,0,200,2610.695,16.11838426
2026-10-02 22:21:48,9876.363,35,single_560,560,0,200,2612.797,15.99858044
2026-10-02 22:21:50,9878.46,35,single_560,560,0,200,2614.895,16.039782250000002
2026-10-02 22:21:52,9880.563,35,single_560,560,0,200,2616.994,15.995569065
2026-10-02 22:21:54,9882.66,35,single_560,560,0,200,2619.097,16.001273835000003
2026-10-02 22:21:56,9884.762,35,single_560,560,0,200,2621.2,15.934399275
2026-10-02 22:21:58,9886.86,35,single_560,560,0,200,2623.299,16.04184308
2026-10-02 22:22:00,9888.962,35,single_560,560,0,200,2625.401,15.93138874
2026-10-02 22:22:02,9891.058,35,single_560,560,0,200,2627.491,16.11458071
2026-10-02 22:22:04,9893.161,35,single_560,560,0,200,2629.591,16.141203925
2026-10-02 22:22:07,9895.26,35,single_560,560,0,200,2631.689,15.989546995
2026-10-02 22:22:09,9897.362,35,single_560,560,0,200,2633.79,16.097941665
2026-10-02 22:22:11,9899.459,35,single_560,560,0,200,2635.89,16.18494242
2026-10-02 22:22:13,9901.56,35,single_560,560,0,200,2637.99,15.824420375000003
2026-10-02 22:22:15,9903.659,35,single_560,560,0,200,2640.095,15.957377945000003
2026-10-02 22:22:17,9905.76,35,single_560,560,0,200,2642.196,16.08209424
2026-10-02 22:22:19,9907.858,35,single_560,560,0,200,2644.297,16.057372889999996
2026-10-02 22:22:21,9909.961,35,single_560,560,0,200,2646.398,15.933924024999998
2026-10-02 22:22:23,9912.058,35,single_560,560,0,200,2648.501,15.890503159999996
2026-10-02 22:22:25,9914.16,35,single_560,560,0,200,2650.587,15.883055465
2026-10-02 22:22:28,9916.258,35,single_560,560,0,200,2652.702,16.048181335000002
2026-10-02 22:22:30,9918.361,35,single_560,560,0,200,2654.788,16.08066843
2026-10-02 22:22:32,9920.459,35,single_560,560,0,200,2656.902,16.145799665
2026-10-02 22:22:34,9922.56,35,single_560,560,0,200,2658.991,15.825846740000003
2026-10-02 22:22:36,9924.657,35,single_560,560,0,200,2661.095,16.219646755
2026-10-02 22:22:38,9926.759,35,single_560,560,0,200,2663.196,16.030115125000002
2026-10-02 22:22:40,9928.857,35,single_560,560,0,200,2665.297,15.78622911
2026-10-02 22:22:42,9930.961,35,single_560,560,0,200,2667.399,16.16117194
2026-10-02 22:22:44,9933.058,35,single_560,560,0,200,2669.498,16.027738564999996
2026-10-02 22:22:46,9935.159,35,single_560,560,0,200,2671.6,16.016804564999997
2026-10-02 22:22:49,9937.257,35,single_560,560,0,200,2673.7,15.843278775
2026-10-02 22:22:51,9939.359,35,single_560,560,0,200,2675.788,15.866256924999998
2026-10-02 22:22:53,9941.458,35,single_560,560,0,200,2677.891,16.205543234999997
2026-10-02 22:22:55,9943.559,35,single_560,560,0,200,2679.994,16.00491898
2026-10-02 22:22:57,9945.656,35,single_560,560,0,200,2682.097,16.060858910000004
2026-10-02 22:22:59,9947.759,35,single_560,560,0,200,2684.184,16.139936210000002
2026-10-02 22:23:01,9949.857,35,single_560,560,0,200,2686.294,15.941372370000002
2026-10-02 22:23:03,9951.958,35,single_560,560,0,200,2688.387,15.963874910000001
2026-10-02 22:23:05,9954.056,35,single_560,560,0,200,2690.498,15.89890196
2026-10-02 22:23:07,9956.158,35,single_560,560,0,200,2692.598,15.862295445
2026-10-02 22:23:10,9958.256,35,single_560,560,0,200,2694.688,15.869267984999997
2026-10-02 22:23:12,9960.358,35,single_560,560,0,200,2696.794,15.941054739999998
2026-10-02 22:23:14,9962.456,35,single_560,560,0,200,2698.897,15.94517603
2026-10-02 22:23:18,9966.688,35,single_560,560,1,500,0.0,38.892072065
2026-10-02 22:23:20,9968.789,35,single_560,560,1,500,2.089,39.399020745
2026-10-02 22:23:22,9970.89,35,single_560,560,1,500,4.191,39.496004575
2026-10-02 22:23:24,9972.992,35,single_560,560,1,500,6.293,38.86291422
2026-10-02 22:23:26,9975.089,35,single_560,560,1,500,8.397,38.909980080000004
2026-10-02 22:23:28,9977.185,35,single_560,560,1,500,10.485,38.916001465
2026-10-02 22:23:31,9979.277,35,single_560,560,1,500,12.578,39.031210535
2026-10-02 22:23:33,9981.371,35,single_560,560,1,500,14.669,39.353539239999996
2026-10-02 22:23:35,9983.467,35,single_560,560,1,500,16.765,39.186035475
2026-10-02 22:23:37,9985.569,35,single_560,560,1,500,18.862,39.592671775
2026-10-02 22:23:39,9987.663,35,single_560,560,1,500,20.965,39.348151914999995
2026-10-02 22:23:41,9989.768,35,single_560,560,1,500,23.065,39.391413705000005
2026-10-02 22:23:43,9991.873,35,single_560,560,1,500,25.174,39.525322994999996
2026-10-02 22:23:45,9993.968,35,single_560,560,1,500,27.266,39.731333029999995
2026-10-02 22:23:47,9996.069,35,single_560,560,1,500,29.371,39.18064759
2026-10-02 22:23:49,9998.177,35,single_560,560,1,500,31.475,39.80597313
2026-10-02 22:23:52,10000.28,35,single_560,560,1,500,33.58,39.72119204
2026-10-02 22:23:54,10002.39,35,single_560,560,1,500,35.686,39.67586942
2026-10-02 22:23:56,10004.489,35,single_560,560,1,500,37.789,39.50614706
2026-10-02 22:23:58,10006.588,35,single_560,560,1,500,39.892,39.37461635499999
2026-10-02 22:24:00,10008.687,35,single_560,560,1,500,41.988,39.497114345
2026-10-02 22:24:02,10010.789,35,single_560,560,1,500,44.094,39.513752790000005
2026-10-02 22:24:04,10012.88,35,single_560,560,1,500,46.183,39.37524968
2026-10-02 22:24:06,10014.986,35,single_560,560,1,500,48.286,39.170505475
2026-10-02 22:24:08,10017.087,35,single_560,560,1,500,50.393,39.275572075
2026-10-02 22:24:10,10019.188,35,single_560,560,1,500,52.486,39.45670407
2026-10-02 22:24:13,10021.286,35,single_560,560,1,500,54.591,39.602496835000004
2026-10-02 22:24:15,10023.384,35,single_560,560,1,500,56.684,39.40757829000001
2026-10-02 22:24:17,10025.484,35,single_560,560,1,500,58.786,39.98092600500001
2026-10-02 22:24:19,10027.584,35,single_560,560,1,500,60.882,39.58633244
2026-10-02 22:24:21,10029.679,35,single_560,560,1,500,62.98,39.74512052
2026-10-02 22:24:23,10031.775,35,single_560,560,1,500,65.073,39.054346085000006
2026-10-02 22:24:25,10033.87,35,single_560,560,1,500,67.171,39.788383790000005
2026-10-02 22:24:27,10035.968,35,single_560,560,1,500,69.264,40.09597561
2026-10-02 22:24:29,10038.069,35,single_560,560,1,500,71.369,39.61818554
2026-10-02 22:24:31,10040.17,35,single_560,560,1,500,73.47,39.94114939999999
2026-10-02 22:24:34,10042.272,35,single_560,560,1,500,75.572,38.950707205
2026-10-02 22:24:36,10044.377,35,single_560,560,1,500,77.676,39.523579170000005
2026-10-02 22:24:38,10046.478,35,single_560,560,1,500,79.778,39.40535932000001
2026-10-02 22:24:40,10048.573,35,single_560,560,1,500,81.871,39.714059615000004
2026-10-02 22:24:42,10050.673,35,single_560,560,1,500,83.975,39.01187589999999
2026-10-02 22:24:44,10052.78,35,single_560,560,1,500,86.08,39.264795185
2026-10-02 22:24:46,10054.886,35,single_560,560,1,500,88.186,39.325173025000005
2026-10-02 22:24:48,10056.98,35,single_560,560,1,500,90.279,39.5612942
2026-10-02 22:24:50,10059.086,35,single_560,560,1,500,92.386,39.200774585
2026-10-02 22:24:52,10061.185,35,single_560,560,1,500,94.493,38.74548747499999
2026-10-02 22:24:55,10063.281,35,single_560,560,1,500,96.583,39.78996872999999
2026-10-02 22:24:57,10065.387,35,single_560,560,1,500,98.689,39.699164599999996
2026-10-02 22:24:59,10067.485,35,single_560,560,1,500,100.793,39.58300593999999
2026-10-02 22:25:01,10069.587,35,single_560,560,1,500,102.885,39.57318031
2026-10-02 22:25:03,10071.678,35,single_560,560,1,500,104.98,39.494736675
2026-10-02 22:25:05,10073.78,35,single_560,560,1,500,107.08,39.343396760000005
2026-10-02 22:25:07,10075.876,35,single_560,560,1,500,109.178,39.674917414999996
2026-10-02 22:25:09,10077.975,35,single_560,560,1,500,111.273,39.451475065000004
2026-10-02 22:25:11,10080.078,35,single_560,560,1,500,113.38,39.147052359999996
2026-10-02 22:25:13,10082.184,35,single_560,560,1,500,115.482,39.493152124999995
2026-10-02 22:25:16,10084.283,35,single_560,560,1,500,117.589,40.15334136
2026-10-02 22:25:18,10086.379,35,single_560,560,1,500,119.68,39.241183174999996
2026-10-02 22:25:20,10088.484,35,single_560,560,1,500,121.785,39.30805904
2026-10-02 22:25:22,10090.585,35,single_560,560,1,500,123.888,39.404883794999996
2026-10-02 22:25:24,10092.676,35,single_560,560,1,500,125.98,39.26907386499999
2026-10-02 22:25:26,10094.77,35,single_560,560,1,500,128.069,39.4172443
2026-10-02 22:25:28,10096.874,35,single_560,560,1,500,130.174,39.446086265
2026-10-02 22:25:30,10098.978,35,single_560,560,1,500,132.276,39.44339119
2026-10-02 22:25:32,10101.079,35,single_560,560,1,500,134.381,39.986630535
2026-10-02 22:25:34,10103.182,35,single_560,560,1,500,136.479,39.66762833
2026-10-02 22:25:37,10105.284,35,single_560,560,1,500,138.583,39.6696886
2026-10-02 22:25:39,10107.384,35,single_560,560,1,500,140.689,40.200407615
2026-10-02 22:25:41,10109.48,35,single_560,560,1,500,142.779,39.50535487
2026-10-02 22:25:43,10111.585,35,single_560,560,1,500,144.887,39.33626581000001
2026-10-02 22:25:45,10113.678,35,single_560,560,1,500,146.979,39.71057442
2026-10-02 22:25:47,10115.784,35,single_560,560,1,500,149.083,39.45036549500001
2026-10-02 22:25:49,10117.877,35,single_560,560,1,500,151.179,39.49362672499999
2026-10-02 22:25:51,10119.972,35,single_560,560,1,500,153.271,39.65479265
2026-10-02 22:25:53,10122.066,35,single_560,560,1,500,155.366,39.640054295
2026-10-02 22:25:55,10124.168,35,single_560,560,1,500,157.467,39.46985788
2026-10-02 22:25:58,10126.264,35,single_560,560,1,500,159.564,39.08049427
2026-10-02 22:26:00,10128.365,35,single_560,560,1,500,161.665,38.932798244999994
2026-10-02 22:26:02,10130.467,35,single_560,560,1,500,163.767,39.80090208000001
2026-10-02 22:26:04,10132.576,35,single_560,560,1,500,165.875,39.60725106
2026-10-02 22:26:06,10134.673,35,single_560,560,1,500,167.973,39.38174713
2026-10-02 22:26:08,10136.781,35,single_560,560,1,500,170.079,39.385233455000005
2026-10-02 22:26:10,10138.881,35,single_560,560,1,500,172.181,39.456861835
2026-10-02 22:26:12,10140.982,35,single_560,560,1,500,174.285,39.478097670000004
2026-10-02 22:26:14,10143.078,35,single_560,560,1,500,176.387,39.80185333
2026-10-02 22:26:16,10145.183,35,single_560,560,1,500,178.482,39.226446115
2026-10-02 22:26:19,10147.279,35,single_560,560,1,500,180.583,39.52231072
2026-10-02 22:26:21,10149.382,35,single_560,560,1,500,182.686,39.21091613000001
2026-10-02 22:26:23,10151.479,35,single_560,560,1,500,184.779,39.467955755
2026-10-02 22:26:25,10153.582,35,single_560,560,1,500,186.885,39.346409215
2026-10-02 22:26:27,10155.673,35,single_560,560,1,500,188.975,39.41565938
2026-10-02 22:26:29,10157.78,35,single_560,560,1,500,191.079,39.50044196
2026-10-02 22:26:31,10159.876,35,single_560,560,1,500,193.178,38.91029637
2026-10-02 22:26:33,10161.98,35,single_560,560,1,500,195.28,39.81865122000001
2026-10-02 22:26:35,10164.071,35,single_560,560,1,500,197.373,39.42358381500001
2026-10-02 22:26:37,10166.168,35,single_560,560,1,500,199.469,39.51612990499999
2026-10-02 22:26:40,10168.274,35,single_560,560,1,500,201.575,39.312656045
2026-10-02 22:26:42,10170.371,35,single_560,560,1,500,203.671,39.53166102
2026-10-02 22:26:44,10172.463,35,single_560,560,1,500,205.765,39.68902436
2026-10-02 22:26:46,10174.566,35,single_560,560,1,500,207.865,39.561294960000005
2026-10-02 22:26:48,10176.66,35,single_560,560,1,500,209.96,39.622147195
2026-10-02 22:26:50,10178.761,35,single_560,560,1,500,212.059,39.10458126
2026-10-02 22:26:52,10180.858,35,single_560,560,1,500,214.159,40.095816545000005
2026-10-02 22:26:54,10182.954,35,single_560,560,1,500,216.252,39.457654025
2026-10-02 22:26:56,10185.053,35,single_560,560,1,500,218.355,38.980340955
2026-10-02 22:26:58,10187.161,35,single_560,560,1,500,220.46,39.637519785
2026-10-02 22:27:01,10189.261,35,single_560,560,1,500,222.563,39.521517245000005
2026-10-02 22:27:03,10191.363,35,single_560,560,1,500,224.663,39.19855486
2026-10-02 22:27:05,10193.466,35,single_560,560,1,500,226.768,39.136276585
2026-10-02 22:27:07,10195.572,35,single_560,560,1,500,228.871,39.37445915
2026-10-02 22:27:09,10197.673,35,single_560,560,1,500,230.975,39.488080885
2026-10-02 22:27:11,10199.77,35,single_560,560,1,500,233.067,39.79931809
2026-10-02 22:27:13,10201.87,35,single_560,560,1,500,235.173,39.52231128
2026-10-02 22:27:15,10203.975,35,single_560,560,1,500,237.275,39.315030725
2026-10-02 22:27:17,10206.076,35,single_560,560,1,500,239.378,39.52040859
2026-10-02 22:27:19,10208.178,35,single_560,560,1,500,241.483,39.80248813
2026-10-02 22:27:22,10210.275,35,single_560,560,1,500,243.585,38.99317681000001
2026-10-02 22:27:24,10212.377,35,single_560,560,1,500,245.676,39.088734609999996
2026-10-02 22:27:26,10214.476,35,single_560,560,1,500,247.781,39.47920837
2026-10-02 22:27:28,10216.576,35,single_560,560,1,500,249.874,39.42659533
2026-10-02 22:27:30,10218.675,35,single_560,560,1,500,251.98,39.555430605
2026-10-02 22:27:32,10220.777,35,single_560,560,1,500,254.082,39.60043751
2026-10-02 22:27:34,10222.875,35,single_560,560,1,500,256.18,39.66002129
2026-10-02 22:27:36,10224.975,35,single_560,560,1,500,258.275,39.552896825000005
2026-10-02 22:27:38,10227.075,35,single_560,560,1,500,260.377,39.385866560000004
2026-10-02 22:27:40,10229.176,35,single_560,560,1,500,262.48,39.902322175
2026-10-02 22:27:43,10231.268,35,single_560,560,1,500,264.572,39.494419840000006
2026-10-02 22:27:45,10233.363,35,single_560,560,1,500,266.662,39.67428486
2026-10-02 22:27:47,10235.464,35,single_560,560,1,500,268.765,39.694252430000006
2026-10-02 22:27:49,10237.559,35,single_560,560,1,500,270.857,40.049226960000006
2026-10-02 22:27:51,10239.662,35,single_560,560,1,500,272.962,39.633715155
2026-10-02 22:27:53,10241.77,35,single_560,560,1,500,275.068,39.742586030000005
2026-10-02 22:27:55,10243.868,35,single_560,560,1,500,277.17,39.373981765
2026-10-02 22:27:57,10245.969,35,single_560,560,1,500,279.268,39.48712944
2026-10-02 22:27:59,10248.063,35,single_560,560,1,500,281.363,39.22644535500001
2026-10-02 22:28:01,10250.165,35,single_560,560,1,500,283.463,39.522785514999995
2026-10-02 22:28:04,10252.265,35,single_560,560,1,500,285.567,39.07352239
2026-10-02 22:28:06,10254.373,35,single_560,560,1,500,287.672,38.80919257
2026-10-02 22:28:08,10256.474,35,single_560,560,1,500,289.776,39.55685757
2026-10-02 22:28:10,10258.575,35,single_560,560,1,500,291.88,39.561453275000005
2026-10-02 22:28:12,10260.669,35,single_560,560,1,500,293.971,39.52453044
2026-10-02 22:28:14,10262.763,35,single_560,560,1,500,296.062,39.203626285
2026-10-02 22:28:16,10264.863,35,single_560,560,1,500,298.163,39.684426415000004
2026-10-02 22:28:20,10269.078,35,single_560,560,2,1000,0.0,77.40191817500002
2026-10-02 22:28:22,10271.209,35,single_560,560,2,1000,2.094,77.50238962
2026-10-02 22:28:25,10273.322,35,single_560,560,2,1000,4.231,77.67955959500001
2026-10-02 22:28:27,10275.423,35,single_560,560,2,1000,6.331,78.03754545000001
2026-10-02 22:28:29,10277.524,35,single_560,560,2,1000,8.432,78.312491255
2026-10-02 22:28:31,10279.624,35,single_560,560,2,1000,10.534,78.362093495
2026-10-02 22:28:33,10281.76,35,single_560,560,2,1000,12.639,78.0042667
2026-10-02 22:28:35,10283.922,35,single_560,560,2,1000,14.773,78.24054657
2026-10-02 22:28:37,10286.115,35,single_560,560,2,1000,16.942,78.40805015
2026-10-02 22:28:40,10288.255,35,single_560,560,2,1000,19.135,77.90284566500002
2026-10-02 22:28:42,10290.363,35,single_560,560,2,1000,21.271,77.76941358500001
2026-10-02 22:28:44,10292.467,35,single_560,560,2,1000,23.375,78.60059217
2026-10-02 22:28:46,10294.573,35,single_560,560,2,1000,25.482,78.56319249
2026-10-02 22:28:48,10296.675,35,single_560,560,2,1000,27.585,78.78014035
2026-10-02 22:28:50,10298.809,35,single_560,560,2,1000,29.688,77.789697055
2026-10-02 22:28:52,10300.912,35,single_560,560,2,1000,31.82,77.65341289999999
2026-10-02 22:28:54,10303.015,35,single_560,560,2,1000,33.925,77.79318391999999
2026-10-02 22:28:56,10305.119,35,single_560,560,2,1000,36.025,77.93200276499998
2026-10-02 22:28:58,10307.221,35,single_560,560,2,1000,38.131,77.72694267
2026-10-02 22:29:01,10309.327,35,single_560,560,2,1000,40.235,78.11297662
2026-10-02 22:29:03,10311.428,35,single_560,560,2,1000,42.338,78.24577688500001
2026-10-02 22:29:05,10313.559,35,single_560,560,2,1000,44.441,78.01266534999999
2026-10-02 22:29:07,10315.72,35,single_560,560,2,1000,46.575,77.809664985
2026-10-02 22:29:09,10317.909,35,single_560,560,2,1000,48.74,78.72007862
2026-10-02 22:29:11,10320.038,35,single_560,560,2,1000,50.919,78.81341874
2026-10-02 22:29:13,10322.155,35,single_560,560,2,1000,53.054,77.80142239999999
2026-10-02 22:29:16,10324.263,35,single_560,560,2,1000,55.172,78.02740298999998
2026-10-02 22:29:18,10326.368,35,single_560,560,2,1000,57.275,78.03326658000002
2026-10-02 22:29:20,10328.476,35,single_560,560,2,1000,59.387,78.98694499
2026-10-02 22:29:22,10330.605,35,single_560,560,2,1000,61.486,77.99285761499999
2026-10-02 22:29:24,10332.677,35,single_560,560,2,1000,63.615,78.11788954000001
2026-10-02 22:29:26,10334.778,35,single_560,560,2,1000,65.695,78.005692365
2026-10-02 22:29:28,10336.876,35,single_560,560,2,1000,67.801,78.250371285
2026-10-02 22:29:30,10338.977,35,single_560,560,2,1000,69.891,78.29109802500001
2026-10-02 22:29:32,10341.075,35,single_560,560,2,1000,71.999,78.05719561
2026-10-02 22:29:34,10343.207,35,single_560,560,2,1000,74.086,78.38206178500002
2026-10-02 22:29:37,10345.316,35,single_560,560,2,1000,76.224,77.556586635
2026-10-02 22:29:39,10347.42,35,single_560,560,2,1000,78.331,78.10141034999998
2026-10-02 22:29:41,10349.556,35,single_560,560,2,1000,80.434,77.657689895
2026-10-02 22:29:43,10351.715,35,single_560,560,2,1000,82.57,78.709303965
2026-10-02 22:29:45,10353.91,35,single_560,560,2,1000,84.736,78.29268426
2026-10-02 22:29:47,10356.053,35,single_560,560,2,1000,86.933,78.646707535
2026-10-02 22:29:49,10358.164,35,single_560,560,2,1000,89.07,78.43974345000001
2026-10-02 22:29:52,10360.266,35,single_560,560,2,1000,91.176,77.86750643999999
2026-10-02 22:29:54,10362.374,35,single_560,560,2,1000,93.283,77.79350019500001
2026-10-02 22:29:56,10364.473,35,single_560,560,2,1000,95.385,77.74294802
2026-10-02 22:29:58,10366.575,35,single_560,560,2,1000,97.485,78.03580238999999
2026-10-02 22:30:00,10368.675,35,single_560,560,2,1000,99.591,78.20615879500001
2026-10-02 22:30:02,10370.805,35,single_560,560,2,1000,101.695,78.431028865
2026-10-02 22:30:04,10372.908,35,single_560,560,2,1000,103.816,78.06448601000001
2026-10-02 22:30:06,10375.009,35,single_560,560,2,1000,105.919,78.18413227
2026-10-02 22:30:08,10377.119,35,single_560,560,2,1000,108.028,78.74464319000002
2026-10-02 22:30:10,10379.222,35,single_560,560,2,1000,110.134,78.081124655
2026-10-02 22:30:13,10381.324,35,single_560,560,2,1000,112.233,78.322793535
2026-10-02 22:30:15,10383.46,35,single_560,560,2,1000,114.345,77.256759255
2026-10-02 22:30:17,10385.621,35,single_560,560,2,1000,116.476,78.16955149500002
2026-10-02 22:30:19,10387.809,35,single_560,560,2,1000,118.642,77.3027163
2026-10-02 22:30:21,10389.94,35,single_560,560,2,1000,120.821,77.83010750999999
2026-10-02 22:30:23,10392.051,35,single_560,560,2,1000,122.955,78.16004416999999
2026-10-02 22:30:25,10394.166,35,single_560,560,2,1000,125.073,78.24308239
2026-10-02 22:30:28,10396.269,35,single_560,560,2,1000,127.18,77.84341872
2026-10-02 22:30:30,10398.373,35,single_560,560,2,1000,129.282,78.14134360999999
2026-10-02 22:30:32,10400.473,35,single_560,560,2,1000,131.385,78.47286463
2026-10-02 22:30:34,10402.604,35,single_560,560,2,1000,133.49,78.16970981
2026-10-02 22:30:36,10404.716,35,single_560,560,2,1000,135.625,78.26495169500001
2026-10-02 22:30:38,10406.816,35,single_560,560,2,1000,137.727,78.14182006
2026-10-02 22:30:40,10408.95,35,single_560,560,2,1000,139.832,78.12407128000001
2026-10-02 22:30:42,10411.113,35,single_560,560,2,1000,141.968,78.40044385499999
2026-10-02 22:30:45,10413.308,35,single_560,560,2,1000,144.13,77.72551515500001
2026-10-02 22:30:47,10415.443,35,single_560,560,2,1000,146.323,77.82852165500002
2026-10-02 22:30:49,10417.553,35,single_560,560,2,1000,148.455,77.909024425
2026-10-02 22:30:51,10419.652,35,single_560,560,2,1000,150.562,78.11567149999999
2026-10-02 22:30:53,10421.762,35,single_560,560,2,1000,152.671,77.704757085
2026-10-02 22:30:55,10423.869,35,single_560,560,2,1000,154.785,77.85165982000001
2026-10-02 22:30:57,10425.973,35,single_560,560,2,1000,156.886,78.15212011999999
2026-10-02 22:30:59,10428.071,35,single_560,560,2,1000,158.995,77.26119607500002
2026-10-02 22:31:01,10430.171,35,single_560,560,2,1000,161.085,78.07351872499999
2026-10-02 22:31:04,10432.27,35,single_560,560,2,1000,163.193,78.333252305
2026-10-02 22:31:06,10434.402,35,single_560,560,2,1000,165.286,77.96100414999998
2026-10-02 22:31:08,10436.513,35,single_560,560,2,1000,167.42,78.13104279
2026-10-02 22:31:10,10438.614,35,single_560,560,2,1000,169.523,78.14673185
2026-10-02 22:31:12,10440.717,35,single_560,560,2,1000,171.626,77.973840375
2026-10-02 22:31:14,10442.82,35,single_560,560,2,1000,173.731,77.56783775500001
2026-10-02 22:31:16,10444.951,35,single_560,560,2,1000,175.829,78.27240042500001
2026-10-02 22:31:18,10447.107,35,single_560,560,2,1000,177.963,78.34529578499999
2026-10-02 22:31:21,10449.307,35,single_560,560,2,1000,180.129,78.337688745
2026-10-02 22:31:23,10451.444,35,single_560,560,2,1000,182.324,78.37239467
2026-10-02 22:31:25,10453.552,35,single_560,560,2,1000,184.455,78.53783704
2026-10-02 22:31:27,10455.662,35,single_560,560,2,1000,186.571,77.78652831999999
2026-10-02 22:31:29,10457.768,35,single_560,560,2,1000,188.677,77.72218883500001
2026-10-02 22:31:31,10459.869,35,single_560,560,2,1000,190.78,78.89011838
2026-10-02 22:31:33,10461.97,35,single_560,560,2,1000,192.883,79.096605625
2026-10-02 22:31:35,10464.068,35,single_560,560,2,1000,194.991,77.8755881
2026-10-02 22:31:37,10466.169,35,single_560,560,2,1000,197.086,77.68209501999999
2026-10-02 22:31:40,10468.269,35,single_560,560,2,1000,199.181,77.48749331000002
2026-10-02 22:31:42,10470.37,35,single_560,560,2,1000,201.279,78.47302444
2026-10-02 22:31:44,10472.468,35,single_560,560,2,1000,203.382,77.740254245
2026-10-02 22:31:46,10474.57,35,single_560,560,2,1000,205.489,78.68632563
2026-10-02 22:31:48,10476.666,35,single_560,560,2,1000,207.581,78.07890661499998
2026-10-02 22:31:50,10478.77,35,single_560,560,2,1000,209.684,78.092059855
2026-10-02 22:31:52,10480.867,35,single_560,560,2,1000,211.791,78.72261479500001
2026-10-02 22:31:54,10482.969,35,single_560,560,2,1000,213.881,77.78446711999999
2026-10-02 22:31:56,10485.066,35,single_560,560,2,1000,215.982,78.108064455
2026-10-02 22:31:58,10487.197,35,single_560,560,2,1000,218.087,77.79540196500001
2026-10-02 22:32:01,10489.312,35,single_560,560,2,1000,220.22,77.92487219000002
2026-10-02 22:32:03,10491.449,35,single_560,560,2,1000,222.33,77.80031450000001
2026-10-02 22:32:05,10493.616,35,single_560,560,2,1000,224.47,78.62103618500001
2026-10-02 22:32:07,10495.801,35,single_560,560,2,1000,226.635,77.31602825
2026-10-02 22:32:09,10497.937,35,single_560,560,2,1000,228.818,78.12676466499998
2026-10-02 22:32:11,10500.044,35,single_560,560,2,1000,230.954,78.18634845
2026-10-02 22:32:13,10502.149,35,single_560,560,2,1000,233.058,78.42088527
2026-10-02 22:32:16,10504.258,35,single_560,560,2,1000,235.17,78.08968239
2026-10-02 22:32:18,10506.361,35,single_560,560,2,1000,237.268,78.46462353999999
2026-10-02 22:32:20,10508.466,35,single_560,560,2,1000,239.38,78.012506665
2026-10-02 22:32:22,10510.568,35,single_560,560,2,1000,241.475,78.050857025
2026-10-02 22:32:24,10512.664,35,single_560,560,2,1000,243.581,77.69572213
2026-10-02 22:32:26,10514.767,35,single_560,560,2,1000,245.683,78.130885205
2026-10-02 22:32:28,10516.865,35,single_560,560,2,1000,247.786,77.869883185
2026-10-02 22:32:30,10518.967,35,single_560,560,2,1000,249.887,78.43641712999998
2026-10-02 22:32:32,10521.066,35,single_560,560,2,1000,251.99,77.36816668500002
2026-10-02 22:32:34,10523.166,35,single_560,560,2,1000,254.082,77.928357945
2026-10-02 22:32:37,10525.266,35,single_560,560,2,1000,256.186,77.76972874999998
2026-10-02 22:32:39,10527.395,35,single_560,560,2,1000,258.289,77.551197645
2026-10-02 22:32:41,10529.499,35,single_560,560,2,1000,260.407,77.63217688499999
2026-10-02 22:32:43,10531.602,35,single_560,560,2,1000,262.514,77.37862318
2026-10-02 22:32:45,10533.708,35,single_560,560,2,1000,264.616,77.85356044500001
2026-10-02 22:32:47,10535.815,35,single_560,560,2,1000,266.726,77.164528895
2026-10-02 22:32:49,10537.95,35,single_560,560,2,1000,268.83,78.35195251
2026-10-02 22:32:51,10540.109,35,single_560,560,2,1000,270.963,77.33726276499999
2026-10-02 22:32:54,10542.3,35,single_560,560,2,1000,273.132,77.74976194000001
2026-10-02 22:32:56,10544.43,35,single_560,560,2,1000,275.312,77.490345015
2026-10-02 22:32:58,10546.545,35,single_560,560,2,1000,277.451,77.941511565
2026-10-02 22:33:00,10548.646,35,single_560,560,2,1000,279.555,77.31935382500002
2026-10-02 22:33:02,10550.757,35,single_560,560,2,1000,281.663,77.97383890500001
2026-10-02 22:33:04,10552.862,35,single_560,560,2,1000,283.775,78.26732918500001
2026-10-02 22:33:06,10554.964,35,single_560,560,2,1000,285.875,77.94499881
2026-10-02 22:33:08,10557.062,35,single_560,560,2,1000,287.974,78.39965074499999
2026-10-02 22:33:10,10559.194,35,single_560,560,2,1000,290.085,78.17937620500001
2026-10-02 22:33:13,10561.297,35,single_560,560,2,1000,292.206,78.29236649500001
2026-10-02 22:33:15,10563.404,35,single_560,560,2,1000,294.311,77.93184407499999
2026-10-02 22:33:17,10565.509,35,single_560,560,2,1000,296.415,77.55056396499998
2026-10-02 22:33:19,10567.646,35,single_560,560,2,1000,298.531,77.985409645
2026-10-02 22:33:23,10571.86,35,single_560,560,3,2000,0.0,141.70858489999998
2026-10-02 22:33:25,10573.955,35,single_560,560,3,2000,2.093,143.58198860000002
2026-10-02 22:33:27,10576.044,35,single_560,560,3,2000,4.183,143.75301980000003
2026-10-02 22:33:29,10578.111,35,single_560,560,3,2000,6.269,143.62633075000002
2026-10-02 22:33:31,10580.197,35,single_560,560,3,2000,8.343,143.8717895
2026-10-02 22:33:34,10582.297,35,single_560,560,3,2000,10.433,144.1235781
2026-10-02 22:33:36,10584.386,35,single_560,560,3,2000,12.524,144.12357800000004
2026-10-02 22:33:38,10586.479,35,single_560,560,3,2000,14.615,144.08082290000002
2026-10-02 22:33:40,10588.572,35,single_560,560,3,2000,16.708,143.96521815
2026-10-02 22:33:42,10590.672,35,single_560,560,3,2000,18.796,143.81477765
2026-10-02 22:33:44,10592.771,35,single_560,560,3,2000,20.903,144.00638780000003
2026-10-02 22:33:46,10594.872,35,single_560,560,3,2000,22.994,144.09982705000002
2026-10-02 22:33:48,10596.971,35,single_560,560,3,2000,25.108,144.31519355
2026-10-02 22:33:50,10599.072,35,single_560,560,3,2000,27.195,144.07765565
2026-10-02 22:33:52,10601.171,35,single_560,560,3,2000,29.305,144.2898557
2026-10-02 22:33:55,10603.271,35,single_560,560,3,2000,31.4,144.15208325
2026-10-02 22:33:57,10605.371,35,single_560,560,3,2000,33.5,144.30569635
2026-10-02 22:33:59,10607.471,35,single_560,560,3,2000,35.602,144.06814875
2026-10-02 22:34:01,10609.57,35,single_560,560,3,2000,37.696,144.17900439999997
2026-10-02 22:34:03,10611.671,35,single_560,560,3,2000,39.802,144.61607715
2026-10-02 22:34:05,10613.77,35,single_560,560,3,2000,41.907,144.45297060000004
2026-10-02 22:34:07,10615.871,35,single_560,560,3,2000,43.995,144.52106435000002
2026-10-02 22:34:09,10617.97,35,single_560,560,3,2000,46.101,144.53531865000002
2026-10-02 22:34:11,10620.07,35,single_560,560,3,2000,48.207,144.54481600000003
2026-10-02 22:34:13,10622.172,35,single_560,560,3,2000,50.297,144.75226840000002
2026-10-02 22:34:16,10624.272,35,single_560,560,3,2000,52.399,144.38328965
2026-10-02 22:34:18,10626.373,35,single_560,560,3,2000,54.5,144.51155880000002
2026-10-02 22:34:20,10628.473,35,single_560,560,3,2000,56.609,144.61290765
2026-10-02 22:34:22,10630.571,35,single_560,560,3,2000,58.699,144.52423004999997
2026-10-02 22:34:24,10632.672,35,single_560,560,3,2000,60.807,145.0784877
2026-10-02 22:34:26,10634.771,35,single_560,560,3,2000,62.897,144.50205865
2026-10-02 22:34:28,10636.871,35,single_560,560,3,2000,64.995,145.00564555
2026-10-02 22:34:30,10638.971,35,single_560,560,3,2000,67.094,144.64617075000004
2026-10-02 22:34:32,10641.07,35,single_560,560,3,2000,69.202,144.89796305
2026-10-02 22:34:34,10643.171,35,single_560,560,3,2000,71.305,144.94546950000003
2026-10-02 22:34:37,10645.27,35,single_560,560,3,2000,73.398,144.6224124
2026-10-02 22:34:39,10647.37,35,single_560,560,3,2000,75.507,144.38487365000003
2026-10-02 22:34:41,10649.471,35,single_560,560,3,2000,77.599,145.03415080000002
2026-10-02 22:34:43,10651.57,35,single_560,560,3,2000,79.704,145.0658261
2026-10-02 22:34:45,10653.67,35,single_560,560,3,2000,81.799,144.973971
2026-10-02 22:34:47,10655.77,35,single_560,560,3,2000,83.907,145.08640769999997
2026-10-02 22:34:49,10657.87,35,single_560,560,3,2000,85.999,145.26060510000005
2026-10-02 22:34:51,10659.97,35,single_560,560,3,2000,88.1,144.51314720000002
2026-10-02 22:34:53,10662.069,35,single_560,560,3,2000,90.204,145.04523590000002
2026-10-02 22:34:55,10664.17,35,single_560,560,3,2000,92.294,144.95813535
2026-10-02 22:34:58,10666.269,35,single_560,560,3,2000,94.398,145.0943285
2026-10-02 22:35:00,10668.37,35,single_560,560,3,2000,96.499,144.89320884999998
2026-10-02 22:35:02,10670.47,35,single_560,560,3,2000,98.604,145.15925135
2026-10-02 22:35:04,10672.569,35,single_560,560,3,2000,100.698,145.10541410000002
2026-10-02 22:35:06,10674.669,35,single_560,560,3,2000,102.804,145.0341508
2026-10-02 22:35:08,10676.769,35,single_560,560,3,2000,104.894,145.14816915
2026-10-02 22:35:10,10678.868,35,single_560,560,3,2000,106.994,144.86787395
2026-10-02 22:35:12,10680.968,35,single_560,560,3,2000,109.099,144.50047314999998
2026-10-02 22:35:14,10683.069,35,single_560,560,3,2000,111.191,144.89637905000004
2026-10-02 22:35:16,10685.168,35,single_560,560,3,2000,113.305,144.7633572
2026-10-02 22:35:19,10687.268,35,single_560,560,3,2000,115.403,145.42213225000003
2026-10-02 22:35:21,10689.368,35,single_560,560,3,2000,117.5,145.07057215
2026-10-02 22:35:23,10691.468,35,single_560,560,3,2000,119.6,144.89954485
2026-10-02 22:35:25,10693.567,35,single_560,560,3,2000,121.695,145.36195689999997
2026-10-02 22:35:27,10695.668,35,single_560,560,3,2000,123.801,145.21309804999999
2026-10-02 22:35:29,10697.767,35,single_560,560,3,2000,125.895,144.74276685
2026-10-02 22:35:31,10699.867,35,single_560,560,3,2000,128.0,145.24635
2026-10-02 22:35:33,10701.967,35,single_560,560,3,2000,130.09,145.52031599999998
2026-10-02 22:35:35,10704.066,35,single_560,560,3,2000,132.196,145.32711815
2026-10-02 22:35:37,10706.167,35,single_560,560,3,2000,134.298,145.23051454999998
2026-10-02 22:35:40,10708.268,35,single_560,560,3,2000,136.404,145.00564265
2026-10-02 22:35:42,10710.368,35,single_560,560,3,2000,138.492,144.68575785000002
2026-10-02 22:35:44,10712.468,35,single_560,560,3,2000,140.599,144.94864189999998
2026-10-02 22:35:46,10714.567,35,single_560,560,3,2000,142.692,145.04523790000002
2026-10-02 22:35:48,10716.667,35,single_560,560,3,2000,144.796,145.07532345
2026-10-02 22:35:50,10718.766,35,single_560,560,3,2000,146.9,145.23684674999998
2026-10-02 22:35:52,10720.865,35,single_560,560,3,2000,148.989,144.64775170000001
2026-10-02 22:35:54,10722.966,35,single_560,560,3,2000,151.092,145.11649835
2026-10-02 22:35:56,10725.066,35,single_560,560,3,2000,153.194,144.9090451
2026-10-02 22:35:58,10727.166,35,single_560,560,3,2000,155.295,144.98347790000003
2026-10-02 22:36:01,10729.266,35,single_560,560,3,2000,157.399,145.20676135000002
2026-10-02 22:36:03,10731.366,35,single_560,560,3,2000,159.489,144.9011312
2026-10-02 22:36:05,10733.468,35,single_560,560,3,2000,161.604,144.8346168
2026-10-02 22:36:07,10735.565,35,single_560,560,3,2000,163.691,144.8932053
2026-10-02 22:36:09,10737.664,35,single_560,560,3,2000,165.79,145.08323965000002
2026-10-02 22:36:11,10739.765,35,single_560,560,3,2000,167.898,144.9201301
2026-10-02 22:36:13,10741.865,35,single_560,560,3,2000,169.989,145.282778
2026-10-02 22:36:15,10743.965,35,single_560,560,3,2000,172.099,144.9518032
2026-10-02 22:36:17,10746.065,35,single_560,560,3,2000,174.2,144.85045155
2026-10-02 22:36:19,10748.165,35,single_560,560,3,2000,176.288,144.56223990000004
2026-10-02 22:36:22,10750.265,35,single_560,560,3,2000,178.391,145.2701062
2026-10-02 22:36:24,10752.365,35,single_560,560,3,2000,180.5,144.84253579999998
2026-10-02 22:36:26,10754.468,35,single_560,560,3,2000,182.603,145.02306355
2026-10-02 22:36:28,10756.564,35,single_560,560,3,2000,184.693,144.6952581
2026-10-02 22:36:30,10758.665,35,single_560,560,3,2000,186.8,144.90746335
2026-10-02 22:36:32,10760.764,35,single_560,560,3,2000,188.89,144.6113281
2026-10-02 22:36:34,10762.864,35,single_560,560,3,2000,190.995,145.01831310000003
2026-10-02 22:36:36,10764.964,35,single_560,560,3,2000,193.099,145.0959116
2026-10-02 22:36:38,10767.065,35,single_560,560,3,2000,195.201,145.24793920000002
2026-10-02 22:36:40,10769.162,35,single_560,560,3,2000,197.291,144.93121365000002
2026-10-02 22:36:43,10771.263,35,single_560,560,3,2000,199.398,144.7744399
2026-10-02 22:36:45,10773.364,35,single_560,560,3,2000,201.489,145.10699735000003
2026-10-02 22:36:47,10775.464,35,single_560,560,3,2000,203.589,144.9818909
2026-10-02 22:36:49,10777.563,35,single_560,560,3,2000,205.698,144.9771426
2026-10-02 22:36:51,10779.663,35,single_560,560,3,2000,207.786,144.83778475
2026-10-02 22:36:53,10781.763,35,single_560,560,3,2000,209.893,145.13391700000003
2026-10-02 22:36:55,10783.862,35,single_560,560,3,2000,211.988,145.15925275
2026-10-02 22:36:57,10785.962,35,single_560,560,3,2000,214.1,144.91062535000003
2026-10-02 22:36:59,10788.063,35,single_560,560,3,2000,216.198,144.90746645000002
2026-10-02 22:37:01,10790.161,35,single_560,560,3,2000,218.29,144.73326655
2026-10-02 22:37:04,10792.262,35,single_560,560,3,2000,220.394,144.79502955
2026-10-02 22:37:06,10794.362,35,single_560,560,3,2000,222.498,145.03256750000003
2026-10-02 22:37:08,10796.462,35,single_560,560,3,2000,224.585,144.89320745
2026-10-02 22:37:10,10798.562,35,single_560,560,3,2000,226.689,144.79977565
2026-10-02 22:37:12,10800.661,35,single_560,560,3,2000,228.791,144.6778373
2026-10-02 22:37:14,10802.762,35,single_560,560,3,2000,230.894,144.88687370000002
2026-10-02 22:37:16,10804.862,35,single_560,560,3,2000,232.997,145.10065909999997
2026-10-02 22:37:18,10806.961,35,single_560,560,3,2000,235.085,145.30178300000003
2026-10-02 22:37:20,10809.06,35,single_560,560,3,2000,237.194,144.9929752
2026-10-02 22:37:22,10811.161,35,single_560,560,3,2000,239.296,144.61607934999998
2026-10-02 22:37:25,10813.261,35,single_560,560,3,2000,241.385,145.25902564999998
2026-10-02 22:37:27,10815.362,35,single_560,560,3,2000,243.485,145.06898675
2026-10-02 22:37:29,10817.461,35,single_560,560,3,2000,245.588,144.51155889999998
2026-10-02 22:37:31,10819.56,35,single_560,560,3,2000,247.689,144.80453210000002
2026-10-02 22:37:33,10821.66,35,single_560,560,3,2000,249.795,144.81244915000002
2026-10-02 22:37:35,10823.761,35,single_560,560,3,2000,251.887,144.81561260000004
2026-10-02 22:37:37,10825.86,35,single_560,560,3,2000,253.985,145.20676140000003
2026-10-02 22:37:39,10827.96,35,single_560,560,3,2000,256.094,145.09749330000002
2026-10-02 22:37:41,10830.06,35,single_560,560,3,2000,258.187,144.9850582
2026-10-02 22:37:43,10832.16,35,single_560,560,3,2000,260.295,144.91537879999998
2026-10-02 22:37:46,10834.26,35,single_560,560,3,2000,262.388,144.99614239999997
2026-10-02 22:37:48,10836.36,35,single_560,560,3,2000,264.494,144.63666529999998
2026-10-02 22:37:50,10838.46,35,single_560,560,3,2000,266.589,144.86628989999997
2026-10-02 22:37:52,10840.56,35,single_560,560,3,2000,268.693,144.55748505000003
2026-10-02 22:37:54,10842.659,35,single_560,560,3,2000,270.782,144.59074435000002
2026-10-02 22:37:56,10844.759,35,single_560,560,3,2000,272.884,144.64774955
2026-10-02 22:37:58,10846.859,35,single_560,560,3,2000,274.989,144.78393945
2026-10-02 22:38:00,10848.959,35,single_560,560,3,2000,277.091,144.79027465
2026-10-02 22:38:02,10851.059,35,single_560,560,3,2000,279.182,144.69367345000003
2026-10-02 22:38:04,10853.158,35,single_560,560,3,2000,281.285,144.88529050000002
2026-10-02 22:38:07,10855.258,35,single_560,560,3,2000,283.39,144.91696425
2026-10-02 22:38:09,10857.359,35,single_560,560,3,2000,285.495,144.79819535
2026-10-02 22:38:11,10859.459,35,single_560,560,3,2000,287.587,145.07849295000003
2026-10-02 22:38:13,10861.558,35,single_560,560,3,2000,289.689,144.9945621
2026-10-02 22:38:15,10863.658,35,single_560,560,3,2000,291.789,144.663591
2026-10-02 22:38:17,10865.758,35,single_560,560,3,2000,293.892,144.92646235
2026-10-02 22:38:19,10867.858,35,single_560,560,3,2000,295.984,144.7934412
2026-10-02 22:38:21,10869.958,35,single_560,560,3,2000,298.089,144.7855256
2026-10-02 23:39:20,14528.936,70,multi_enable,642,0,200,0.0,18.358750540000003
2026-10-02 23:39:22,14531.046,70,multi_enable,642,0,200,2.109,18.5338472
2026-10-02 23:39:24,14533.147,70,multi_enable,642,0,200,4.228,18.39494378
2026-10-02 23:39:27,14535.246,70,multi_enable,642,0,200,6.329,18.533148710000003
2026-10-02 23:39:29,14537.344,70,multi_enable,642,0,200,8.43,18.449443495
2026-10-02 23:39:31,14539.445,70,multi_enable,642,0,200,10.521,18.457827805000004
2026-10-02 23:39:33,14541.547,70,multi_enable,642,0,200,12.626,18.42107568
2026-10-02 23:39:35,14543.646,70,multi_enable,642,0,200,14.731,18.685048530000003
2026-10-02 23:39:37,14545.746,70,multi_enable,642,0,200,16.818,18.463417335000003
2026-10-02 23:39:39,14547.846,70,multi_enable,642,0,200,18.924,18.606793240000002
2026-10-02 23:39:41,14549.945,70,multi_enable,642,0,200,21.02,18.618950429999995
2026-10-02 23:39:43,14552.045,70,multi_enable,642,0,200,23.128,18.6079112
2026-10-02 23:39:45,14554.146,70,multi_enable,642,0,200,25.216,18.483121219999997
2026-10-02 23:39:48,14556.245,70,multi_enable,642,0,200,27.318,18.630409059999998
2026-10-02 23:39:50,14558.345,70,multi_enable,642,0,200,29.423,18.433093745
2026-10-02 23:39:52,14560.444,70,multi_enable,642,0,200,31.517,18.560957445
2026-10-02 23:39:54,14562.544,70,multi_enable,642,0,200,33.626,18.51540162
2026-10-02 23:39:56,14564.647,70,multi_enable,642,0,200,35.724,18.528677525000003
2026-10-02 23:39:58,14566.744,70,multi_enable,642,0,200,37.83,18.58108025
2026-10-02 23:40:00,14568.843,70,multi_enable,642,0,200,39.923,18.58750861
2026-10-02 23:40:02,14570.942,70,multi_enable,642,0,200,42.026,18.453076675000002
2026-10-02 23:40:04,14573.043,70,multi_enable,642,0,200,44.116,18.583735465
2026-10-02 23:40:06,14575.146,70,multi_enable,642,0,200,46.221,18.70768676
2026-10-02 23:40:09,14577.246,70,multi_enable,642,0,200,48.327,18.556625394999994
2026-10-02 23:40:11,14579.341,70,multi_enable,642,0,200,50.429,18.466631605
2026-10-02 23:40:13,14581.444,70,multi_enable,642,0,200,52.52,18.664087345000002
2026-10-02 23:40:15,14583.544,70,multi_enable,642,0,200,54.625,18.482702144999998
2026-10-02 23:40:17,14585.643,70,multi_enable,642,0,200,56.726,18.54824116
2026-10-02 23:40:19,14587.743,70,multi_enable,642,0,200,58.814,18.462300114999998
2026-10-02 23:40:21,14589.842,70,multi_enable,642,0,200,60.918,18.520012960000003
2026-10-02 23:40:23,14591.943,70,multi_enable,642,0,200,63.022,18.640890074999998
2026-10-02 23:40:25,14594.042,70,multi_enable,642,0,200,65.127,18.521131120000003
2026-10-02 23:40:27,14596.145,70,multi_enable,642,0,200,67.218,18.474596825
2026-10-02 23:40:30,14598.243,70,multi_enable,642,0,200,69.322,18.580940744999996
2026-10-02 23:40:32,14600.344,70,multi_enable,642,0,200,71.421,18.454753519999997
2026-10-02 23:40:34,14602.443,70,multi_enable,642,0,200,73.517,18.535664389999997
2026-10-02 23:40:36,14604.543,70,multi_enable,642,0,200,75.614,18.473339095
2026-10-02 23:40:38,14606.641,70,multi_enable,642,0,200,77.722,18.444412574999998
2026-10-02 23:40:40,14608.742,70,multi_enable,642,0,200,79.818,18.51651966
2026-10-02 23:40:42,14610.841,70,multi_enable,642,0,200,81.923,18.573534494999997
2026-10-02 23:40:44,14612.942,70,multi_enable,642,0,200,84.028,18.536083400000003
2026-10-02 23:40:46,14615.043,70,multi_enable,642,0,200,86.114,18.67414825
2026-10-02 23:40:48,14617.144,70,multi_enable,642,0,200,88.216,18.64340529499999
2026-10-02 23:40:51,14619.242,70,multi_enable,642,0,200,90.319,18.57437286
2026-10-02 23:40:53,14621.341,70,multi_enable,642,0,200,92.423,18.351344294999997
2026-10-02 23:40:55,14623.441,70,multi_enable,642,0,200,94.515,18.501846415000003
2026-10-02 23:40:57,14625.541,70,multi_enable,642,0,200,96.623,18.524065150000002
2026-10-02 23:40:59,14627.642,70,multi_enable,642,0,200,98.726,18.573673995
2026-10-02 23:41:01,14629.74,70,multi_enable,642,0,200,100.816,18.51637932
2026-10-02 23:41:03,14631.84,70,multi_enable,642,0,200,102.919,18.649413995000003
2026-10-02 23:41:05,14633.938,70,multi_enable,642,0,200,105.021,18.550616309999995
2026-10-02 23:41:07,14636.041,70,multi_enable,642,0,200,107.121,18.447905585
2026-10-02 23:41:09,14638.141,70,multi_enable,642,0,200,109.224,18.543629435
2026-10-02 23:41:12,14640.243,70,multi_enable,642,0,200,111.322,18.62929166
2026-10-02 23:41:14,14642.34,70,multi_enable,642,0,200,113.423,18.66953671
2026-10-02 23:41:16,14644.44,70,multi_enable,642,0,200,115.515,18.62873257
2026-10-02 23:41:18,14646.54,70,multi_enable,642,0,200,117.623,18.53300901
2026-10-02 23:41:20,14648.64,70,multi_enable,642,0,200,119.713,18.462578765
2026-10-02 23:41:22,14650.737,70,multi_enable,642,0,200,121.812,18.465513454999996
2026-10-02 23:41:24,14652.84,70,multi_enable,642,0,200,123.917,18.549498829999997
2026-10-02 23:41:26,14654.939,70,multi_enable,642,0,200,126.012,18.56962116
2026-10-02 23:41:28,14657.036,70,multi_enable,642,0,200,128.113,18.599386419999995
2026-10-02 23:41:30,14659.141,70,multi_enable,642,0,200,130.219,18.59645202
2026-10-02 23:41:32,14661.238,70,multi_enable,642,0,200,132.322,18.591421185000005
2026-10-02 23:41:35,14663.34,70,multi_enable,642,0,200,134.421,18.55983938
2026-10-02 23:41:37,14665.438,70,multi_enable,642,0,200,136.518,18.495557730000005
2026-10-02 23:41:39,14667.538,70,multi_enable,642,0,200,138.612,18.570459635
2026-10-02 23:41:41,14669.636,70,multi_enable,642,0,200,140.723,18.489689390000002
2026-10-02 23:41:43,14671.738,70,multi_enable,642,0,200,142.811,18.553551385
2026-10-02 23:41:45,14673.838,70,multi_enable,642,0,200,144.922,18.550756469999996
2026-10-02 23:41:47,14675.936,70,multi_enable,642,0,200,147.011,18.683231995
2026-10-02 23:41:49,14678.04,70,multi_enable,642,0,200,149.117,18.603299370000002
2026-10-02 23:41:51,14680.138,70,multi_enable,642,0,200,151.223,18.57618923
2026-10-02 23:41:53,14682.238,70,multi_enable,642,0,200,153.318,18.43351274
2026-10-02 23:41:56,14684.337,70,multi_enable,642,0,200,155.412,18.515401895
2026-10-02 23:41:58,14686.437,70,multi_enable,642,0,200,157.522,18.52378602
2026-10-02 23:42:00,14688.537,70,multi_enable,642,0,200,159.619,18.44762657
2026-10-02 23:42:02,14690.638,70,multi_enable,642,0,200,161.723,18.55788296
2026-10-02 23:42:04,14692.737,70,multi_enable,642,0,200,163.812,18.535105320000003
2026-10-02 23:42:06,14694.836,70,multi_enable,642,0,200,165.912,18.55774335
2026-10-02 23:42:08,14696.937,70,multi_enable,642,0,200,168.013,18.468448135000003
2026-10-02 23:42:10,14699.034,70,multi_enable,642,0,200,170.119,18.35567588
2026-10-02 23:42:12,14701.135,70,multi_enable,642,0,200,172.207,18.455591695000003
2026-10-02 23:42:15,14703.238,70,multi_enable,642,0,200,174.317,18.538180004999997
2026-10-02 23:42:17,14705.337,70,multi_enable,642,0,200,176.419,18.593517405000004
2026-10-02 23:42:19,14707.437,70,multi_enable,642,0,200,178.522,18.47236072
2026-10-02 23:42:21,14709.537,70,multi_enable,642,0,200,180.612,18.596871015
2026-10-02 23:42:23,14711.635,70,multi_enable,642,0,200,182.714,18.486055815000004
2026-10-02 23:42:25,14713.736,70,multi_enable,642,0,200,184.817,18.50212635
2026-10-02 23:42:27,14715.838,70,multi_enable,642,0,200,186.922,18.5015671
2026-10-02 23:42:29,14717.936,70,multi_enable,642,0,200,189.013,18.515681005
2026-10-02 23:42:31,14720.035,70,multi_enable,642,0,200,191.119,18.519873545
2026-10-02 23:42:33,14722.138,70,multi_enable,642,0,200,193.208,18.50925321
2026-10-02 23:42:35,14724.237,70,multi_enable,642,0,200,195.317,18.532729340000003
2026-10-02 23:42:38,14726.335,70,multi_enable,642,0,200,197.417,18.598408239999998
2026-10-02 23:42:40,14728.434,70,multi_enable,642,0,200,199.52,18.620766335000003
2026-10-02 23:42:42,14730.534,70,multi_enable,642,0,200,201.607,18.61769269
2026-10-02 23:42:44,14732.634,70,multi_enable,642,0,200,203.711,18.534965165
2026-10-02 23:42:46,14734.737,70,multi_enable,642,0,200,205.818,18.590583005000003
2026-10-02 23:42:48,14736.838,70,multi_enable,642,0,200,207.923,18.525742179999998
2026-10-02 23:42:50,14738.936,70,multi_enable,642,0,200,210.016,18.496955565
2026-10-02 23:42:52,14741.034,70,multi_enable,642,0,200,212.114,18.397458739999994
2026-10-02 23:42:54,14743.135,70,multi_enable,642,0,200,214.209,18.57549073
2026-10-02 23:42:56,14745.235,70,multi_enable,642,0,200,216.309,18.406542399999996
2026-10-02 23:42:59,14747.333,70,multi_enable,642,0,200,218.408,18.516380055
2026-10-02 23:43:01,14749.433,70,multi_enable,642,0,200,220.514,18.6168543
2026-10-02 23:43:03,14751.536,70,multi_enable,642,0,200,222.618,18.593098124999997
2026-10-02 23:43:05,14753.634,70,multi_enable,642,0,200,224.72,18.450700955000002
2026-10-02 23:43:07,14755.733,70,multi_enable,642,0,200,226.809,18.485078019999996
2026-10-02 23:43:09,14757.833,70,multi_enable,642,0,200,228.915,18.455871569999996
2026-10-02 23:43:11,14759.933,70,multi_enable,642,0,200,231.009,18.508554439999997
2026-10-02 23:43:13,14762.031,70,multi_enable,642,0,200,233.111,18.469007129999998
2026-10-02 23:43:15,14764.134,70,multi_enable,642,0,200,235.203,18.447626845
2026-10-02 23:43:17,14766.235,70,multi_enable,642,0,200,237.306,18.495139205
2026-10-02 23:43:20,14768.334,70,multi_enable,642,0,200,239.416,18.673309765
2026-10-02 23:43:22,14770.433,70,multi_enable,642,0,200,241.519,18.485775689999997
2026-10-02 23:43:24,14772.532,70,multi_enable,642,0,200,243.611,18.5529923
2026-10-02 23:43:26,14774.632,70,multi_enable,642,0,200,245.715,18.61252179
2026-10-02 23:43:28,14776.733,70,multi_enable,642,0,200,247.818,18.659894915
2026-10-02 23:43:30,14778.831,70,multi_enable,642,0,200,249.907,18.448185080000002
2026-10-02 23:43:32,14780.932,70,multi_enable,642,0,200,252.008,18.514422975
2026-10-02 23:43:34,14783.032,70,multi_enable,642,0,200,254.111,18.579962565
2026-10-02 23:43:36,14785.132,70,multi_enable,642,0,200,256.217,18.490807059999995
2026-10-02 23:43:38,14787.233,70,multi_enable,642,0,200,258.313,18.462439349999997
2026-10-02 23:43:41,14789.331,70,multi_enable,642,0,200,260.418,18.434909545
2026-10-02 23:43:43,14791.431,70,multi_enable,642,0,200,262.514,18.40542443
2026-10-02 23:43:45,14793.531,70,multi_enable,642,0,200,264.609,18.424848379999997
2026-10-02 23:43:47,14795.63,70,multi_enable,642,0,200,266.703,18.472640679999994
2026-10-02 23:43:49,14797.731,70,multi_enable,642,0,200,268.803,18.580101985000002
2026-10-02 23:43:51,14799.83,70,multi_enable,642,0,200,270.906,18.494020865
2026-10-02 23:43:53,14801.93,70,multi_enable,642,0,200,273.01,18.422892025000007
2026-10-02 23:43:55,14804.03,70,multi_enable,642,0,200,275.11,18.47836999
2026-10-02 23:43:57,14806.131,70,multi_enable,642,0,200,277.214,18.512467585
2026-10-02 23:43:59,14808.233,70,multi_enable,642,0,200,279.304,18.620068574999998
2026-10-02 23:44:02,14810.33,70,multi_enable,642,0,200,281.41,18.553550920000003
2026-10-02 23:44:04,14812.432,70,multi_enable,642,0,200,283.514,18.593517310000003
2026-10-02 23:44:06,14814.532,70,multi_enable,642,0,200,285.605,18.560678139999997
2026-10-02 23:44:08,14816.632,70,multi_enable,642,0,200,287.71,18.674148615000004
2026-10-02 23:44:10,14818.73,70,multi_enable,642,0,200,289.814,18.58135982
2026-10-02 23:44:12,14820.829,70,multi_enable,642,0,200,291.903,18.463557305
2026-10-02 23:44:14,14822.929,70,multi_enable,642,0,200,294.008,18.525183289999998
2026-10-02 23:44:16,14825.028,70,multi_enable,642,0,200,296.113,18.553131724999997
2026-10-02 23:44:18,14827.128,70,multi_enable,642,0,200,298.202,18.423031735000002
2026-10-02 23:44:20,14829.23,70,multi_enable,642,0,200,300.308,18.541114320000002
2026-10-02 23:44:23,14831.33,70,multi_enable,642,0,200,302.403,18.712717204999997
2026-10-02 23:44:25,14833.43,70,multi_enable,642,0,200,304.505,18.68057671
2026-10-02 23:44:27,14835.529,70,multi_enable,642,0,200,306.612,18.441198855
2026-10-02 23:44:29,14837.628,70,multi_enable,642,0,200,308.703,18.47850959
2026-10-02 23:44:31,14839.729,70,multi_enable,642,0,200,310.807,18.388934895
2026-10-02 23:44:33,14841.827,70,multi_enable,642,0,200,312.903,18.46677111
2026-10-02 23:44:35,14843.928,70,multi_enable,642,0,200,314.999,18.475714800000006
2026-10-02 23:44:37,14846.028,70,multi_enable,642,0,200,317.102,18.472640399999996
2026-10-02 23:44:39,14848.13,70,multi_enable,642,0,200,319.206,18.527698429999997
2026-10-02 23:44:41,14850.229,70,multi_enable,642,0,200,321.307,18.397319130000003
2026-10-02 23:44:44,14852.327,70,multi_enable,642,0,200,323.409,18.427503564999995
2026-10-02 23:44:46,14854.427,70,multi_enable,642,0,200,325.513,18.46341769
2026-10-02 23:44:48,14856.528,70,multi_enable,642,0,200,327.603,18.45125992
2026-10-02 23:44:50,14858.627,70,multi_enable,642,0,200,329.706,18.472500425
2026-10-02 23:44:52,14860.727,70,multi_enable,642,0,200,331.809,18.516379775
2026-10-02 23:44:54,14862.827,70,multi_enable,642,0,200,333.903,18.563193355
2026-10-02 23:44:56,14864.927,70,multi_enable,642,0,200,336.006,18.5525733
2026-10-02 23:44:58,14867.027,70,multi_enable,642,0,200,338.111,18.490807064999995
2026-10-02 23:45:00,14869.129,70,multi_enable,642,0,200,340.201,18.481304589999997
2026-10-02 23:45:02,14871.227,70,multi_enable,642,0,200,342.305,18.535245309999997
2026-10-02 23:45:05,14873.326,70,multi_enable,642,0,200,344.412,18.468588299999997
2026-10-02 23:45:07,14875.426,70,multi_enable,642,0,200,346.501,18.62845292
2026-10-02 23:45:09,14877.526,70,multi_enable,642,0,200,348.607,18.554109805
2026-10-02 23:45:11,14879.626,70,multi_enable,642,0,200,350.703,18.4270843
2026-10-02 23:45:13,14881.726,70,multi_enable,642,0,200,352.812,18.457967685
2026-10-02 23:45:15,14883.825,70,multi_enable,642,0,200,354.912,18.350505635
2026-10-02 23:45:17,14885.926,70,multi_enable,642,0,200,356.997,18.528537819999997
2026-10-02 23:45:19,14888.024,70,multi_enable,642,0,200,359.107,18.477531525
2026-10-02 23:45:21,14890.126,70,multi_enable,642,0,200,361.204,18.483540225000002
2026-10-02 23:45:23,14892.226,70,multi_enable,642,0,200,363.298,18.462998145
2026-10-02 23:45:26,14894.326,70,multi_enable,642,0,200,365.4,18.43057815
2026-10-02 23:45:28,14896.424,70,multi_enable,642,0,200,367.504,18.39787885
2026-10-02 23:45:30,14898.525,70,multi_enable,642,0,200,369.603,18.411154110000002
2026-10-02 23:45:32,14900.624,70,multi_enable,642,0,200,371.707,18.53189115
2026-10-02 23:45:34,14902.725,70,multi_enable,642,0,200,373.8,18.539576699999998
2026-10-02 23:45:36,14904.823,70,multi_enable,642,0,200,375.906,18.504920795
2026-10-02 23:45:38,14906.924,70,multi_enable,642,0,200,378.008,18.43574839
2026-10-02 23:45:40,14909.023,70,multi_enable,642,0,200,380.097,18.391450215
2026-10-02 23:45:42,14911.123,70,multi_enable,642,0,200,382.204,18.428761975
2026-10-02 23:45:44,14913.225,70,multi_enable,642,0,200,384.31,18.50897345
2026-10-02 23:45:47,14915.325,70,multi_enable,642,0,200,386.403,18.648436009999998
2026-10-02 23:45:49,14917.422,70,multi_enable,642,0,200,388.509,18.455172425000008
2026-10-02 23:45:51,14919.524,70,multi_enable,642,0,200,390.594,18.360148185
2026-10-02 23:45:53,14921.624,70,multi_enable,642,0,200,392.71,18.388934994999996
2026-10-02 23:45:55,14923.723,70,multi_enable,642,0,200,394.806,18.55187444
2026-10-02 23:45:57,14925.823,70,multi_enable,642,0,200,396.899,18.5683637
2026-10-02 23:45:59,14927.924,70,multi_enable,642,0,200,398.996,18.474317165000002
2026-10-02 23:46:01,14930.023,70,multi_enable,642,0,200,401.104,18.626636174999998
2026-10-02 23:46:03,14932.124,70,multi_enable,642,0,200,403.208,18.5099517
2026-10-02 23:46:05,14934.224,70,multi_enable,642,0,200,405.295,18.470404385
2026-10-02 23:46:08,14936.324,70,multi_enable,642,0,200,407.399,18.558721625000004
2026-10-02 23:46:10,14938.422,70,multi_enable,642,0,200,409.505,18.48577624
2026-10-02 23:46:12,14940.522,70,multi_enable,642,0,200,411.596,18.570739319999998
2026-10-02 23:46:14,14942.623,70,multi_enable,642,0,200,413.699,18.49583788
2026-10-02 23:46:16,14944.723,70,multi_enable,642,0,200,415.802,18.580381765
2026-10-02 23:46:18,14946.821,70,multi_enable,642,0,200,417.898,18.425966524999996
2026-10-02 23:46:20,14948.924,70,multi_enable,642,0,200,420.003,18.557044870000002
2026-10-02 23:46:22,14951.021,70,multi_enable,642,0,200,422.107,18.547542574999998
2026-10-02 23:46:24,14953.123,70,multi_enable,642,0,200,424.196,18.566687225000003
2026-10-02 23:46:26,14955.223,70,multi_enable,642,0,200,426.299,18.5103708
2026-10-02 23:46:29,14957.323,70,multi_enable,642,0,200,428.4,18.521410494999998
2026-10-02 23:46:31,14959.421,70,multi_enable,642,0,200,430.507,18.544607525
2026-10-02 23:46:33,14961.522,70,multi_enable,642,0,200,432.599,18.50953252
2026-10-02 23:46:35,14963.621,70,multi_enable,642,0,200,434.706,18.418280395
2026-10-02 23:46:37,14965.719,70,multi_enable,642,0,200,436.801,18.467889545
2026-10-02 23:46:39,14967.82,70,multi_enable,642,0,200,438.899,18.360567655
2026-10-02 23:46:41,14969.92,70,multi_enable,642,0,200,440.999,18.458526770000002
2026-10-02 23:46:43,14972.02,70,multi_enable,642,0,200,443.094,18.492483915
2026-10-02 23:46:45,14974.119,70,multi_enable,642,0,200,445.205,18.478370090000002
2026-10-02 23:46:47,14976.219,70,multi_enable,642,0,200,447.291,18.554249780000003
2026-10-02 23:46:50,14978.318,70,multi_enable,642,0,200,449.401,18.39438491
2026-10-02 23:46:52,14980.42,70,multi_enable,642,0,200,451.494,18.503802745
2026-10-02 23:46:54,14982.52,70,multi_enable,642,0,200,453.595,18.486055359999995
2026-10-02 23:46:56,14984.619,70,multi_enable,642,0,200,455.7,18.35986823
2026-10-02 23:46:58,14986.717,70,multi_enable,642,0,200,457.804,18.485496469999998
2026-10-02 23:47:00,14988.819,70,multi_enable,642,0,200,459.89,18.475574814999998
2026-10-02 23:47:02,14990.918,70,multi_enable,642,0,200,461.994,18.43840359
2026-10-02 23:47:04,14993.019,70,multi_enable,642,0,200,464.093,18.58094054
2026-10-02 23:47:06,14995.118,70,multi_enable,642,0,200,466.196,18.513305210000002
2026-10-02 23:47:08,14997.22,70,multi_enable,642,0,200,468.304,18.494300459999998
2026-10-02 23:47:11,14999.319,70,multi_enable,642,0,200,470.406,18.581499535
2026-10-02 23:47:13,15001.419,70,multi_enable,642,0,200,472.492,18.451539245000003
2026-10-02 23:47:15,15003.519,70,multi_enable,642,0,200,474.595,18.463837254999998
2026-10-02 23:47:17,15005.618,70,multi_enable,642,0,200,476.701,18.439941010000002
2026-10-02 23:47:19,15007.717,70,multi_enable,642,0,200,478.791,18.434630335
2026-10-02 23:47:21,15009.817,70,multi_enable,642,0,200,480.893,18.327727635
2026-10-02 23:47:23,15011.919,70,multi_enable,642,0,200,482.995,18.370209919999997
2026-10-02 23:47:25,15014.016,70,multi_enable,642,0,200,485.098,18.36797306
2026-10-02 23:47:27,15016.117,70,multi_enable,642,0,200,487.2,18.332619219999998
2026-10-02 23:47:29,15018.219,70,multi_enable,642,0,200,489.29,18.48340025
2026-10-02 23:47:32,15020.319,70,multi_enable,642,0,200,491.397,18.499051585000004
2026-10-02 23:47:34,15022.416,70,multi_enable,642,0,200,493.494,18.391170734999996
2026-10-02 23:47:36,15024.516,70,multi_enable,642,0,200,495.589,18.47990715
2026-10-02 23:47:38,15026.617,70,multi_enable,642,0,200,497.698,18.40710108
2026-10-02 23:47:40,15028.717,70,multi_enable,642,0,200,499.798,18.50575907
2026-10-02 23:47:42,15030.818,70,multi_enable,642,0,200,501.903,18.410455159999998
2026-10-02 23:47:44,15032.917,70,multi_enable,642,0,200,503.991,18.430857539999998
2026-10-02 23:47:46,15035.016,70,multi_enable,642,0,200,506.095,18.496256785
2026-10-02 23:47:48,15037.116,70,multi_enable,642,0,200,508.199,18.532030834999997
2026-10-02 23:47:50,15039.218,70,multi_enable,642,0,200,510.302,18.502964350000003
2026-10-02 23:47:53,15041.315,70,multi_enable,642,0,200,512.392,18.393266759999996
2026-10-02 23:47:55,15043.416,70,multi_enable,642,0,200,514.495,18.576748185
2026-10-02 23:47:57,15045.514,70,multi_enable,642,0,200,516.602,18.413948825
2026-10-02 23:47:59,15047.615,70,multi_enable,642,0,200,518.691,18.373283844999996
2026-10-02 23:48:01,15049.716,70,multi_enable,642,0,200,520.793,18.551315085
2026-10-02 23:48:03,15051.816,70,multi_enable,642,0,200,522.901,18.532310525000003
2026-10-02 23:48:05,15053.914,70,multi_enable,642,0,200,524.992,18.48144401
2026-10-02 23:48:07,15056.018,70,multi_enable,642,0,200,527.093,18.451120420000002
2026-10-02 23:48:09,15058.117,70,multi_enable,642,0,200,529.198,18.528816575000004
2026-10-02 23:48:11,15060.215,70,multi_enable,642,0,200,531.289,18.394804099999995
2026-10-02 23:48:14,15062.315,70,multi_enable,642,0,200,533.392,18.373143774999996
2026-10-02 23:48:16,15064.415,70,multi_enable,642,0,200,535.497,18.514143675
2026-10-02 23:48:18,15066.516,70,multi_enable,642,0,200,537.587,18.46774965
2026-10-02 23:48:20,15068.615,70,multi_enable,642,0,200,539.693,18.43770500499999
2026-10-02 23:48:22,15070.715,70,multi_enable,642,0,200,541.787,18.426525505000004
2026-10-02 23:48:24,15072.813,70,multi_enable,642,0,200,543.888,18.403328685000005
2026-10-02 23:48:26,15074.913,70,multi_enable,642,0,200,545.986,18.501985915
2026-10-02 23:48:28,15077.015,70,multi_enable,642,0,200,548.094,18.538458925
2026-10-02 23:48:30,15079.116,70,multi_enable,642,0,200,550.188,18.52602214
2026-10-02 23:48:32,15081.213,70,multi_enable,642,0,200,552.294,18.400533404999994
2026-10-02 23:48:35,15083.312,70,multi_enable,642,0,200,554.386,18.45098017
2026-10-02 23:48:37,15085.414,70,multi_enable,642,0,200,556.498,18.40095278
2026-10-02 23:48:39,15087.512,70,multi_enable,642,0,200,558.599,18.364759455
2026-10-02 23:48:41,15089.614,70,multi_enable,642,0,200,560.688,18.48018645
2026-10-02 23:48:43,15091.713,70,multi_enable,642,0,200,562.792,18.427364445000002
2026-10-02 23:48:45,15093.813,70,multi_enable,642,0,200,564.887,18.411014050000002
2026-10-02 23:48:47,15095.914,70,multi_enable,642,0,200,566.992,18.44036029
2026-10-02 23:48:49,15098.014,70,multi_enable,642,0,200,569.095,18.477810535
2026-10-02 23:48:51,15100.112,70,multi_enable,642,0,200,571.187,18.448744150000003
2026-10-02 23:48:53,15102.214,70,multi_enable,642,0,200,573.292,18.511069195
2026-10-02 23:48:56,15104.314,70,multi_enable,642,0,200,575.397,18.36979008
2026-10-02 23:48:58,15106.413,70,multi_enable,642,0,200,577.5,18.386698969999998
2026-10-02 23:49:00,15108.511,70,multi_enable,642,0,200,579.592,18.493182495
2026-10-02 23:49:02,15110.612,70,multi_enable,642,0,200,581.696,18.350086635000004
2026-10-02 23:49:04,15112.711,70,multi_enable,642,0,200,583.787,18.40095269
2026-10-02 23:49:06,15114.812,70,multi_enable,642,0,200,585.895,18.458945955
2026-10-02 23:49:08,15116.91,70,multi_enable,642,0,200,587.986,18.409337285
2026-10-02 23:49:10,15119.011,70,multi_enable,642,0,200,590.082,18.32968425
2026-10-02 23:49:12,15121.111,70,multi_enable,642,0,200,592.188,18.232703575
2026-10-02 23:49:14,15123.212,70,multi_enable,642,0,200,594.297,18.358051879999998
2026-10-02 23:49:17,15125.311,70,multi_enable,642,0,200,596.396,18.341143239999997
2026-10-02 23:49:19,15127.411,70,multi_enable,642,0,200,598.494,18.504222120000005
2026-10-02 23:49:21,15129.51,70,multi_enable,642,0,200,600.584,18.327309005
2026-10-02 23:49:23,15131.611,70,multi_enable,642,0,200,602.683,18.368672669999995
2026-10-02 23:49:25,15133.709,70,multi_enable,642,0,200,604.787,18.438123899999997
2026-10-02 23:49:27,15135.811,70,multi_enable,642,0,200,606.89,18.439801225000004
2026-10-02 23:49:29,15137.91,70,multi_enable,642,0,200,608.996,18.44776636
2026-10-02 23:49:31,15140.01,70,multi_enable,642,0,200,611.086,18.27742113
2026-10-02 23:49:33,15142.109,70,multi_enable,642,0,200,613.19,18.47962747
2026-10-02 23:49:35,15144.209,70,multi_enable,642,0,200,615.295,18.379013245
2026-10-02 23:49:38,15146.309,70,multi_enable,642,0,200,617.383,18.37649764
2026-10-02 23:49:40,15148.409,70,multi_enable,642,0,200,619.489,18.38767715
2026-10-02 23:49:42,15150.508,70,multi_enable,642,0,200,621.592,18.371187710000005
2026-10-02 23:49:44,15152.609,70,multi_enable,642,0,200,623.681,18.4178616
2026-10-02 23:49:46,15154.708,70,multi_enable,642,0,200,625.783,18.310260315
2026-10-02 23:49:48,15156.808,70,multi_enable,642,0,200,627.89,18.422333804999997
2026-10-02 23:49:50,15158.909,70,multi_enable,642,0,200,629.991,18.389074790000002
2026-10-02 23:49:52,15161.009,70,multi_enable,642,0,200,632.081,18.420097054999996
2026-10-02 23:49:54,15163.109,70,multi_enable,642,0,200,634.185,18.557603555
2026-10-02 23:49:56,15165.209,70,multi_enable,642,0,200,636.281,18.330382935
2026-10-02 23:49:59,15167.307,70,multi_enable,642,0,200,638.388,18.436447055
2026-10-02 23:50:01,15169.408,70,multi_enable,642,0,200,640.489,18.456011550000003
2026-10-02 23:50:03,15171.507,70,multi_enable,642,0,200,642.586,18.34827009
2026-10-02 23:50:05,15173.608,70,multi_enable,642,0,200,644.693,18.456570144999997
2026-10-02 23:50:07,15175.707,70,multi_enable,642,0,200,646.784,18.497934004999998
2026-10-02 23:50:09,15177.81,70,multi_enable,642,0,200,648.887,18.48968855
2026-10-02 23:50:11,15179.907,70,multi_enable,642,0,200,650.989,18.524903895
2026-10-02 23:50:13,15182.008,70,multi_enable,642,0,200,653.09,18.445530255
2026-10-02 23:50:15,15184.111,70,multi_enable,642,0,200,655.193,18.52490417
2026-10-02 23:50:17,15186.207,70,multi_enable,642,0,200,657.283,18.379013525
2026-10-02 23:50:20,15188.306,70,multi_enable,642,0,200,659.387,18.3998352
2026-10-02 23:50:22,15190.407,70,multi_enable,642,0,200,661.478,18.443714169999996
2026-10-02 23:50:24,15192.507,70,multi_enable,642,0,200,663.583,18.427503844999997
2026-10-02 23:50:26,15194.606,70,multi_enable,642,0,200,665.686,18.531331699999992
2026-10-02 23:50:28,15196.706,70,multi_enable,642,0,200,667.792,18.386419475000004
2026-10-02 23:50:30,15198.807,70,multi_enable,642,0,200,669.881,18.447347635000003
2026-10-02 23:50:32,15200.906,70,multi_enable,642,0,200,671.984,18.44846485
2026-10-02 23:50:34,15203.006,70,multi_enable,642,0,200,674.091,18.31221646
2026-10-02 23:50:36,15205.106,70,multi_enable,642,0,200,676.187,18.363781375000002
2026-10-02 23:50:38,15207.206,70,multi_enable,642,0,200,678.281,18.366157165
2026-10-02 23:50:41,15209.305,70,multi_enable,642,0,200,680.384,18.239830165
2026-10-02 23:50:43,15211.406,70,multi_enable,642,0,200,682.489,18.48298098
2026-10-02 23:50:45,15213.507,70,multi_enable,642,0,200,684.59,18.314592075
2026-10-02 23:50:47,15215.605,70,multi_enable,642,0,200,686.68,18.230048280000002
2026-10-02 23:50:49,15217.705,70,multi_enable,642,0,200,688.785,18.41939893
2026-10-02 23:50:51,15219.805,70,multi_enable,642,0,200,690.878,18.418560645000003
2026-10-02 23:50:53,15221.907,70,multi_enable,642,0,200,692.983,18.384323275000003
2026-10-02 23:50:55,15224.004,70,multi_enable,642,0,200,695.086,18.311099055000003
2026-10-02 23:50:57,15226.105,70,multi_enable,642,0,200,697.189,18.51791618
2026-10-02 23:50:59,15228.205,70,multi_enable,642,0,200,699.278,18.362383835000003
2026-10-02 23:51:02,15230.305,70,multi_enable,642,0,200,701.382,18.424708489999997
2026-10-02 23:51:04,15232.404,70,multi_enable,642,0,200,703.488,18.329964025
2026-10-02 23:51:06,15234.504,70,multi_enable,642,0,200,705.578,18.391170544999998
2026-10-02 23:51:08,15236.604,70,multi_enable,642,0,200,707.684,18.35302134
2026-10-02 23:51:10,15238.704,70,multi_enable,642,0,200,709.787,18.469985760000004
2026-10-02 23:51:12,15240.803,70,multi_enable,642,0,200,711.878,18.432255459999997
2026-10-02 23:51:14,15242.906,70,multi_enable,642,0,200,713.977,18.412411490000004
2026-10-02 23:51:16,15245.005,70,multi_enable,642,0,200,716.08,18.442176744999998
2026-10-02 23:51:18,15247.107,70,multi_enable,642,0,200,718.186,18.327448609999998
2026-10-02 23:51:20,15249.205,70,multi_enable,642,0,200,720.281,18.52364681
2026-10-02 23:51:23,15251.305,70,multi_enable,642,0,200,722.389,18.3757986
2026-10-02 23:51:25,15253.403,70,multi_enable,642,0,200,724.48,18.457129134999995
2026-10-02 23:51:27,15255.503,70,multi_enable,642,0,200,726.582,18.399136335
2026-10-02 23:51:29,15257.603,70,multi_enable,642,0,200,728.685,18.394384535
2026-10-02 23:51:31,15259.703,70,multi_enable,642,0,200,730.788,18.275044960000002
2026-10-02 23:51:33,15261.802,70,multi_enable,642,0,200,732.886,18.383903885
2026-10-02 23:51:35,15263.902,70,multi_enable,642,0,200,734.981,18.300198310000003
2026-10-02 23:51:37,15266.004,70,multi_enable,642,0,200,737.078,18.452237825
2026-10-02 23:51:39,15268.106,70,multi_enable,642,0,200,739.183,18.39997442
2026-10-02 23:51:41,15270.203,70,multi_enable,642,0,200,741.288,18.183513835000007
2026-10-02 23:51:44,15272.304,70,multi_enable,642,0,200,743.378,18.469426220000003
2026-10-02 23:51:46,15274.403,70,multi_enable,642,0,200,745.482,18.481304115
2026-10-02 23:51:48,15276.501,70,multi_enable,642,0,200,747.576,18.419258855000002
2026-10-02 23:51:50,15278.602,70,multi_enable,642,0,200,749.681,18.443574205
2026-10-02 23:51:52,15280.704,70,multi_enable,642,0,200,751.785,18.31319463
2026-10-02 23:51:54,15282.802,70,multi_enable,642,0,200,753.877,18.306067764999998
2026-10-02 23:51:56,15284.901,70,multi_enable,642,0,200,755.983,18.391730170000002
2026-10-02 23:51:58,15287.001,70,multi_enable,642,0,200,758.073,18.443434215
2026-10-02 23:52:00,15289.102,70,multi_enable,642,0,200,760.175,18.424010290000002
2026-10-02 23:52:02,15291.203,70,multi_enable,642,0,200,762.277,18.463836519999997
2026-10-02 23:52:05,15293.3,70,multi_enable,642,0,200,764.38,18.336671125000002
2026-10-02 23:52:07,15295.403,70,multi_enable,642,0,200,766.481,18.283569715
2026-10-02 23:52:09,15297.5,70,multi_enable,642,0,200,768.584,18.344776615
2026-10-02 23:52:11,15299.602,70,multi_enable,642,0,200,770.675,18.40794012
2026-10-02 23:52:13,15301.701,70,multi_enable,642,0,200,772.781,18.283150255
2026-10-02 23:52:15,15303.802,70,multi_enable,642,0,200,774.879,18.392568079999997
2026-10-02 23:52:17,15305.902,70,multi_enable,642,0,200,776.985,18.371886389999997
2026-10-02 23:52:19,15307.999,70,multi_enable,642,0,200,779.084,18.215095995000002
2026-10-02 23:52:21,15310.1,70,multi_enable,642,0,200,781.18,18.590722235
2026-10-02 23:52:23,15312.2,70,multi_enable,642,0,200,783.28,18.365458780000004
2026-10-02 23:52:26,15314.299,70,multi_enable,642,0,200,785.375,18.450840655
2026-10-02 23:52:28,15316.4,70,multi_enable,642,0,200,787.472,18.375240275000003
2026-10-02 23:52:30,15318.499,70,multi_enable,642,0,200,789.583,18.29712485
2026-10-02 23:52:32,15320.6,70,multi_enable,642,0,200,791.674,18.360427114999997
2026-10-02 23:52:34,15322.698,70,multi_enable,642,0,200,793.779,18.45307629
2026-10-02 23:52:36,15324.799,70,multi_enable,642,0,200,795.883,18.379152845
2026-10-02 23:52:38,15326.898,70,multi_enable,642,0,200,797.985,18.373283654999998
2026-10-02 23:52:40,15328.998,70,multi_enable,642,0,200,800.072,18.342401005000003
2026-10-02 23:52:42,15331.098,70,multi_enable,642,0,200,802.18,18.327728195
2026-10-02 23:52:44,15333.199,70,multi_enable,642,0,200,804.283,18.484099765
2026-10-02 23:52:47,15335.301,70,multi_enable,642,0,200,806.373,18.28077445
2026-10-02 23:52:49,15337.4,70,multi_enable,642,0,200,808.482,18.518894815
2026-10-02 23:52:51,15339.5,70,multi_enable,642,0,200,810.586,18.374261914999998
2026-10-02 23:52:53,15341.598,70,multi_enable,642,0,200,812.678,18.381249260000004
2026-10-02 23:52:55,15343.7,70,multi_enable,642,0,200,814.771,18.370209924999997
2026-10-02 23:52:57,15345.8,70,multi_enable,642,0,200,816.873,18.309281405
2026-10-02 23:52:59,15347.9,70,multi_enable,642,0,200,818.975,18.27532464
2026-10-02 23:53:01,15349.999,70,multi_enable,642,0,200,821.083,18.331920169999997
2026-10-02 23:53:03,15352.101,70,multi_enable,642,0,200,823.184,18.396061290000002
2026-10-02 23:53:05,15354.199,70,multi_enable,642,0,200,825.286,18.45908528
2026-10-02 23:53:08,15356.296,70,multi_enable,642,0,200,827.376,18.393965625
2026-10-02 23:53:10,15358.397,70,multi_enable,642,0,200,829.474,18.424848375
2026-10-02 23:53:12,15360.499,70,multi_enable,642,0,200,831.569,18.367274580000004
2026-10-02 23:53:14,15362.599,70,multi_enable,642,0,200,833.679,18.208388135000003
2026-10-02 23:53:16,15364.699,70,multi_enable,642,0,200,835.774,18.35120431
2026-10-02 23:53:18,15366.798,70,multi_enable,642,0,200,837.874,18.23438007
2026-10-02 23:53:20,15368.896,70,multi_enable,642,0,200,839.975,18.280494875000006
2026-10-02 23:53:22,15370.996,70,multi_enable,642,0,200,842.078,18.436587134999996
2026-10-02 23:53:24,15373.097,70,multi_enable,642,0,200,844.183,18.412551205
2026-10-02 23:53:26,15375.197,70,multi_enable,642,0,200,846.273,18.351344385
2026-10-02 23:53:29,15377.296,70,multi_enable,642,0,200,848.38,18.474457049999998
2026-10-02 23:53:31,15379.398,70,multi_enable,642,0,200,850.468,18.316688295000002
2026-10-02 23:53:33,15381.499,70,multi_enable,642,0,200,852.583,18.194134350000006
2026-10-02 23:53:35,15383.595,70,multi_enable,642,0,200,854.674,18.247934895
2026-10-02 23:53:37,15385.695,70,multi_enable,642,0,200,856.779,18.459364784999998
2026-10-02 23:53:39,15387.797,70,multi_enable,642,0,200,858.869,18.31081928
2026-10-02 23:53:41,15389.897,70,multi_enable,642,0,200,860.976,18.3625238
2026-10-02 23:53:43,15391.997,70,multi_enable,642,0,200,863.069,18.18463197
2026-10-02 23:53:45,15394.098,70,multi_enable,642,0,200,865.177,18.2782595
2026-10-02 23:53:47,15396.199,70,multi_enable,642,0,200,867.282,18.37104811
2026-10-02 23:53:50,15398.297,70,multi_enable,642,0,200,869.373,18.23270321
2026-10-02 23:53:52,15400.397,70,multi_enable,642,0,200,871.468,18.289299035
2026-10-02 23:53:54,15402.494,70,multi_enable,642,0,200,873.574,18.408778030000004
2026-10-02 23:53:56,15404.597,70,multi_enable,642,0,200,875.673,18.36294299
2026-10-02 23:53:58,15406.694,70,multi_enable,642,0,200,877.778,18.41227226
2026-10-02 23:54:00,15408.794,70,multi_enable,642,0,200,879.879,18.339885765000002
2026-10-02 23:54:02,15410.896,70,multi_enable,642,0,200,881.969,18.306347725
2026-10-02 23:54:04,15412.996,70,multi_enable,642,0,200,884.073,18.27378738
2026-10-02 23:54:06,15415.094,70,multi_enable,642,0,200,886.178,18.398716765
2026-10-02 23:54:08,15417.195,70,multi_enable,642,0,200,888.278,18.273647775
2026-10-02 23:54:11,15419.293,70,multi_enable,642,0,200,890.368,18.3890748
2026-10-02 23:54:13,15421.395,70,multi_enable,642,0,200,892.47,18.342960069999997
2026-10-02 23:54:15,15423.493,70,multi_enable,642,0,200,894.573,18.414647690000002
2026-10-02 23:54:17,15425.593,70,multi_enable,642,0,200,896.674,18.454054370000005
2026-10-02 23:54:19,15427.696,70,multi_enable,642,0,200,898.777,18.291674659999998
2026-10-02 23:54:21,15429.793,70,multi_enable,642,0,200,900.867,18.417721625
2026-10-02 23:54:23,15431.895,70,multi_enable,642,0,200,902.975,18.427643730000007
2026-10-02 23:54:25,15433.994,70,multi_enable,642,0,200,905.067,18.34421753
2026-10-02 23:54:27,15436.092,70,multi_enable,642,0,200,907.172,18.486195145000003
2026-10-02 23:54:29,15438.196,70,multi_enable,642,0,200,909.276,18.317666279999997
2026-10-02 23:54:32,15440.295,70,multi_enable,642,0,200,911.381,18.236616634999997
2026-10-02 23:54:34,15442.394,70,multi_enable,642,0,200,913.468,18.330802104999997
2026-10-02 23:54:36,15444.492,70,multi_enable,642,0,200,915.573,18.440080804999997
2026-10-02 23:54:38,15446.592,70,multi_enable,642,0,200,917.677,18.402350045000002
2026-10-02 23:54:40,15448.691,70,multi_enable,642,0,200,919.772,18.483819925
2026-10-02 23:54:42,15450.794,70,multi_enable,642,0,200,921.865,18.364899320000003
2026-10-02 23:54:44,15452.894,70,multi_enable,642,0,200,923.977,18.300198665
2026-10-02 23:54:46,15454.994,70,multi_enable,642,0,200,926.072,18.394804459999996
2026-10-02 23:54:48,15457.095,70,multi_enable,642,0,200,928.176,18.3505063
2026-10-02 23:54:50,15459.194,70,multi_enable,642,0,200,930.279,18.249193405000003
2026-10-02 23:54:53,15461.291,70,multi_enable,642,0,200,932.366,18.407520755
2026-10-02 23:54:55,15463.393,70,multi_enable,642,0,200,934.473,18.353160664999997
2026-10-02 23:54:57,15465.493,70,multi_enable,642,0,200,936.578,18.316548410000003
2026-10-02 23:54:59,15467.59,70,multi_enable,642,0,200,938.666,18.409896270000004
2026-10-02 23:55:01,15469.69,70,multi_enable,642,0,200,940.768,18.363780805
2026-10-02 23:55:03,15471.791,70,multi_enable,642,0,200,942.875,18.34044429
2026-10-02 23:55:05,15473.89,70,multi_enable,642,0,200,944.976,18.394943785
2026-10-02 23:55:07,15475.99,70,multi_enable,642,0,200,947.069,18.492762920000004
2026-10-02 23:55:09,15478.09,70,multi_enable,642,0,200,949.173,18.420236835
2026-10-02 23:55:11,15480.194,70,multi_enable,642,0,200,951.265,18.337789175
2026-10-02 23:55:14,15482.292,70,multi_enable,642,0,200,953.371,18.36112635
2026-10-02 23:55:16,15484.391,70,multi_enable,642,0,200,955.466,18.31571003
2026-10-02 23:55:18,15486.492,70,multi_enable,642,0,200,957.566,18.27183142
2026-10-02 23:55:20,15488.591,70,multi_enable,642,0,200,959.67,18.37216587
2026-10-02 23:55:22,15490.689,70,multi_enable,642,0,200,961.777,18.336391735
2026-10-02 23:55:24,15492.79,70,multi_enable,642,0,200,963.864,18.33122149
2026-10-02 23:55:26,15494.893,70,multi_enable,642,0,200,965.968,18.307884785
2026-10-02 23:55:28,15496.99,70,multi_enable,642,0,200,968.067,18.377755775000004
2026-10-02 23:55:30,15499.092,70,multi_enable,642,0,200,970.164,18.178483
2026-10-02 23:55:32,15501.193,70,multi_enable,642,0,200,972.276,18.335832945
2026-10-02 23:55:35,15503.292,70,multi_enable,642,0,200,974.369,18.310120335
2026-10-02 23:55:37,15505.388,70,multi_enable,642,0,200,976.469,18.327448620000002
2026-10-02 23:55:39,15507.491,70,multi_enable,642,0,200,978.572,18.286363965000003
2026-10-02 23:55:41,15509.589,70,multi_enable,642,0,200,980.671,18.370908120000003
2026-10-02 23:55:43,15511.69,70,multi_enable,642,0,200,982.767,18.197488220000004
2026-10-02 23:55:45,15513.79,70,multi_enable,642,0,200,984.873,18.32129974
2026-10-02 23:55:47,15515.89,70,multi_enable,642,0,200,986.973,18.368253205000002
2026-10-02 23:55:49,15517.988,70,multi_enable,642,0,200,989.064,18.347152139999995
2026-10-02 23:55:51,15520.087,70,multi_enable,642,0,200,991.169,18.419398740000002
2026-10-02 23:55:53,15522.188,70,multi_enable,642,0,200,993.273,18.353580775
2026-10-02 23:55:56,15524.287,70,multi_enable,642,0,200,995.362,18.355536455000003
2026-10-02 23:55:58,15526.387,70,multi_enable,642,0,200,997.47,18.39089096
2026-10-02 23:56:00,15528.486,70,multi_enable,642,0,200,999.561,18.29991881
2026-10-02 23:56:02,15530.589,70,multi_enable,642,0,200,1001.666,18.200842289999997
2026-10-02 23:56:04,15532.689,70,multi_enable,642,0,200,1003.771,18.351343935
2026-10-02 23:56:06,15534.787,70,multi_enable,642,0,200,1005.873,18.49388155
2026-10-02 23:56:08,15536.886,70,multi_enable,642,0,200,1007.963,18.438263980000002
2026-10-02 23:56:10,15538.986,70,multi_enable,642,0,200,1010.068,18.288460474999997
2026-10-02 23:56:12,15541.091,70,multi_enable,642,0,200,1012.16,18.266241330000003
2026-10-02 23:56:14,15543.187,70,multi_enable,642,0,200,1014.265,18.314033365
2026-10-02 23:56:17,15545.286,70,multi_enable,642,0,200,1016.373,18.460343499999997
2026-10-02 23:56:19,15547.386,70,multi_enable,642,0,200,1018.464,18.389633675
2026-10-02 23:56:21,15549.486,70,multi_enable,642,0,200,1020.565,18.385161925000006
2026-10-02 23:56:23,15551.589,70,multi_enable,642,0,200,1022.666,18.24374292
2026-10-02 23:56:25,15553.688,70,multi_enable,642,0,200,1024.771,18.255341435
2026-10-02 23:56:27,15555.787,70,multi_enable,642,0,200,1026.864,18.325352385
2026-10-02 23:56:29,15557.888,70,multi_enable,642,0,200,1028.973,18.29181415
2026-10-02 23:56:31,15559.986,70,multi_enable,642,0,200,1031.072,18.43896257
2026-10-02 23:56:33,15562.088,70,multi_enable,642,0,200,1033.169,18.325352670000004
2026-10-02 23:56:35,15564.188,70,multi_enable,642,0,200,1035.264,18.371746689999995
2026-10-02 23:56:38,15566.285,70,multi_enable,642,0,200,1037.37,18.32409474
2026-10-02 23:56:40,15568.385,70,multi_enable,642,0,200,1039.463,18.326889164999997
2026-10-02 23:56:42,15570.487,70,multi_enable,642,0,200,1041.563,18.303552370000002
2026-10-02 23:56:44,15572.586,70,multi_enable,642,0,200,1043.664,18.40528463
2026-10-02 23:56:46,15574.684,70,multi_enable,642,0,200,1045.767,18.422613185000003
2026-10-02 23:56:48,15576.785,70,multi_enable,642,0,200,1047.857,18.306067674999994
2026-10-02 23:56:50,15578.886,70,multi_enable,642,0,200,1049.959,18.285246109999996
2026-10-02 23:56:52,15580.984,70,multi_enable,642,0,200,1052.061,18.403328395000006
2026-10-02 23:56:54,15583.088,70,multi_enable,642,0,200,1054.166,18.31445267
2026-10-02 23:56:56,15585.188,70,multi_enable,642,0,200,1056.272,18.341981245000003
2026-10-02 23:56:59,15587.283,70,multi_enable,642,0,200,1058.361,18.368811630000003
2026-10-02 23:57:01,15589.385,70,multi_enable,642,0,200,1060.467,18.314732049999996
2026-10-02 23:57:03,15591.486,70,multi_enable,642,0,200,1062.562,18.366156805
2026-10-02 23:57:05,15593.585,70,multi_enable,642,0,200,1064.668,18.335553165
2026-10-02 23:57:07,15595.686,70,multi_enable,642,0,200,1066.77,18.304530715
2026-10-02 23:57:09,15597.785,70,multi_enable,642,0,200,1068.862,18.312915214999997
2026-10-02 23:57:11,15599.885,70,multi_enable,642,0,200,1070.97,18.335692955
2026-10-02 23:57:13,15601.985,70,multi_enable,642,0,200,1073.063,18.330802410000008
2026-10-02 23:57:15,15604.086,70,multi_enable,642,0,200,1075.17,18.21076348
2026-10-02 23:57:17,15606.185,70,multi_enable,642,0,200,1077.259,18.3017361
2026-10-02 23:57:20,15608.285,70,multi_enable,642,0,200,1079.363,18.329125465
2026-10-02 23:57:22,15610.384,70,multi_enable,642,0,200,1081.458,18.21132275
2026-10-02 23:57:24,15612.485,70,multi_enable,642,0,200,1083.557,18.228092135
2026-10-02 23:57:26,15614.585,70,multi_enable,642,0,200,1085.669,18.286224735
2026-10-02 23:57:28,15616.684,70,multi_enable,642,0,200,1087.758,18.23717486
2026-10-02 23:57:30,15618.784,70,multi_enable,642,0,200,1089.869,18.316548595
2026-10-02 23:57:32,15620.884,70,multi_enable,642,0,200,1091.969,18.228370979999998
2026-10-02 23:57:34,15622.984,70,multi_enable,642,0,200,1094.069,18.36461965
2026-10-02 23:57:36,15625.082,70,multi_enable,642,0,200,1096.165,18.315570525
2026-10-02 23:57:38,15627.182,70,multi_enable,642,0,200,1098.267,18.368951885000005
2026-10-02 23:57:41,15629.284,70,multi_enable,642,0,200,1100.357,18.176527219999997
2026-10-02 23:57:43,15631.383,70,multi_enable,642,0,200,1102.461,18.267918469999998
2026-10-02 23:57:45,15633.483,70,multi_enable,642,0,200,1104.555,18.232424095
2026-10-02 23:57:47,15635.582,70,multi_enable,642,0,200,1106.663,18.214676525
2026-10-02 23:57:49,15637.683,70,multi_enable,642,0,200,1108.765,18.2152356
2026-10-02 23:57:51,15639.782,70,multi_enable,642,0,200,1110.858,18.249332895000002
2026-10-02 23:57:53,15641.883,70,multi_enable,642,0,200,1112.958,18.255341325
2026-10-02 23:57:55,15643.982,70,multi_enable,642,0,200,1115.063,18.281193535000003
2026-10-02 23:57:57,15646.085,70,multi_enable,642,0,200,1117.167,18.329963745000004
2026-10-02 23:57:59,15648.184,70,multi_enable,642,0,200,1119.269,18.256599010000002
2026-10-02 23:58:02,15650.282,70,multi_enable,642,0,200,1121.37,18.322696994999998
2026-10-02 23:58:04,15652.382,70,multi_enable,642,0,200,1123.461,18.342540789999997
2026-10-02 23:58:06,15654.48,70,multi_enable,642,0,200,1125.567,18.340863574999997
2026-10-02 23:58:08,15656.579,70,multi_enable,642,0,200,1127.654,18.360147995
2026-10-02 23:58:10,15658.681,70,multi_enable,642,0,200,1129.758,18.3115175
2026-10-02 23:58:12,15660.781,70,multi_enable,642,0,200,1131.855,18.145224459999998
2026-10-02 23:58:14,15662.879,70,multi_enable,642,0,200,1133.964,18.33625184
2026-10-02 23:58:16,15664.98,70,multi_enable,642,0,200,1136.057,18.420796369999998
2026-10-02 23:58:18,15667.083,70,multi_enable,642,0,200,1138.156,18.42275281
2026-10-02 23:58:20,15669.181,70,multi_enable,642,0,200,1140.264,18.290696305
2026-10-02 23:58:23,15671.279,70,multi_enable,642,0,200,1142.367,18.345474915
2026-10-02 23:58:25,15673.38,70,multi_enable,642,0,200,1144.457,18.24779566
2026-10-02 23:58:27,15675.481,70,multi_enable,642,0,200,1146.562,18.2347998
2026-10-02 23:58:29,15677.58,70,multi_enable,642,0,200,1148.666,18.15975774
2026-10-02 23:58:31,15679.678,70,multi_enable,642,0,200,1150.759,18.47613389
2026-10-02 23:58:33,15681.781,70,multi_enable,642,0,200,1152.86,18.18994227
2026-10-02 23:58:35,15683.88,70,multi_enable,642,0,200,1154.966,18.199724245
2026-10-02 23:58:37,15685.978,70,multi_enable,642,0,200,1157.053,18.361965195
2026-10-02 23:58:39,15688.079,70,multi_enable,642,0,200,1159.153,18.296426165000003
2026-10-02 23:58:41,15690.18,70,multi_enable,642,0,200,1161.257,18.24891307
2026-10-02 23:58:44,15692.278,70,multi_enable,642,0,200,1163.358,18.404725929999998
2026-10-02 23:58:46,15694.379,70,multi_enable,642,0,200,1165.464,18.199584355
2026-10-02 23:58:48,15696.48,70,multi_enable,642,0,200,1167.553,18.331081505
2026-10-02 23:58:50,15698.579,70,multi_enable,642,0,200,1169.659,18.241506814999994
2026-10-02 23:58:52,15700.679,70,multi_enable,642,0,200,1171.765,18.37551948
2026-10-02 23:58:54,15702.778,70,multi_enable,642,0,200,1173.858,18.256599455
2026-10-02 23:58:56,15704.879,70,multi_enable,642,0,200,1175.957,18.359030034999996
2026-10-02 23:58:58,15706.977,70,multi_enable,642,0,200,1178.052,18.177085365
2026-10-02 23:59:00,15709.081,70,multi_enable,642,0,200,1180.16,18.38781657
2026-10-02 23:59:02,15711.181,70,multi_enable,642,0,200,1182.259,18.366157004999998
2026-10-02 23:59:05,15713.279,70,multi_enable,642,0,200,1184.359,18.22669422
2026-10-02 23:59:07,15715.378,70,multi_enable,642,0,200,1186.463,18.235777505
2026-10-02 23:59:09,15717.479,70,multi_enable,642,0,200,1188.553,18.304390644999998
2026-10-02 23:59:11,15719.576,70,multi_enable,642,0,200,1190.663,18.336531989999994
2026-10-02 23:59:13,15721.677,70,multi_enable,642,0,200,1192.75,18.260931225
2026-10-02 23:59:15,15723.777,70,multi_enable,642,0,200,1194.855,18.253944544999996
2026-10-02 23:59:17,15725.879,70,multi_enable,642,0,200,1196.959,18.292233435
2026-10-02 23:59:19,15727.977,70,multi_enable,642,0,200,1199.062,18.429879375
2026-10-02 23:59:21,15730.076,70,multi_enable,642,0,200,1201.15,18.35525706
2026-10-02 23:59:23,15732.178,70,multi_enable,642,0,200,1203.255,18.272390115
2026-10-02 23:59:26,15734.277,70,multi_enable,642,0,200,1205.363,18.274486070000002
2026-10-02 23:59:28,15736.378,70,multi_enable,642,0,200,1207.463,18.374261545
2026-10-02 23:59:30,15738.477,70,multi_enable,642,0,200,1209.552,18.193016665
2026-10-02 23:59:32,15740.576,70,multi_enable,642,0,200,1211.657,18.21593437
2026-10-02 23:59:34,15742.676,70,multi_enable,642,0,200,1213.748,18.117556165
2026-10-02 23:59:36,15744.777,70,multi_enable,642,0,200,1215.852,18.30243478
2026-10-02 23:59:38,15746.877,70,multi_enable,642,0,200,1217.952,18.312076949999998
2026-10-02 23:59:40,15748.976,70,multi_enable,642,0,200,1220.058,18.387397840000002
2026-10-02 23:59:42,15751.079,70,multi_enable,642,0,200,1222.158,18.322417609999995
2026-10-02 23:59:44,15753.176,70,multi_enable,642,0,200,1224.258,18.24639757
2026-10-02 23:59:47,15755.277,70,multi_enable,642,0,200,1226.356,18.360567290000002
2026-10-02 23:59:49,15757.376,70,multi_enable,642,0,200,1228.454,18.34393768
2026-10-02 23:59:51,15759.476,70,multi_enable,642,0,200,1230.554,18.381668339999997
2026-10-02 23:59:53,15761.574,70,multi_enable,642,0,200,1232.661,18.300757845
2026-10-02 23:59:55,15763.675,70,multi_enable,642,0,200,1234.747,18.247096624999998
2026-10-02 23:59:57,15765.775,70,multi_enable,642,0,200,1236.85,18.15291066
2026-10-02 23:59:59,15767.875,70,multi_enable,642,0,200,1238.952,18.18742678
2026-10-03 00:00:01,15769.975,70,multi_enable,642,0,200,1241.061,18.260232725
2026-10-03 00:00:03,15772.077,70,multi_enable,642,0,200,1243.153,18.23242399
2026-10-03 00:00:05,15774.177,70,multi_enable,642,0,200,1245.258,18.335972715
2026-10-03 00:00:08,15776.275,70,multi_enable,642,0,200,1247.36,18.22990831
2026-10-03 00:00:10,15778.375,70,multi_enable,642,0,200,1249.452,18.366576544999994
2026-10-03 00:00:12,15780.475,70,multi_enable,642,0,200,1251.559,18.316548590000004
2026-10-03 00:00:14,15782.577,70,multi_enable,642,0,200,1253.661,18.261909575
2026-10-03 00:00:16,15784.674,70,multi_enable,642,0,200,1255.752,18.082619920000006
2026-10-03 00:00:18,15786.775,70,multi_enable,642,0,200,1257.852,18.181697559999993
2026-10-03 00:00:20,15788.874,70,multi_enable,642,0,200,1259.957,18.208527955
2026-10-03 00:00:22,15790.974,70,multi_enable,642,0,200,1262.06,18.283290420000004
2026-10-03 00:00:24,15793.075,70,multi_enable,642,0,200,1264.149,18.271690885
2026-10-03 00:00:26,15795.176,70,multi_enable,642,0,200,1266.253,18.197907514999994
2026-10-03 00:00:29,15797.274,70,multi_enable,642,0,200,1268.36,18.182116655
2026-10-03 00:00:31,15799.373,70,multi_enable,642,0,200,1270.455,18.161714535
2026-10-03 00:00:33,15801.473,70,multi_enable,642,0,200,1272.547,18.21663268
2026-10-03 00:00:35,15803.571,70,multi_enable,642,0,200,1274.648,18.242485075
2026-10-03 00:00:37,15805.673,70,multi_enable,642,0,200,1276.744,18.211323009999994
2026-10-03 00:00:39,15807.773,70,multi_enable,642,0,200,1278.846,18.277700440000004
2026-10-03 00:00:41,15809.873,70,multi_enable,642,0,200,1280.952,18.148998074999998
2026-10-03 00:00:43,15811.973,70,multi_enable,642,0,200,1283.054,18.28119382
2026-10-03 00:00:45,15814.074,70,multi_enable,642,0,200,1285.154,18.215375570000003
2026-10-03 00:00:47,15816.173,70,multi_enable,642,0,200,1287.247,18.239691005
2026-10-03 00:00:50,15818.273,70,multi_enable,642,0,200,1289.35,18.231585425000002
2026-10-03 00:00:52,15820.374,70,multi_enable,642,0,200,1291.459,18.2992206
2026-10-03 00:00:54,15822.473,70,multi_enable,642,0,200,1293.546,18.279657045
2026-10-03 00:00:56,15824.572,70,multi_enable,642,0,200,1295.652,18.280914415
2026-10-03 00:00:58,15826.671,70,multi_enable,642,0,200,1297.746,18.25408367
2026-10-03 00:01:00,15828.772,70,multi_enable,642,0,200,1299.852,18.413390215
2026-10-03 00:01:02,15830.872,70,multi_enable,642,0,200,1301.958,18.116018264999997
2026-10-03 00:01:04,15832.971,70,multi_enable,642,0,200,1304.052,18.319203619999996
2026-10-03 00:01:06,15835.071,70,multi_enable,642,0,200,1306.154,18.216213775000003
2026-10-03 00:01:08,15837.172,70,multi_enable,642,0,200,1308.256,18.234660014999996
2026-10-03 00:01:11,15839.271,70,multi_enable,642,0,200,1310.344,18.180998785000003
2026-10-03 00:01:13,15841.371,70,multi_enable,642,0,200,1312.455,18.255621380000004
2026-10-03 00:01:15,15843.47,70,multi_enable,642,0,200,1314.552,18.284966615000002
2026-10-03 00:01:17,15845.57,70,multi_enable,642,0,200,1316.648,18.146203184999997
2026-10-03 00:01:19,15847.671,70,multi_enable,642,0,200,1318.746,18.23088629
2026-10-03 00:01:21,15849.77,70,multi_enable,642,0,200,1320.846,18.199304864999995
2026-10-03 00:01:23,15851.868,70,multi_enable,642,0,200,1322.946,18.205314135000002
2026-10-03 00:01:25,15853.97,70,multi_enable,642,0,200,1325.054,18.27434655
2026-10-03 00:01:27,15856.071,70,multi_enable,642,0,200,1327.147,18.153889005000003
2026-10-03 00:01:29,15858.171,70,multi_enable,642,0,200,1329.249,18.283988625
2026-10-03 00:01:32,15860.27,70,multi_enable,642,0,200,1331.352,18.323675829999996
2026-10-03 00:01:34,15862.37,70,multi_enable,642,0,200,1333.442,18.269874524999995
2026-10-03 00:01:36,15864.471,70,multi_enable,642,0,200,1335.548,18.417302239999998
2026-10-03 00:01:38,15866.57,70,multi_enable,642,0,200,1337.653,18.316967965
2026-10-03 00:01:40,15868.67,70,multi_enable,642,0,200,1339.755,18.26889673
2026-10-03 00:01:42,15870.77,70,multi_enable,642,0,200,1341.845,18.1719156
2026-10-03 00:01:44,15872.87,70,multi_enable,642,0,200,1343.953,18.38138876
2026-10-03 00:01:46,15874.97,70,multi_enable,642,0,200,1346.043,18.320041800000002
2026-10-03 00:01:48,15877.068,70,multi_enable,642,0,200,1348.148,18.27811914
2026-10-03 00:01:50,15879.171,70,multi_enable,642,0,200,1350.241,18.292792425
2026-10-03 00:01:53,15881.269,70,multi_enable,642,0,200,1352.345,18.308862485000002
2026-10-03 00:01:55,15883.367,70,multi_enable,642,0,200,1354.45,18.30998063
2026-10-03 00:01:57,15885.468,70,multi_enable,642,0,200,1356.544,18.286223895000003
2026-10-03 00:01:59,15887.568,70,multi_enable,642,0,200,1358.65,18.336531705
2026-10-03 00:02:01,15889.669,70,multi_enable,642,0,200,1360.74,18.192038495
2026-10-03 00:02:03,15891.768,70,multi_enable,642,0,200,1362.852,18.239550940000004
2026-10-03 00:02:05,15893.868,70,multi_enable,642,0,200,1364.953,18.18449255
2026-10-03 00:02:07,15895.968,70,multi_enable,642,0,200,1367.048,18.262887369999998
2026-10-03 00:02:09,15898.07,70,multi_enable,642,0,200,1369.154,18.344916024999996
2026-10-03 00:02:11,15900.17,70,multi_enable,642,0,200,1371.253,18.224179104999997
2026-10-03 00:02:14,15902.267,70,multi_enable,642,0,200,1373.348,18.150674365
2026-10-03 00:02:16,15904.367,70,multi_enable,642,0,200,1375.439,18.229488930000002
2026-10-03 00:02:18,15906.467,70,multi_enable,642,0,200,1377.545,18.158640159999997
2026-10-03 00:02:20,15908.567,70,multi_enable,642,0,200,1379.649,18.174570519999996
2026-10-03 00:02:22,15910.667,70,multi_enable,642,0,200,1381.753,18.242066075
2026-10-03 00:02:24,15912.766,70,multi_enable,642,0,200,1383.84,18.2215237
2026-10-03 00:02:26,15914.866,70,multi_enable,642,0,200,1385.943,18.246677790000003
2026-10-03 00:02:28,15916.966,70,multi_enable,642,0,200,1388.047,18.235917575
2026-10-03 00:02:30,15919.069,70,multi_enable,642,0,200,1390.152,18.361545454999995
2026-10-03 00:02:32,15921.167,70,multi_enable,642,0,200,1392.246,18.218728894999998
2026-10-03 00:02:35,15923.266,70,multi_enable,642,0,200,1394.352,18.101066255
2026-10-03 00:02:37,15925.366,70,multi_enable,642,0,200,1396.443,18.307185909999998
2026-10-03 00:02:39,15927.466,70,multi_enable,642,0,200,1398.55,18.286224275000002
2026-10-03 00:02:41,15929.566,70,multi_enable,642,0,200,1400.64,18.279936449999997
2026-10-03 00:02:43,15931.665,70,multi_enable,642,0,200,1402.745,18.201541065
2026-10-03 00:02:45,15933.765,70,multi_enable,642,0,200,1404.85,18.198187089999998
2026-10-03 00:02:47,15935.864,70,multi_enable,642,0,200,1406.946,18.294609145000003
2026-10-03 00:02:49,15937.965,70,multi_enable,642,0,200,1409.039,18.144805450000003
2026-10-03 00:02:51,15940.066,70,multi_enable,642,0,200,1411.139,18.18910344
2026-10-03 00:02:53,15942.166,70,multi_enable,642,0,200,1413.252,18.094218980000004
2026-10-03 00:02:56,15944.265,70,multi_enable,642,0,200,1415.343,18.235498015
2026-10-03 00:02:58,15946.364,70,multi_enable,642,0,200,1417.448,18.248494445000002
2026-10-03 00:03:00,15948.464,70,multi_enable,642,0,200,1419.548,18.14718097500001
2026-10-03 00:03:02,15950.564,70,multi_enable,642,0,200,1421.639,18.36629687
2026-10-03 00:03:04,15952.664,70,multi_enable,642,0,200,1423.743,18.229768895
2026-10-03 00:03:06,15954.764,70,multi_enable,642,0,200,1425.842,18.265543039999997
2026-10-03 00:03:08,15956.864,70,multi_enable,642,0,200,1427.948,18.214257815
2026-10-03 00:03:10,15958.964,70,multi_enable,642,0,200,1430.037,18.23493874
2026-10-03 00:03:12,15961.067,70,multi_enable,642,0,200,1432.137,18.361126165
2026-10-03 00:03:14,15963.166,70,multi_enable,642,0,200,1434.238,18.28105422
2026-10-03 00:03:17,15965.265,70,multi_enable,642,0,200,1436.344,18.23787372
2026-10-03 00:03:19,15967.364,70,multi_enable,642,0,200,1438.448,18.291674740000005
2026-10-03 00:03:21,15969.463,70,multi_enable,642,0,200,1440.539,18.295866620000005
2026-10-03 00:03:23,15971.564,70,multi_enable,642,0,200,1442.644,18.380550385
2026-10-03 00:03:25,15973.664,70,multi_enable,642,0,200,1444.745,18.180160135000005
2026-10-03 00:03:27,15975.763,70,multi_enable,642,0,200,1446.837,18.30606815
2026-10-03 00:03:29,15977.865,70,multi_enable,642,0,200,1448.944,18.276721985000002
2026-10-03 00:03:31,15979.963,70,multi_enable,642,0,200,1451.049,18.185749925
2026-10-03 00:03:33,15982.064,70,multi_enable,642,0,200,1453.137,18.258835
2026-10-03 00:03:35,15984.163,70,multi_enable,642,0,200,1455.243,18.203497780000003
2026-10-03 00:03:38,15986.263,70,multi_enable,642,0,200,1457.335,18.191199840000003
2026-10-03 00:03:40,15988.362,70,multi_enable,642,0,200,1459.443,18.263306935
2026-10-03 00:03:42,15990.463,70,multi_enable,642,0,200,1461.538,18.21439714
2026-10-03 00:03:44,15992.562,70,multi_enable,642,0,200,1463.638,18.325492180000005
2026-10-03 00:03:46,15994.663,70,multi_enable,642,0,200,1465.742,18.220406209999997
2026-10-03 00:03:48,15996.761,70,multi_enable,642,0,200,1467.843,18.233960964999998
2026-10-03 00:03:50,15998.862,70,multi_enable,642,0,200,1469.933,18.293770405
2026-10-03 00:03:52,16000.961,70,multi_enable,642,0,200,1472.038,18.230327595000002
2026-10-03 00:03:54,16003.064,70,multi_enable,642,0,200,1474.142,18.160596575
2026-10-03 00:03:56,16005.163,70,multi_enable,642,0,200,1476.246,18.144246475
2026-10-03 00:03:59,16007.261,70,multi_enable,642,0,200,1478.335,18.204754780000002
2026-10-03 00:04:01,16009.362,70,multi_enable,642,0,200,1480.437,18.365038655000006
2026-10-03 00:04:03,16011.462,70,multi_enable,642,0,200,1482.54,18.308023735000006
2026-10-03 00:04:05,16013.561,70,multi_enable,642,0,200,1484.643,18.266800054999997
2026-10-03 00:04:07,16015.66,70,multi_enable,642,0,200,1486.735,18.194134614999996
2026-10-03 00:04:09,16017.761,70,multi_enable,642,0,200,1488.838,18.231725125
2026-10-03 00:04:11,16019.861,70,multi_enable,642,0,200,1490.947,18.205732845
2026-10-03 00:04:13,16021.961,70,multi_enable,642,0,200,1493.038,18.221244595
2026-10-03 00:04:15,16024.062,70,multi_enable,642,0,200,1495.146,18.20461517
2026-10-03 00:04:17,16026.161,70,multi_enable,642,0,200,1497.238,18.227253495000003
2026-10-03 00:04:20,16028.261,70,multi_enable,642,0,200,1499.335,18.315290665
2026-10-03 00:04:22,16030.36,70,multi_enable,642,0,200,1501.433,18.223480324999997
2026-10-03 00:04:24,16032.46,70,multi_enable,642,0,200,1503.532,18.335553159999996
2026-10-03 00:04:26,16034.56,70,multi_enable,642,0,200,1505.641,18.255061940000004
2026-10-03 00:04:28,16036.66,70,multi_enable,642,0,200,1507.735,18.365877405
2026-10-03 00:04:30,16038.76,70,multi_enable,642,0,200,1509.838,18.202099845000003
2026-10-03 00:04:32,16040.86,70,multi_enable,642,0,200,1511.943,18.105537729999998
2026-10-03 00:04:34,16042.96,70,multi_enable,642,0,200,1514.033,18.235078740000002
2026-10-03 00:04:36,16045.06,70,multi_enable,642,0,200,1516.14,18.155146475000002
2026-10-03 00:04:38,16047.159,70,multi_enable,642,0,200,1518.243,18.262188790000003
2026-10-03 00:04:41,16049.259,70,multi_enable,642,0,200,1520.333,18.231725499999996
2026-10-03 00:04:43,16051.359,70,multi_enable,642,0,200,1522.435,18.244721185
2026-10-03 00:04:45,16053.458,70,multi_enable,642,0,200,1524.543,18.241786590000004
2026-10-03 00:04:47,16055.558,70,multi_enable,642,0,200,1526.634,18.178902185000005
2026-10-03 00:04:49,16057.659,70,multi_enable,642,0,200,1528.74,18.312076754999996
2026-10-03 00:04:51,16059.758,70,multi_enable,642,0,200,1530.842,18.27658239
2026-10-03 00:04:53,16061.858,70,multi_enable,642,0,200,1532.934,18.320880354999996
2026-10-03 00:04:55,16063.958,70,multi_enable,642,0,200,1535.037,18.228650375
2026-10-03 00:04:57,16066.059,70,multi_enable,642,0,200,1537.144,18.187706359999996
2026-10-03 00:04:59,16068.16,70,multi_enable,642,0,200,1539.233,18.236476645000003
2026-10-03 00:05:02,16070.257,70,multi_enable,642,0,200,1541.34,18.109450660000004
2026-10-03 00:05:04,16072.357,70,multi_enable,642,0,200,1543.432,18.277281055
2026-10-03 00:05:06,16074.458,70,multi_enable,642,0,200,1545.541,18.043073539999995
2026-10-03 00:05:08,16076.557,70,multi_enable,642,0,200,1547.633,18.202239554999995
2026-10-03 00:05:10,16078.657,70,multi_enable,642,0,200,1549.741,18.189383395
2026-10-03 00:05:12,16080.757,70,multi_enable,642,0,200,1551.833,18.197628095000002
2026-10-03 00:05:14,16082.858,70,multi_enable,642,0,200,1553.93,18.26372622
2026-10-03 00:05:16,16084.957,70,multi_enable,642,0,200,1556.043,18.323815050000004
2026-10-03 00:05:18,16087.058,70,multi_enable,642,0,200,1558.14,18.198047394999996
2026-10-03 00:05:20,16089.157,70,multi_enable,642,0,200,1560.243,18.14368721
2026-10-03 00:05:23,16091.257,70,multi_enable,642,0,200,1562.336,18.292932304999997
2026-10-03 00:05:25,16093.356,70,multi_enable,642,0,200,1564.439,18.287481920000005
2026-10-03 00:05:27,16095.457,70,multi_enable,642,0,200,1566.534,18.224179275
2026-10-03 00:05:29,16097.556,70,multi_enable,642,0,200,1568.635,18.2465382
2026-10-03 00:05:31,16099.656,70,multi_enable,642,0,200,1570.729,18.193715355000002
2026-10-03 00:05:33,16101.756,70,multi_enable,642,0,200,1572.834,18.25226694
2026-10-03 00:05:35,16103.856,70,multi_enable,642,0,200,1574.939,18.21523542
2026-10-03 00:05:37,16105.956,70,multi_enable,642,0,200,1577.029,18.27742086
2026-10-03 00:05:39,16108.058,70,multi_enable,642,0,200,1579.132,18.225436935
2026-10-03 00:05:41,16110.156,70,multi_enable,642,0,200,1581.237,18.257158065000002
2026-10-03 00:05:44,16112.255,70,multi_enable,642,0,200,1583.34,18.203357524999998
2026-10-03 00:05:46,16114.355,70,multi_enable,642,0,200,1585.435,18.232423625000003
2026-10-03 00:05:48,16116.455,70,multi_enable,642,0,200,1587.538,18.13949552
2026-10-03 00:05:50,16118.555,70,multi_enable,642,0,200,1589.629,18.153748474999997
2026-10-03 00:05:52,16120.655,70,multi_enable,642,0,200,1591.733,18.143687385000003
2026-10-03 00:05:54,16122.755,70,multi_enable,642,0,200,1593.838,18.202518854999997
2026-10-03 00:05:56,16124.854,70,multi_enable,642,0,200,1595.927,18.11601883
2026-10-03 00:05:58,16126.954,70,multi_enable,642,0,200,1598.029,18.326609774999994
2026-10-03 00:06:00,16129.055,70,multi_enable,642,0,200,1600.137,18.140193914999998
2026-10-03 00:06:02,16131.154,70,multi_enable,642,0,200,1602.239,18.155006785
2026-10-03 00:06:05,16133.254,70,multi_enable,642,0,200,1604.335,18.134464420000004
2026-10-03 00:06:07,16135.355,70,multi_enable,642,0,200,1606.434,18.258555880000003
2026-10-03 00:06:09,16137.455,70,multi_enable,642,0,200,1608.531,18.29838214
2026-10-03 00:06:11,16139.553,70,multi_enable,642,0,200,1610.629,18.198466579999998
2026-10-03 00:06:13,16141.653,70,multi_enable,642,0,200,1612.73,18.196510245
2026-10-03 00:06:15,16143.753,70,multi_enable,642,0,200,1614.836,18.191479714999996
2026-10-03 00:06:17,16145.853,70,multi_enable,642,0,200,1616.925,18.229768239999995
2026-10-03 00:06:19,16147.954,70,multi_enable,642,0,200,1619.031,18.193295875
2026-10-03 00:06:21,16150.056,70,multi_enable,642,0,200,1621.136,18.29041662
2026-10-03 00:06:23,16152.153,70,multi_enable,642,0,200,1623.231,18.286503845000002
2026-10-03 00:06:26,16154.254,70,multi_enable,642,0,200,1625.333,18.145224635
2026-10-03 00:06:28,16156.354,70,multi_enable,642,0,200,1627.438,18.373143964999997
2026-10-03 00:06:30,16158.454,70,multi_enable,642,0,200,1629.526,18.236057084999995
2026-10-03 00:06:32,16160.552,70,multi_enable,642,0,200,1631.629,18.104001139999998
2026-10-03 00:06:34,16162.652,70,multi_enable,642,0,200,1633.732,18.098131575
2026-10-03 00:06:36,16164.752,70,multi_enable,642,0,200,1635.838,18.146761689999998
2026-10-03 00:06:38,16166.853,70,multi_enable,642,0,200,1637.927,18.1150401
2026-10-03 00:06:40,16168.949,70,multi_enable,642,0,200,1640.031,18.039020984999997
2026-10-03 00:06:42,16171.054,70,multi_enable,642,0,200,1642.123,18.3104001
2026-10-03 00:06:44,16173.152,70,multi_enable,642,0,200,1644.233,18.268057985
2026-10-03 00:06:47,16175.252,70,multi_enable,642,0,200,1646.326,18.2440226
2026-10-03 00:06:49,16177.351,70,multi_enable,642,0,200,1648.434,18.25645939
2026-10-03 00:06:51,16179.449,70,multi_enable,642,0,200,1650.531,18.185191324999998
2026-10-03 00:06:53,16181.552,70,multi_enable,642,0,200,1652.628,18.293630885000002
2026-10-03 00:06:55,16183.652,70,multi_enable,642,0,200,1654.73,18.229070485
2026-10-03 00:06:57,16185.752,70,multi_enable,642,0,200,1656.834,18.320042269999995
2026-10-03 00:06:59,16187.852,70,multi_enable,642,0,200,1658.937,18.154726919999995
2026-10-03 00:07:01,16189.948,70,multi_enable,642,0,200,1661.029,18.083458955
2026-10-03 00:07:03,16192.053,70,multi_enable,642,0,200,1663.134,18.264983975000003
2026-10-03 00:07:05,16194.153,70,multi_enable,642,0,200,1665.238,18.2816131
2026-10-03 00:07:08,16196.251,70,multi_enable,642,0,200,1667.328,18.259114495
2026-10-03 00:07:10,16198.35,70,multi_enable,642,0,200,1669.434,18.213558380000002
2026-10-03 00:07:12,16200.451,70,multi_enable,642,0,200,1671.536,18.258695215000003
2026-10-03 00:07:14,16202.55,70,multi_enable,642,0,200,1673.625,18.13572236
2026-10-03 00:07:16,16204.647,70,multi_enable,642,0,200,1675.729,18.23396133
2026-10-03 00:07:18,16206.75,70,multi_enable,642,0,200,1677.821,18.174430620000003
2026-10-03 00:07:20,16208.851,70,multi_enable,642,0,200,1679.927,18.281054214999997
2026-10-03 00:07:22,16210.949,70,multi_enable,642,0,200,1682.03,18.261071015000002
2026-10-03 00:07:24,16213.052,70,multi_enable,642,0,200,1684.132,18.277141635
2026-10-03 00:07:26,16215.153,70,multi_enable,642,0,200,1686.237,18.294608595
2026-10-03 00:07:29,16217.25,70,multi_enable,642,0,200,1688.329,18.315849915
2026-10-03 00:07:31,16219.35,70,multi_enable,642,0,200,1690.434,18.30984085
2026-10-03 00:07:33,16221.45,70,multi_enable,642,0,200,1692.531,18.2436033
2026-10-03 00:07:35,16223.549,70,multi_enable,642,0,200,1694.628,18.220266235
2026-10-03 00:07:37,16225.649,70,multi_enable,642,0,200,1696.727,18.23382125
2026-10-03 00:07:39,16227.748,70,multi_enable,642,0,200,1698.833,18.270294269999997
2026-10-03 00:07:41,16229.849,70,multi_enable,642,0,200,1700.935,18.205873115
2026-10-03 00:07:43,16231.949,70,multi_enable,642,0,200,1703.029,18.172474115
2026-10-03 00:07:45,16234.049,70,multi_enable,642,0,200,1705.129,18.25785665
2026-10-03 00:07:47,16236.151,70,multi_enable,642,0,200,1707.233,18.29293185
2026-10-03 00:07:50,16238.248,70,multi_enable,642,0,200,1709.323,18.239131765
2026-10-03 00:07:52,16240.348,70,multi_enable,642,0,200,1711.425,18.226834019999995
2026-10-03 00:07:54,16242.448,70,multi_enable,642,0,200,1713.53,18.120210894999996
2026-10-03 00:07:56,16244.548,70,multi_enable,642,0,200,1715.621,18.162971825000003
2026-10-03 00:07:58,16246.647,70,multi_enable,642,0,200,1717.725,18.123704565000004
2026-10-03 00:08:00,16248.748,70,multi_enable,642,0,200,1719.831,18.181417505
2026-10-03 00:08:02,16250.845,70,multi_enable,642,0,200,1721.933,18.077729275
2026-10-03 00:08:04,16252.947,70,multi_enable,642,0,200,1724.017,18.31948282
2026-10-03 00:08:06,16255.048,70,multi_enable,642,0,200,1726.132,18.171355959999996
2026-10-03 00:08:08,16257.149,70,multi_enable,642,0,200,1728.221,18.25045069
2026-10-03 00:08:11,16259.247,70,multi_enable,642,0,200,1730.329,18.252686325000003
2026-10-03 00:08:13,16261.346,70,multi_enable,642,0,200,1732.428,18.316409274999998
2026-10-03 00:08:15,16263.444,70,multi_enable,642,0,200,1734.52,18.167443664999997
2026-10-03 00:08:17,16265.547,70,multi_enable,642,0,200,1736.616,18.208807050000004
2026-10-03 00:08:19,16267.646,70,multi_enable,642,0,200,1738.724,18.19637035
2026-10-03 00:08:21,16269.746,70,multi_enable,642,0,200,1740.829,18.169400290000002
2026-10-03 00:08:23,16271.846,70,multi_enable,642,0,200,1742.92,18.179461540000002
2026-10-03 00:08:25,16273.946,70,multi_enable,642,0,200,1745.025,18.275744005
2026-10-03 00:08:27,16276.047,70,multi_enable,642,0,200,1747.118,18.255760900000006
2026-10-03 00:08:29,16278.146,70,multi_enable,642,0,200,1749.221,18.236756144999998
2026-10-03 00:08:32,16280.246,70,multi_enable,642,0,200,1751.326,18.18868433
2026-10-03 00:08:34,16282.345,70,multi_enable,642,0,200,1753.43,18.345614785
2026-10-03 00:08:36,16284.445,70,multi_enable,642,0,200,1755.518,18.284267824999997
2026-10-03 00:08:38,16286.545,70,multi_enable,642,0,200,1757.623,18.221524074999998
2026-10-03 00:08:40,16288.644,70,multi_enable,642,0,200,1759.724,18.244022415
2026-10-03 00:08:42,16290.745,70,multi_enable,642,0,200,1761.826,18.202658745
2026-10-03 00:08:44,16292.845,70,multi_enable,642,0,200,1763.928,18.057047575000002
2026-10-03 00:08:46,16294.946,70,multi_enable,642,0,200,1766.024,18.348130405000003
2026-10-03 00:08:48,16297.046,70,multi_enable,642,0,200,1768.13,18.324932914999998
2026-10-03 00:08:50,16299.146,70,multi_enable,642,0,200,1770.218,18.265402684999998
2026-10-03 00:08:53,16301.244,70,multi_enable,642,0,200,1772.323,18.192038589999996
2026-10-03 00:08:55,16303.344,70,multi_enable,642,0,200,1774.428,18.266940299999998
2026-10-03 00:08:57,16305.445,70,multi_enable,642,0,200,1776.518,18.242205955
2026-10-03 00:08:59,16307.544,70,multi_enable,642,0,200,1778.625,18.359868685000002
2026-10-03 00:09:01,16309.644,70,multi_enable,642,0,200,1780.728,18.28259127
2026-10-03 00:09:03,16311.744,70,multi_enable,642,0,200,1782.828,18.284827184999997
2026-10-03 00:09:05,16313.844,70,multi_enable,642,0,200,1784.929,18.242345469999997
2026-10-03 00:09:07,16315.942,70,multi_enable,642,0,200,1787.029,18.051178375
2026-10-03 00:09:09,16318.045,70,multi_enable,642,0,200,1789.128,18.243602849999995
2026-10-03 00:09:11,16320.144,70,multi_enable,642,0,200,1791.219,18.255201535
2026-10-03 00:09:14,16322.244,70,multi_enable,642,0,200,1793.326,18.199165439999998
2026-10-03 00:09:16,16324.341,70,multi_enable,642,0,200,1795.417,18.233401884999996
2026-10-03 00:09:18,16326.442,70,multi_enable,642,0,200,1797.517,18.257158424999997
2026-10-03 00:09:20,16328.54,70,multi_enable,642,0,200,1799.617,18.208387955
2026-10-03 00:09:22,16330.643,70,multi_enable,642,0,200,1801.72,18.112525339999998
2026-10-03 00:09:24,16332.741,70,multi_enable,642,0,200,1803.825,18.223200655
2026-10-03 00:09:26,16334.84,70,multi_enable,642,0,200,1805.915,18.216073785000003
2026-10-03 00:09:28,16336.94,70,multi_enable,642,0,200,1808.018,18.191479704999995
2026-10-03 00:09:30,16339.044,70,multi_enable,642,0,200,1810.124,18.320321205
2026-10-03 00:09:32,16341.143,70,multi_enable,642,0,200,1812.227,18.230468029999997
2026-10-03 00:09:35,16343.239,70,multi_enable,642,0,200,1814.318,18.186029525000002
2026-10-03 00:09:37,16345.34,70,multi_enable,642,0,200,1816.418,18.157102825
2026-10-03 00:09:39,16347.444,70,multi_enable,642,0,200,1818.526,18.313893775
2026-10-03 00:09:41,16349.542,70,multi_enable,642,0,200,1820.618,18.162971645000002
2026-10-03 00:09:43,16351.639,70,multi_enable,642,0,200,1822.722,18.14312852
2026-10-03 00:09:45,16353.739,70,multi_enable,642,0,200,1824.814,18.19050126
2026-10-03 00:09:47,16355.839,70,multi_enable,642,0,200,1826.922,18.105118915000002
2026-10-03 00:09:49,16357.941,70,multi_enable,642,0,200,1829.011,17.973761165000003
2026-10-03 00:09:51,16360.039,70,multi_enable,642,0,200,1831.12,18.136839845
2026-10-03 00:09:53,16362.139,70,multi_enable,642,0,200,1833.217,18.08960801
2026-10-03 00:09:56,16364.238,70,multi_enable,642,0,200,1835.313,18.071580969999996
2026-10-03 00:09:58,16366.341,70,multi_enable,642,0,200,1837.413,18.21970734
2026-10-03 00:10:00,16368.438,70,multi_enable,642,0,200,1839.525,18.04167582
2026-10-03 00:10:02,16370.54,70,multi_enable,642,0,200,1841.623,18.226414925
2026-10-03 00:10:04,16372.641,70,multi_enable,642,0,200,1843.719,18.26763871
2026-10-03 00:10:06,16374.741,70,multi_enable,642,0,200,1845.818,18.131809125000004
2026-10-03 00:10:08,16376.837,70,multi_enable,642,0,200,1847.918,18.158081269999993
2026-10-03 00:10:10,16378.938,70,multi_enable,642,0,200,1850.018,18.046147930000007
2026-10-03 00:10:12,16381.039,70,multi_enable,642,0,200,1852.12,18.18211676
2026-10-03 00:10:14,16383.139,70,multi_enable,642,0,200,1854.224,18.104839589999997
2026-10-03 00:10:16,16385.237,70,multi_enable,642,0,200,1856.314,18.172334225
2026-10-03 00:10:19,16387.337,70,multi_enable,642,0,200,1858.417,18.17275388
2026-10-03 00:10:21,16389.439,70,multi_enable,642,0,200,1860.519,18.289578425000002
2026-10-03 00:10:23,16391.537,70,multi_enable,642,0,200,1862.623,18.118952965000002
2026-10-03 00:10:25,16393.637,70,multi_enable,642,0,200,1864.711,18.1924575
2026-10-03 00:10:27,16395.737,70,multi_enable,642,0,200,1866.817,18.203776695
2026-10-03 00:10:29,16397.84,70,multi_enable,642,0,200,1868.916,18.237594335000004
2026-10-03 00:10:31,16399.937,70,multi_enable,642,0,200,1871.018,18.036086285
2026-10-03 00:10:33,16402.037,70,multi_enable,642,0,200,1873.123,18.13138984
2026-10-03 00:10:35,16404.139,70,multi_enable,642,0,200,1875.212,18.18267573
2026-10-03 00:10:37,16406.236,70,multi_enable,642,0,200,1877.318,18.150255185000002
2026-10-03 00:10:40,16408.336,70,multi_enable,642,0,200,1879.409,18.032592440000002
2026-10-03 00:10:42,16410.436,70,multi_enable,642,0,200,1881.513,18.16660557
2026-10-03 00:10:44,16412.536,70,multi_enable,642,0,200,1883.616,18.135442875
2026-10-03 00:10:46,16414.639,70,multi_enable,642,0,200,1885.71,18.040977339999998
2026-10-03 00:10:48,16416.736,70,multi_enable,642,0,200,1887.813,18.173312575
2026-10-03 00:10:50,16418.835,70,multi_enable,642,0,200,1889.92,18.143268680000002
2026-10-03 00:10:52,16420.935,70,multi_enable,642,0,200,1892.015,18.169539875
2026-10-03 00:10:54,16423.036,70,multi_enable,642,0,200,1894.114,18.245139714999997
2026-10-03 00:10:56,16425.135,70,multi_enable,642,0,200,1896.217,18.072139930000002
2026-10-03 00:10:58,16427.235,70,multi_enable,642,0,200,1898.319,18.157801215
2026-10-03 00:11:01,16429.334,70,multi_enable,642,0,200,1900.412,18.126778679999994
2026-10-03 00:11:03,16431.437,70,multi_enable,642,0,200,1902.514,18.088629289999997
2026-10-03 00:11:05,16433.537,70,multi_enable,642,0,200,1904.619,18.167583825000005
2026-10-03 00:11:07,16435.636,70,multi_enable,642,0,200,1906.708,18.283150075
2026-10-03 00:11:09,16437.735,70,multi_enable,642,0,200,1908.808,18.105398685000004
2026-10-03 00:11:11,16439.836,70,multi_enable,642,0,200,1910.913,18.13083141
2026-10-03 00:11:13,16441.934,70,multi_enable,642,0,200,1913.017,18.16534744
2026-10-03 00:11:15,16444.037,70,multi_enable,642,0,200,1915.118,18.220266339999995
2026-10-03 00:11:17,16446.137,70,multi_enable,642,0,200,1917.22,18.19720902
2026-10-03 00:11:19,16448.236,70,multi_enable,642,0,200,1919.309,18.127757225
2026-10-03 00:11:22,16450.336,70,multi_enable,642,0,200,1921.413,18.080802915
2026-10-03 00:11:24,16452.436,70,multi_enable,642,0,200,1923.516,18.209366605
2026-10-03 00:11:26,16454.535,70,multi_enable,642,0,200,1925.611,18.15193249
2026-10-03 00:11:28,16456.635,70,multi_enable,642,0,200,1927.715,18.227253015
2026-10-03 00:11:30,16458.735,70,multi_enable,642,0,200,1929.811,18.161853880000002
2026-10-03 00:11:32,16460.836,70,multi_enable,642,0,200,1931.911,18.235357945
2026-10-03 00:11:34,16462.935,70,multi_enable,642,0,200,1934.013,18.0972931
2026-10-03 00:11:36,16465.036,70,multi_enable,642,0,200,1936.12,18.190501360000003
2026-10-03 00:11:38,16467.136,70,multi_enable,642,0,200,1938.214,18.220126715
2026-10-03 00:11:40,16469.235,70,multi_enable,642,0,200,1940.313,18.178903124999998
2026-10-03 00:11:43,16471.334,70,multi_enable,642,0,200,1942.417,18.13097083
2026-10-03 00:11:45,16473.434,70,multi_enable,642,0,200,1944.51,18.18547053
2026-10-03 00:11:47,16475.534,70,multi_enable,642,0,200,1946.614,18.141032475000003
2026-10-03 00:11:49,16477.635,70,multi_enable,642,0,200,1948.72,18.228511519999998
2026-10-03 00:11:51,16479.734,70,multi_enable,642,0,200,1950.812,18.230606710000004
2026-10-03 00:11:53,16481.834,70,multi_enable,642,0,200,1952.914,18.149976340000002
2026-10-03 00:11:55,16483.934,70,multi_enable,642,0,200,1955.019,18.187426765
2026-10-03 00:11:57,16486.035,70,multi_enable,642,0,200,1957.106,18.222223125
2026-10-03 00:11:59,16488.134,70,multi_enable,642,0,200,1959.209,18.122167335
2026-10-03 00:12:01,16490.233,70,multi_enable,642,0,200,1961.312,18.176526929999998
2026-10-03 00:12:04,16492.333,70,multi_enable,642,0,200,1963.418,18.09911001
2026-10-03 00:12:06,16494.434,70,multi_enable,642,0,200,1965.51,18.193994930000002
2026-10-03 00:12:08,16496.533,70,multi_enable,642,0,200,1967.612,18.158360565
2026-10-03 00:12:10,16498.633,70,multi_enable,642,0,200,1969.717,18.200562520000002
2026-10-03 00:12:12,16500.733,70,multi_enable,642,0,200,1971.808,18.147041639999998
2026-10-03 00:12:14,16502.833,70,multi_enable,642,0,200,1973.917,18.185889345
2026-10-03 00:12:16,16504.933,70,multi_enable,642,0,200,1976.012,18.148438905000003
2026-10-03 00:12:18,16507.034,70,multi_enable,642,0,200,1978.109,18.20154079
2026-10-03 00:12:20,16509.133,70,multi_enable,642,0,200,1980.218,18.158499985
2026-10-03 00:12:22,16511.232,70,multi_enable,642,0,200,1982.319,18.290696585000003
2026-10-03 00:12:25,16513.332,70,multi_enable,642,0,200,1984.411,18.13306715
2026-10-03 00:12:27,16515.432,70,multi_enable,642,0,200,1986.518,18.214257820000004
2026-10-03 00:12:29,16517.532,70,multi_enable,642,0,200,1988.61,18.221523530000002
2026-10-03 00:12:31,16519.632,70,multi_enable,642,0,200,1990.714,18.195112615
2026-10-03 00:12:33,16521.732,70,multi_enable,642,0,200,1992.816,18.263866094999997
2026-10-03 00:12:35,16523.831,70,multi_enable,642,0,200,1994.905,18.176387245
2026-10-03 00:12:37,16525.931,70,multi_enable,642,0,200,1997.009,18.223480515000006
2026-10-03 00:12:39,16528.033,70,multi_enable,642,0,200,1999.111,18.233821080000002
2026-10-03 00:12:41,16530.132,70,multi_enable,642,0,200,2001.215,18.20182009
2026-10-03 00:12:43,16532.231,70,multi_enable,642,0,200,2003.304,18.233541404999997
2026-10-03 00:12:46,16534.331,70,multi_enable,642,0,200,2005.409,18.252965995
2026-10-03 00:12:48,16536.43,70,multi_enable,642,0,200,2007.514,18.138516879999997
2026-10-03 00:12:50,16538.531,70,multi_enable,642,0,200,2009.608,18.137399119999998
2026-10-03 00:12:52,16540.631,70,multi_enable,642,0,200,2011.712,18.21383788
2026-10-03 00:12:54,16542.73,70,multi_enable,642,0,200,2013.803,18.111127430000003
2026-10-03 00:12:56,16544.83,70,multi_enable,642,0,200,2015.91,18.129573949999997
2026-10-03 00:12:58,16546.93,70,multi_enable,642,0,200,2018.003,18.150814529999998
2026-10-03 00:13:00,16549.031,70,multi_enable,642,0,200,2020.108,18.061659030000005
2026-10-03 00:13:02,16551.131,70,multi_enable,642,0,200,2022.203,18.20936668
2026-10-03 00:13:04,16553.23,70,multi_enable,642,0,200,2024.316,18.20209985
2026-10-03 00:13:07,16555.33,70,multi_enable,642,0,200,2026.412,18.175269205
2026-10-03 00:13:09,16557.43,70,multi_enable,642,0,200,2028.503,18.196370355000006
2026-10-03 00:13:11,16559.529,70,multi_enable,642,0,200,2030.609,18.214117729999998
2026-10-03 00:13:13,16561.629,70,multi_enable,642,0,200,2032.713,18.062077834999997
2026-10-03 00:13:15,16563.727,70,multi_enable,642,0,200,2034.803,18.114900499999997
2026-10-03 00:13:17,16565.829,70,multi_enable,642,0,200,2036.899,18.147460754999997
2026-10-03 00:13:19,16567.929,70,multi_enable,642,0,200,2039.004,18.260511759999996
2026-10-03 00:13:21,16570.029,70,multi_enable,642,0,200,2041.107,18.208807245000003
2026-10-03 00:13:23,16572.127,70,multi_enable,642,0,200,2043.212,18.145364519999998
2026-10-03 00:13:25,16574.229,70,multi_enable,642,0,200,2045.303,18.205733225
2026-10-03 00:13:28,16576.328,70,multi_enable,642,0,200,2047.406,18.34170232
2026-10-03 00:13:30,16578.429,70,multi_enable,642,0,200,2049.511,18.132647589999998
2026-10-03 00:13:32,16580.528,70,multi_enable,642,0,200,2051.614,18.167863035
2026-10-03 00:13:34,16582.626,70,multi_enable,642,0,200,2053.705,18.13628115
2026-10-03 00:13:36,16584.728,70,multi_enable,642,0,200,2055.812,18.18141817
2026-10-03 00:13:38,16586.828,70,multi_enable,642,0,200,2057.914,18.217052605
2026-10-03 00:13:40,16588.926,70,multi_enable,642,0,200,2060.004,18.10120576
2026-10-03 00:13:42,16591.03,70,multi_enable,642,0,200,2062.111,18.251848589999998
2026-10-03 00:13:44,16593.129,70,multi_enable,642,0,200,2064.214,18.19189871
2026-10-03 00:13:46,16595.225,70,multi_enable,642,0,200,2066.304,18.12454313
2026-10-03 00:13:49,16597.327,70,multi_enable,642,0,200,2068.408,18.138656845
2026-10-03 00:13:51,16599.428,70,multi_enable,642,0,200,2070.501,18.191199750000003
2026-10-03 00:13:53,16601.527,70,multi_enable,642,0,200,2072.608,18.288879559999998
2026-10-03 00:13:55,16603.627,70,multi_enable,642,0,200,2074.699,18.146062735000005
2026-10-03 00:13:57,16605.727,70,multi_enable,642,0,200,2076.804,18.275744084999996
2026-10-03 00:13:59,16607.824,70,multi_enable,642,0,200,2078.9,18.053693604999996
2026-10-03 00:14:01,16609.926,70,multi_enable,642,0,200,2080.998,18.12049058
2026-10-03 00:14:03,16612.027,70,multi_enable,642,0,200,2083.106,18.19511298
2026-10-03 00:14:05,16614.127,70,multi_enable,642,0,200,2085.213,18.088908865
2026-10-03 00:14:07,16616.226,70,multi_enable,642,0,200,2087.302,18.044330745
2026-10-03 00:14:10,16618.326,70,multi_enable,642,0,200,2089.408,18.07717021
2026-10-03 00:14:12,16620.424,70,multi_enable,642,0,200,2091.498,18.069484369999998
2026-10-03 00:14:14,16622.526,70,multi_enable,642,0,200,2093.601,18.106516069999998
2026-10-03 00:14:16,16624.624,70,multi_enable,642,0,200,2095.702,18.16381066
2026-10-03 00:14:18,16626.726,70,multi_enable,642,0,200,2097.808,18.138796745
2026-10-03 00:14:20,16628.823,70,multi_enable,642,0,200,2099.908,18.071161684999996
2026-10-03 00:14:22,16630.925,70,multi_enable,642,0,200,2101.996,18.169400195
2026-10-03 00:14:24,16633.024,70,multi_enable,642,0,200,2104.099,18.215514629999994
2026-10-03 00:14:26,16635.123,70,multi_enable,642,0,200,2106.201,18.13907624
2026-10-03 00:14:28,16637.226,70,multi_enable,642,0,200,2108.302,18.069065454999997
2026-10-03 00:14:31,16639.325,70,multi_enable,642,0,200,2110.409,18.21132247
2026-10-03 00:14:33,16641.423,70,multi_enable,642,0,200,2112.499,18.08960698
2026-10-03 00:14:35,16643.522,70,multi_enable,642,0,200,2114.603,18.18728727
2026-10-03 00:14:37,16645.624,70,multi_enable,642,0,200,2116.708,18.195532265
2026-10-03 00:14:39,16647.722,70,multi_enable,642,0,200,2118.796,18.120909684999997
2026-10-03 00:14:41,16649.822,70,multi_enable,642,0,200,2120.904,18.17079755
2026-10-03 00:14:43,16651.922,70,multi_enable,642,0,200,2122.995,18.20056261
2026-10-03 00:14:45,16654.022,70,multi_enable,642,0,200,2125.098,18.212859805
2026-10-03 00:14:47,16656.122,70,multi_enable,642,0,200,2127.208,18.111407664999994
2026-10-03 00:14:49,16658.221,70,multi_enable,642,0,200,2129.301,18.12063036
2026-10-03 00:14:52,16660.322,70,multi_enable,642,0,200,2131.4,18.061658924999996
2026-10-03 00:14:54,16662.421,70,multi_enable,642,0,200,2133.495,18.16730369
2026-10-03 00:14:56,16664.523,70,multi_enable,642,0,200,2135.594,18.31501117
2026-10-03 00:14:58,16666.621,70,multi_enable,642,0,200,2137.702,18.127897105000002
2026-10-03 00:15:00,16668.721,70,multi_enable,642,0,200,2139.806,18.086812269999996
2026-10-03 00:15:02,16670.821,70,multi_enable,642,0,200,2141.907,18.157941295
2026-10-03 00:15:04,16672.923,70,multi_enable,642,0,200,2144.007,18.106935255
2026-10-03 00:15:06,16675.021,70,multi_enable,642,0,200,2146.098,18.074934375
2026-10-03 00:15:08,16677.122,70,multi_enable,642,0,200,2148.202,18.028400190000003
2026-10-03 00:15:10,16679.223,70,multi_enable,642,0,200,2150.304,18.097013510000004
2026-10-03 00:15:13,16681.32,70,multi_enable,642,0,200,2152.407,18.185889820000003
2026-10-03 00:15:15,16683.42,70,multi_enable,642,0,200,2154.494,18.127757130000003
2026-10-03 00:15:17,16685.521,70,multi_enable,642,0,200,2156.601,18.158779560000003
2026-10-03 00:15:19,16687.622,70,multi_enable,642,0,200,2158.706,18.0929617
2026-10-03 00:15:21,16689.72,70,multi_enable,642,0,200,2160.795,18.15654357
2026-10-03 00:15:23,16691.819,70,multi_enable,642,0,200,2162.901,18.082760089999997
2026-10-03 00:15:25,16693.92,70,multi_enable,642,0,200,2164.992,18.13027188
2026-10-03 00:15:27,16696.023,70,multi_enable,642,0,200,2167.103,18.090585439999998
2026-10-03 00:15:29,16698.12,70,multi_enable,642,0,200,2169.205,18.095336659999997
2026-10-03 00:15:31,16700.219,70,multi_enable,642,0,200,2171.297,18.11364284
2026-10-03 00:15:34,16702.317,70,multi_enable,642,0,200,2173.394,18.157801489999997
2026-10-03 00:15:36,16704.418,70,multi_enable,642,0,200,2175.495,18.28203238
2026-10-03 00:15:38,16706.518,70,multi_enable,642,0,200,2177.597,18.1135036
2026-10-03 00:15:40,16708.618,70,multi_enable,642,0,200,2179.696,18.194134345000002
2026-10-03 00:15:42,16710.717,70,multi_enable,642,0,200,2181.8,18.159338729999998
2026-10-03 00:15:44,16712.818,70,multi_enable,642,0,200,2183.9,18.066410249999997
2026-10-03 00:15:46,16714.919,70,multi_enable,642,0,200,2186.0,18.21076386
2026-10-03 00:15:48,16717.019,70,multi_enable,642,0,200,2188.1,18.137399189999996
2026-10-03 00:15:50,16719.12,70,multi_enable,642,0,200,2190.2,18.10763395
2026-10-03 00:15:52,16721.219,70,multi_enable,642,0,200,2192.299,18.260511935
2026-10-03 00:15:55,16723.312,70,multi_enable,642,0,200,2194.402,18.248494430000004
2026-10-03 00:15:57,16725.418,70,multi_enable,642,0,200,2196.486,18.104560395000004
2026-10-03 00:15:59,16727.52,70,multi_enable,642,0,200,2198.591,18.082899875
2026-10-03 00:16:01,16729.62,70,multi_enable,642,0,200,2200.706,18.09240189
2026-10-03 00:16:03,16731.719,70,multi_enable,642,0,200,2202.795,18.110289235
2026-10-03 00:16:05,16733.814,70,multi_enable,642,0,200,2204.894,18.134744735
2026-10-03 00:16:07,16735.919,70,multi_enable,642,0,200,2206.999,18.171915685
2026-10-03 00:16:09,16738.019,70,multi_enable,642,0,200,2209.096,18.205313955000005
2026-10-03 00:16:11,16740.118,70,multi_enable,642,0,200,2211.204,18.172474299999998
2026-10-03 00:16:13,16742.214,70,multi_enable,642,0,200,2213.303,18.083738445
2026-10-03 00:16:16,16744.318,70,multi_enable,642,0,200,2215.389,18.233961335
2026-10-03 00:16:18,16746.417,70,multi_enable,642,0,200,2217.49,18.206292015000002
2026-10-03 00:16:20,16748.518,70,multi_enable,642,0,200,2219.604,18.144106775
2026-10-03 00:16:22,16750.617,70,multi_enable,642,0,200,2221.697,18.17065803
2026-10-03 00:16:24,16752.714,70,multi_enable,642,0,200,2223.792,18.131390024999998
2026-10-03 00:16:26,16754.813,70,multi_enable,642,0,200,2225.896,18.148718495
2026-10-03 00:16:28,16756.913,70,multi_enable,642,0,200,2227.997,18.199863554999993
2026-10-03 00:16:30,16759.018,70,multi_enable,642,0,200,2230.097,18.17275388
2026-10-03 00:16:32,16761.115,70,multi_enable,642,0,200,2232.193,18.103581855
2026-10-03 00:16:34,16763.218,70,multi_enable,642,0,200,2234.29,18.15528572
2026-10-03 00:16:37,16765.318,70,multi_enable,642,0,200,2236.4,18.138516974999998
2026-10-03 00:16:39,16767.417,70,multi_enable,642,0,200,2238.493,18.18016079
2026-10-03 00:16:41,16769.515,70,multi_enable,642,0,200,2240.595,18.17401172
2026-10-03 00:16:43,16771.615,70,multi_enable,642,0,200,2242.695,18.138097890000004
2026-10-03 00:16:45,16773.714,70,multi_enable,642,0,200,2244.786,18.176806900000003
2026-10-03 00:16:47,16775.815,70,multi_enable,642,0,200,2246.89,18.115180085000002
2026-10-03 00:16:49,16777.917,70,multi_enable,642,0,200,2248.99,18.110289145
2026-10-03 00:16:51,16780.017,70,multi_enable,642,0,200,2251.088,18.24416248
2026-10-03 00:16:53,16782.117,70,multi_enable,642,0,200,2253.203,18.182396329999996
2026-10-03 00:16:55,16784.217,70,multi_enable,642,0,200,2255.293,18.14382748
2026-10-03 00:16:58,16786.312,70,multi_enable,642,0,200,2257.395,18.110009195
2026-10-03 00:17:00,16788.416,70,multi_enable,642,0,200,2259.485,18.082341085000003
2026-10-03 00:17:02,16790.516,70,multi_enable,642,0,200,2261.588,18.165347915
2026-10-03 00:17:04,16792.616,70,multi_enable,642,0,200,2263.702,18.22711341
2026-10-03 00:17:06,16794.716,70,multi_enable,642,0,200,2265.802,18.2153753
2026-10-03 00:17:08,16796.815,70,multi_enable,642,0,200,2267.888,18.17708575
2026-10-03 00:17:10,16798.915,70,multi_enable,642,0,200,2269.991,18.21775063
2026-10-03 00:17:12,16801.016,70,multi_enable,642,0,200,2272.094,18.18323453
2026-10-03 00:17:14,16803.117,70,multi_enable,642,0,200,2274.202,18.246957010000003
2026-10-03 00:17:16,16805.215,70,multi_enable,642,0,200,2276.303,18.205034359999996
2026-10-03 00:17:19,16807.316,70,multi_enable,642,0,200,2278.388,18.231305850000005
2026-10-03 00:17:21,16809.415,70,multi_enable,642,0,200,2280.49,18.245139899999998
2026-10-03 00:17:23,16811.515,70,multi_enable,642,0,200,2282.592,18.229349614999997
2026-10-03 00:17:25,16813.615,70,multi_enable,642,0,200,2284.695,18.122446529999994
2026-10-03 00:17:27,16815.715,70,multi_enable,642,0,200,2286.799,18.140752530000004
2026-10-03 00:17:29,16817.815,70,multi_enable,642,0,200,2288.9,18.16618592
2026-10-03 00:17:31,16819.915,70,multi_enable,642,0,200,2290.987,18.365178719999996
2026-10-03 00:17:33,16822.015,70,multi_enable,642,0,200,2293.088,18.211742309999998
2026-10-03 00:17:35,16824.116,70,multi_enable,642,0,200,2295.192,18.123146065000004
2026-10-03 00:17:37,16826.214,70,multi_enable,642,0,200,2297.296,18.09813157
2026-10-03 00:17:40,16828.311,70,multi_enable,642,0,200,2299.387,18.18239633
2026-10-03 00:17:42,16830.414,70,multi_enable,642,0,200,2301.495,18.245699345
2026-10-03 00:17:44,16832.514,70,multi_enable,642,0,200,2303.596,18.337370080000003
2026-10-03 00:17:46,16834.613,70,multi_enable,642,0,200,2305.695,18.233401880000002
2026-10-03 00:17:48,16836.714,70,multi_enable,642,0,200,2307.79,18.17750512
2026-10-03 00:17:50,16838.813,70,multi_enable,642,0,200,2309.888,18.199584355
2026-10-03 00:17:52,16840.912,70,multi_enable,642,0,200,2311.996,18.12132894
2026-10-03 00:17:54,16843.014,70,multi_enable,642,0,200,2314.099,18.135582655
2026-10-03 00:17:56,16845.114,70,multi_enable,642,0,200,2316.198,18.108751535000003
2026-10-03 00:17:58,16847.213,70,multi_enable,642,0,200,2318.291,18.351902625000005
2026-10-03 00:18:01,16849.313,70,multi_enable,642,0,200,2320.385,18.216353375
2026-10-03 00:18:03,16851.41,70,multi_enable,642,0,200,2322.494,18.156683540000003
2026-10-03 00:18:05,16853.513,70,multi_enable,642,0,200,2324.585,18.074515370000004
2026-10-03 00:18:07,16855.612,70,multi_enable,642,0,200,2326.696,18.114901145
2026-10-03 00:18:09,16857.712,70,multi_enable,642,0,200,2328.79,18.093939585000005
2026-10-03 00:18:11,16859.81,70,multi_enable,642,0,200,2330.895,18.204195985
2026-10-03 00:18:13,16861.912,70,multi_enable,642,0,200,2332.986,18.152631260000003
2026-10-03 00:18:15,16864.011,70,multi_enable,642,0,200,2335.095,18.065012604999996
2026-10-03 00:18:17,16866.109,70,multi_enable,642,0,200,2337.187,18.117835285
2026-10-03 00:18:19,16868.212,70,multi_enable,642,0,200,2339.295,18.05704739
2026-10-03 00:18:22,16870.311,70,multi_enable,642,0,200,2341.396,18.250450209999997
2026-10-03 00:18:24,16872.411,70,multi_enable,642,0,200,2343.49,18.21817048
2026-10-03 00:18:26,16874.509,70,multi_enable,642,0,200,2345.588,18.03999925
2026-10-03 00:18:28,16876.611,70,multi_enable,642,0,200,2347.696,18.05592988
2026-10-03 00:18:30,16878.71,70,multi_enable,642,0,200,2349.785,18.294189584999998
2026-10-03 00:18:32,16880.81,70,multi_enable,642,0,200,2351.895,18.16143496
2026-10-03 00:18:34,16882.91,70,multi_enable,642,0,200,2353.993,18.28063483
2026-10-03 00:18:36,16885.008,70,multi_enable,642,0,200,2356.091,18.008836820000003
2026-10-03 00:18:38,16887.109,70,multi_enable,642,0,200,2358.189,18.155565475000003
2026-10-03 00:18:40,16889.207,70,multi_enable,642,0,200,2360.293,18.120629899999997
2026-10-03 00:18:43,16891.311,70,multi_enable,642,0,200,2362.391,18.085834114999997
2026-10-03 00:18:45,16893.41,70,multi_enable,642,0,200,2364.491,18.027701969999995
2026-10-03 00:18:47,16895.508,70,multi_enable,642,0,200,2366.595,18.087511134999996
2026-10-03 00:18:49,16897.61,70,multi_enable,642,0,200,2368.694,17.99486242
2026-10-03 00:18:51,16899.71,70,multi_enable,642,0,200,2370.796,18.034548679999997
2026-10-03 00:18:53,16901.807,70,multi_enable,642,0,200,2372.891,18.041955314999992
2026-10-03 00:18:55,16903.91,70,multi_enable,642,0,200,2374.981,18.249891595000005
2026-10-03 00:18:57,16906.009,70,multi_enable,642,0,200,2377.095,18.08038429
2026-10-03 00:18:59,16908.107,70,multi_enable,642,0,200,2379.189,18.106236585
2026-10-03 00:19:01,16910.209,70,multi_enable,642,0,200,2381.294,18.231026555
2026-10-03 00:19:04,16912.306,70,multi_enable,642,0,200,2383.385,18.031055095
2026-10-03 00:19:06,16914.41,70,multi_enable,642,0,200,2385.491,18.272808945
2026-10-03 00:19:08,16916.506,70,multi_enable,642,0,200,2387.594,17.956712555
2026-10-03 00:19:10,16918.606,70,multi_enable,642,0,200,2389.683,18.086393535000003
2026-10-03 00:19:12,16920.706,70,multi_enable,642,0,200,2391.784,18.174989795
2026-10-03 00:19:14,16922.806,70,multi_enable,642,0,200,2393.886,18.15053458
2026-10-03 00:19:16,16924.908,70,multi_enable,642,0,200,2395.986,18.02630406
2026-10-03 00:19:18,16927.009,70,multi_enable,642,0,200,2398.089,18.164648675
2026-10-03 00:19:20,16929.107,70,multi_enable,642,0,200,2400.19,18.165766355000002
2026-10-03 00:19:22,16931.209,70,multi_enable,642,0,200,2402.293,18.194413745000002
2026-10-03 00:19:25,16933.305,70,multi_enable,642,0,200,2404.392,18.069763959999996
2026-10-03 00:19:27,16935.405,70,multi_enable,642,0,200,2406.477,18.108612675
2026-10-03 00:19:29,16937.506,70,multi_enable,642,0,200,2408.58,18.012190614999998
2026-10-03 00:19:31,16939.608,70,multi_enable,642,0,200,2410.683,18.079965280000003
2026-10-03 00:19:33,16941.706,70,multi_enable,642,0,200,2412.782,18.039160315000004
2026-10-03 00:19:35,16943.805,70,multi_enable,642,0,200,2414.885,18.109031769999998
2026-10-03 00:19:37,16945.907,70,multi_enable,642,0,200,2416.981,18.14089269
2026-10-03 00:19:39,16948.008,70,multi_enable,642,0,200,2419.084,18.318365135
2026-10-03 00:19:41,16950.105,70,multi_enable,642,0,200,2421.186,18.166185925
2026-10-03 00:19:43,16952.205,70,multi_enable,642,0,200,2423.289,18.228651029999998
2026-10-03 00:19:46,16954.305,70,multi_enable,642,0,200,2425.381,17.994024145
2026-10-03 00:19:48,16956.407,70,multi_enable,642,0,200,2427.483,18.223201200000005
2026-10-03 00:19:50,16958.505,70,multi_enable,642,0,200,2429.583,18.093799524999994
2026-10-03 00:19:52,16960.604,70,multi_enable,642,0,200,2431.691,18.026304720000002
2026-10-03 00:19:54,16962.706,70,multi_enable,642,0,200,2433.784,18.085973900000003
2026-10-03 00:19:56,16964.804,70,multi_enable,642,0,200,2435.888,18.25659928
2026-10-03 00:19:58,16966.903,70,multi_enable,642,0,200,2437.979,18.055091145
2026-10-03 00:20:00,16969.007,70,multi_enable,642,0,200,2440.083,18.038740935
2026-10-03 00:20:02,16971.106,70,multi_enable,642,0,200,2442.184,18.065851085
2026-10-03 00:20:04,16973.203,70,multi_enable,642,0,200,2444.283,18.248773924999995
2026-10-03 00:20:07,16975.305,70,multi_enable,642,0,200,2446.385,18.114062495000002
2026-10-03 00:20:09,16977.405,70,multi_enable,642,0,200,2448.487,17.923314675
2026-10-03 00:20:11,16979.504,70,multi_enable,642,0,200,2450.585,18.098131845
2026-10-03 00:20:13,16981.603,70,multi_enable,642,0,200,2452.689,18.172893870000006
2026-10-03 00:20:15,16983.703,70,multi_enable,642,0,200,2454.788,18.085694879999995
2026-10-03 00:20:17,16985.804,70,multi_enable,642,0,200,2456.886,18.160037695000003
2026-10-03 00:20:19,16987.904,70,multi_enable,642,0,200,2458.987,18.10903139
2026-10-03 00:20:21,16990.003,70,multi_enable,642,0,200,2461.087,18.00911566
2026-10-03 00:20:23,16992.104,70,multi_enable,642,0,200,2463.188,18.188405205000002
2026-10-03 00:20:25,16994.203,70,multi_enable,642,0,200,2465.289,17.919262035000003
2026-10-03 00:20:28,16996.304,70,multi_enable,642,0,200,2467.376,18.021692525000002
2026-10-03 00:20:30,16998.404,70,multi_enable,642,0,200,2469.478,18.096035725
2026-10-03 00:20:32,17000.505,70,multi_enable,642,0,200,2471.579,18.094079275000002
2026-10-03 00:20:34,17002.601,70,multi_enable,642,0,200,2473.684,18.073537105000003
2026-10-03 00:20:36,17004.703,70,multi_enable,642,0,200,2475.785,18.164090259999995
2026-10-03 00:20:38,17006.801,70,multi_enable,642,0,200,2477.888,18.057327059999995
2026-10-03 00:20:40,17008.901,70,multi_enable,642,0,200,2479.988,18.122446915
2026-10-03 00:20:42,17011.002,70,multi_enable,642,0,200,2482.073,18.07549326
2026-10-03 00:20:44,17013.102,70,multi_enable,642,0,200,2484.189,18.124123479999998
2026-10-03 00:20:46,17015.201,70,multi_enable,642,0,200,2486.275,18.070882094999998
2026-10-03 00:20:49,17017.301,70,multi_enable,642,0,200,2488.379,17.985918655000003
2026-10-03 00:20:51,17019.4,70,multi_enable,642,0,200,2490.481,18.058304955
2026-10-03 00:20:53,17021.501,70,multi_enable,642,0,200,2492.583,18.007439105000003
2026-10-03 00:20:55,17023.6,70,multi_enable,642,0,200,2494.686,18.054531880000003
2026-10-03 00:20:57,17025.703,70,multi_enable,642,0,200,2496.786,18.052994545
2026-10-03 00:20:59,17027.8,70,multi_enable,642,0,200,2498.874,18.086812454999997
2026-10-03 00:21:01,17029.902,70,multi_enable,642,0,200,2500.976,18.056907589999998
2026-10-03 00:21:03,17032.003,70,multi_enable,642,0,200,2503.076,17.932956585
2026-10-03 00:21:05,17034.102,70,multi_enable,642,0,200,2505.178,18.121608345000002
2026-10-03 00:21:07,17036.2,70,multi_enable,642,0,200,2507.279,17.940502530000007
2026-10-03 00:21:10,17038.3,70,multi_enable,642,0,200,2509.384,18.02588542
2026-10-03 00:21:12,17040.4,70,multi_enable,642,0,200,2511.473,18.09086529
2026-10-03 00:21:14,17042.5,70,multi_enable,642,0,200,2513.577,18.105398960000002
2026-10-03 00:21:16,17044.599,70,multi_enable,642,0,200,2515.68,18.078707995
2026-10-03 00:21:18,17046.698,70,multi_enable,642,0,200,2517.771,18.093380419999995
2026-10-03 00:21:20,17048.802,70,multi_enable,642,0,200,2519.873,18.11476108
2026-10-03 00:21:22,17050.901,70,multi_enable,642,0,200,2521.977,18.00394515
2026-10-03 00:21:24,17053.002,70,multi_enable,642,0,200,2524.087,17.978093125000004
2026-10-03 00:21:26,17055.102,70,multi_enable,642,0,200,2526.178,18.027701784999998
2026-10-03 00:21:28,17057.199,70,multi_enable,642,0,200,2528.28,17.994023394999996
2026-10-03 00:21:31,17059.299,70,multi_enable,642,0,200,2530.385,18.063056565
2026-10-03 00:21:33,17061.401,70,multi_enable,642,0,200,2532.475,18.166885069999992
2026-10-03 00:21:35,17063.5,70,multi_enable,642,0,200,2534.582,18.117416195
2026-10-03 00:21:37,17065.598,70,multi_enable,642,0,200,2536.672,18.069903565000004
2026-10-03 00:21:39,17067.7,70,multi_enable,642,0,200,2538.779,18.06403463
2026-10-03 00:21:41,17069.8,70,multi_enable,642,0,200,2540.885,18.118953335
2026-10-03 00:21:43,17071.898,70,multi_enable,642,0,200,2542.978,18.095057640000004
2026-10-03 00:21:45,17073.999,70,multi_enable,642,0,200,2545.081,18.082201004999998
2026-10-03 00:21:47,17076.099,70,multi_enable,642,0,200,2547.177,18.217890524999998
2026-10-03 00:21:49,17078.195,70,multi_enable,642,0,200,2549.28,18.032871824999997
2026-10-03 00:21:52,17080.3,70,multi_enable,642,0,200,2551.372,18.005622180000003
2026-10-03 00:21:54,17082.399,70,multi_enable,642,0,200,2553.474,18.037902845
2026-10-03 00:21:56,17084.5,70,multi_enable,642,0,200,2555.574,18.21523551
2026-10-03 00:21:58,17086.597,70,multi_enable,642,0,200,2557.673,18.242205300000002
2026-10-03 00:22:00,17088.697,70,multi_enable,642,0,200,2559.778,18.157801690000003
2026-10-03 00:22:02,17090.799,70,multi_enable,642,0,200,2561.869,18.210764044999998
2026-10-03 00:22:04,17092.897,70,multi_enable,642,0,200,2563.972,18.207968484999995
2026-10-03 00:22:06,17094.997,70,multi_enable,642,0,200,2566.073,18.15360907
2026-10-03 00:22:08,17097.1,70,multi_enable,642,0,200,2568.179,18.010094295000002
2026-10-03 00:22:10,17099.199,70,multi_enable,642,0,200,2570.282,18.058584914999997
2026-10-03 00:22:13,17101.296,70,multi_enable,642,0,200,2572.383,18.108052945
2026-10-03 00:22:15,17103.396,70,multi_enable,642,0,200,2574.474,18.132228780000002
2026-10-03 00:22:17,17105.495,70,multi_enable,642,0,200,2576.581,18.08960754
2026-10-03 00:22:19,17107.596,70,multi_enable,642,0,200,2578.669,18.05425267
2026-10-03 00:22:21,17109.696,70,multi_enable,642,0,200,2580.768,18.041256355
2026-10-03 00:22:23,17111.796,70,multi_enable,642,0,200,2582.869,17.998356095000002
2026-10-03 00:22:25,17113.895,70,multi_enable,642,0,200,2584.972,18.174989809999992
2026-10-03 00:22:27,17115.996,70,multi_enable,642,0,200,2587.074,18.120211000000005
2026-10-03 00:22:29,17118.096,70,multi_enable,642,0,200,2589.172,18.138517259999997
2026-10-03 00:22:31,17120.195,70,multi_enable,642,0,200,2591.274,17.95531549
2026-10-03 00:22:34,17122.295,70,multi_enable,642,0,200,2593.372,18.013587955000002
2026-10-03 00:22:36,17124.398,70,multi_enable,642,0,200,2595.481,18.062217809999996
2026-10-03 00:22:38,17126.497,70,multi_enable,642,0,200,2597.574,18.2444415
2026-10-03 00:22:40,17128.594,70,multi_enable,642,0,200,2599.679,18.04852338
2026-10-03 00:22:42,17130.695,70,multi_enable,642,0,200,2601.768,18.158779760000005
2026-10-03 00:22:44,17132.794,70,multi_enable,642,0,200,2603.874,18.063755145
2026-10-03 00:22:46,17134.895,70,multi_enable,642,0,200,2605.98,18.080244490000002
2026-10-03 00:22:48,17136.995,70,multi_enable,642,0,200,2608.07,18.122586424999998
2026-10-03 00:22:50,17139.094,70,multi_enable,642,0,200,2610.178,18.035666825
2026-10-03 00:22:52,17141.197,70,multi_enable,642,0,200,2612.267,18.03930029
2026-10-03 00:22:55,17143.294,70,multi_enable,642,0,200,2614.373,17.9583897
2026-10-03 00:22:57,17145.396,70,multi_enable,642,0,200,2616.478,18.03524783
2026-10-03 00:22:59,17147.494,70,multi_enable,642,0,200,2618.568,18.187008234999997
2026-10-03 00:23:01,17149.596,70,multi_enable,642,0,200,2620.673,18.0620783
2026-10-03 00:23:03,17151.694,70,multi_enable,642,0,200,2622.775,18.006041735
2026-10-03 00:23:05,17153.793,70,multi_enable,642,0,200,2624.878,18.149975765
2026-10-03 00:23:07,17155.893,70,multi_enable,642,0,200,2626.968,18.12817613
2026-10-03 00:23:09,17157.993,70,multi_enable,642,0,200,2629.072,18.1719155
2026-10-03 00:23:11,17160.094,70,multi_enable,642,0,200,2631.173,18.05704749
2026-10-03 00:23:13,17162.193,70,multi_enable,642,0,200,2633.267,18.139355830000003
2026-10-03 00:23:16,17164.293,70,multi_enable,642,0,200,2635.375,18.029099145
2026-10-03 00:23:18,17166.392,70,multi_enable,642,0,200,2637.475,18.062916955000002
2026-10-03 00:23:20,17168.495,70,multi_enable,642,0,200,2639.572,18.056907685000002
2026-10-03 00:23:22,17170.592,70,multi_enable,642,0,200,2641.667,18.013867090000005
2026-10-03 00:23:24,17172.693,70,multi_enable,642,0,200,2643.779,17.980188969999997
2026-10-03 00:23:26,17174.794,70,multi_enable,642,0,200,2645.868,18.162552835000003
2026-10-03 00:23:28,17176.894,70,multi_enable,642,0,200,2647.979,17.973202365000002
2026-10-03 00:23:30,17178.993,70,multi_enable,642,0,200,2650.069,18.141731340000003
2026-10-03 00:23:32,17181.092,70,multi_enable,642,0,200,2652.17,18.229349230000004
2026-10-03 00:23:34,17183.192,70,multi_enable,642,0,200,2654.275,18.073118105000002
2026-10-03 00:23:37,17185.294,70,multi_enable,642,0,200,2656.364,18.151373315000004
2026-10-03 00:23:39,17187.391,70,multi_enable,642,0,200,2658.469,18.144665755000005
2026-10-03 00:23:41,17189.491,70,multi_enable,642,0,200,2660.574,18.056209289999998
2026-10-03 00:23:43,17191.591,70,multi_enable,642,0,200,2662.665,18.193855055
2026-10-03 00:23:45,17193.691,70,multi_enable,642,0,200,2664.771,18.222502060000004
2026-10-03 00:23:47,17195.791,70,multi_enable,642,0,200,2666.866,18.14019401
2026-10-03 00:23:49,17197.891,70,multi_enable,642,0,200,2668.972,18.04670664
2026-10-03 00:23:51,17199.991,70,multi_enable,642,0,200,2671.063,18.11895342
2026-10-03 00:23:53,17202.091,70,multi_enable,642,0,200,2673.166,18.104280630000005
2026-10-03 00:23:55,17204.191,70,multi_enable,642,0,200,2675.269,18.052436045
2026-10-03 00:23:58,17206.291,70,multi_enable,642,0,200,2677.373,18.06613057
2026-10-03 00:24:00,17208.39,70,multi_enable,642,0,200,2679.476,18.136700615000002
2026-10-03 00:24:02,17210.49,70,multi_enable,642,0,200,2681.567,18.159059250000002
2026-10-03 00:24:04,17212.59,70,multi_enable,642,0,200,2683.673,18.076751095
2026-10-03 00:24:06,17214.69,70,multi_enable,642,0,200,2685.763,18.081642125000002
2026-10-03 00:24:08,17216.789,70,multi_enable,642,0,200,2687.868,18.191199555
2026-10-03 00:24:10,17218.889,70,multi_enable,642,0,200,2689.972,18.151653279999998
2026-10-03 00:24:12,17220.99,70,multi_enable,642,0,200,2692.063,18.129993605
2026-10-03 00:24:14,17223.09,70,multi_enable,642,0,200,2694.172,18.065152605
2026-10-03 00:24:16,17225.189,70,multi_enable,642,0,200,2696.269,18.10483904
2026-10-03 00:24:19,17227.289,70,multi_enable,642,0,200,2698.364,18.080384195000004
2026-10-03 00:24:23,17231.518,70,multi_enable,642,1,500,0.0,45.660158800000005
2026-10-03 00:24:25,17233.604,70,multi_enable,642,1,500,2.089,45.937545035
2026-10-03 00:24:27,17235.695,70,multi_enable,642,1,500,4.179,45.87899409
2026-10-03 00:24:29,17237.792,70,multi_enable,642,1,500,6.271,46.003364215000005
2026-10-03 00:24:31,17239.891,70,multi_enable,642,1,500,8.362,45.66127564000001
2026-10-03 00:24:33,17241.993,70,multi_enable,642,1,500,10.465,45.87508141000001
2026-10-03 00:24:35,17244.093,70,multi_enable,642,1,500,12.569,45.728771005
2026-10-03 00:24:37,17246.191,70,multi_enable,642,1,500,14.673,45.594757975
2026-10-03 00:24:40,17248.288,70,multi_enable,642,1,500,16.762,45.771951415
2026-10-03 00:24:42,17250.387,70,multi_enable,642,1,500,18.869,45.76049279500001
2026-10-03 00:24:44,17252.491,70,multi_enable,642,1,500,20.971,45.82603145499999
2026-10-03 00:24:46,17254.591,70,multi_enable,642,1,500,23.075,45.752107905
2026-10-03 00:24:48,17256.692,70,multi_enable,642,1,500,25.167,45.84531653
2026-10-03 00:24:50,17258.79,70,multi_enable,642,1,500,27.267,46.04947994
2026-10-03 00:24:52,17260.887,70,multi_enable,642,1,500,29.37,45.61753664
2026-10-03 00:24:54,17262.988,70,multi_enable,642,1,500,31.462,45.93824446499999
2026-10-03 00:24:56,17265.088,70,multi_enable,642,1,500,33.562,45.89199051
2026-10-03 00:24:58,17267.187,70,multi_enable,642,1,500,35.66,45.544032380000004
2026-10-03 00:25:01,17269.289,70,multi_enable,642,1,500,37.759,45.65540589
2026-10-03 00:25:03,17271.39,70,multi_enable,642,1,500,39.872,45.786624950000004
2026-10-03 00:25:05,17273.489,70,multi_enable,642,1,500,41.966,45.73478029999999
2026-10-03 00:25:07,17275.591,70,multi_enable,642,1,500,44.061,45.718290465
2026-10-03 00:25:09,17277.687,70,multi_enable,642,1,500,46.165,45.786903625
2026-10-03 00:25:11,17279.786,70,multi_enable,642,1,500,48.267,45.733382365000004
2026-10-03 00:25:13,17281.889,70,multi_enable,642,1,500,50.37,45.742326420000005
2026-10-03 00:25:15,17283.986,70,multi_enable,642,1,500,52.469,45.622008475
2026-10-03 00:25:17,17286.087,70,multi_enable,642,1,500,54.561,45.558844505
2026-10-03 00:25:19,17288.186,70,multi_enable,642,1,500,56.662,45.550180965
2026-10-03 00:25:22,17290.288,70,multi_enable,642,1,500,58.768,45.759374265
2026-10-03 00:25:24,17292.389,70,multi_enable,642,1,500,60.872,45.78550718
2026-10-03 00:25:26,17294.492,70,multi_enable,642,1,500,62.974,45.79808283000001
2026-10-03 00:25:28,17296.59,70,multi_enable,642,1,500,65.062,45.85984964499999
2026-10-03 00:25:30,17298.688,70,multi_enable,642,1,500,67.167,45.799620635000004
2026-10-03 00:25:32,17300.788,70,multi_enable,642,1,500,69.262,45.769995825
2026-10-03 00:25:34,17302.889,70,multi_enable,642,1,500,71.362,45.78494765000001
2026-10-03 00:25:36,17304.99,70,multi_enable,642,1,500,73.465,45.876758165
2026-10-03 00:25:38,17307.089,70,multi_enable,642,1,500,75.567,45.700404235
2026-10-03 00:25:40,17309.188,70,multi_enable,642,1,500,77.659,45.71074434999999
2026-10-03 00:25:43,17311.288,70,multi_enable,642,1,500,79.762,45.9163053
2026-10-03 00:25:45,17313.387,70,multi_enable,642,1,500,81.872,45.82449439
2026-10-03 00:25:47,17315.484,70,multi_enable,642,1,500,83.962,45.673991735
2026-10-03 00:25:49,17317.588,70,multi_enable,642,1,500,86.062,45.62396408000001
2026-10-03 00:25:51,17319.684,70,multi_enable,642,1,500,88.158,45.73254473000001
2026-10-03 00:25:53,17321.787,70,multi_enable,642,1,500,90.259,45.83078306
2026-10-03 00:25:55,17323.884,70,multi_enable,642,1,500,92.357,45.604679745
2026-10-03 00:25:57,17325.985,70,multi_enable,642,1,500,94.462,45.677904965
2026-10-03 00:25:59,17328.088,70,multi_enable,642,1,500,96.568,45.808424995
2026-10-03 00:26:01,17330.184,70,multi_enable,642,1,500,98.671,45.732683125
2026-10-03 00:26:04,17332.286,70,multi_enable,642,1,500,100.761,45.870329805000004
2026-10-03 00:26:06,17334.386,70,multi_enable,642,1,500,102.861,46.232262625000004
2026-10-03 00:26:08,17336.485,70,multi_enable,642,1,500,104.962,45.691320864999994
2026-10-03 00:26:10,17338.586,70,multi_enable,642,1,500,107.067,45.868792389999996
2026-10-03 00:26:12,17340.686,70,multi_enable,642,1,500,109.156,45.856495945
2026-10-03 00:26:14,17342.786,70,multi_enable,642,1,500,111.259,45.8685141
2026-10-03 00:26:16,17344.886,70,multi_enable,642,1,500,113.366,45.650795290000005
2026-10-03 00:26:18,17346.983,70,multi_enable,642,1,500,115.467,45.807305715000005
2026-10-03 00:26:20,17349.083,70,multi_enable,642,1,500,117.555,45.840704805
2026-10-03 00:26:22,17351.182,70,multi_enable,642,1,500,119.659,45.7581168
2026-10-03 00:26:25,17353.285,70,multi_enable,642,1,500,121.758,45.69914621
2026-10-03 00:26:27,17355.385,70,multi_enable,642,1,500,123.863,45.898697160000005
2026-10-03 00:26:29,17357.484,70,multi_enable,642,1,500,125.957,45.69691008499999
2026-10-03 00:26:31,17359.582,70,multi_enable,642,1,500,128.067,45.739671595
2026-10-03 00:26:33,17361.684,70,multi_enable,642,1,500,130.16,45.83483581
2026-10-03 00:26:35,17363.784,70,multi_enable,642,1,500,132.263,45.960044489999994
2026-10-03 00:26:37,17365.886,70,multi_enable,642,1,500,134.369,45.729329995
2026-10-03 00:26:39,17367.982,70,multi_enable,642,1,500,136.459,45.81513219
2026-10-03 00:26:41,17370.086,70,multi_enable,642,1,500,138.557,45.78732252
2026-10-03 00:26:43,17372.181,70,multi_enable,642,1,500,140.665,45.722483100000005
2026-10-03 00:26:46,17374.281,70,multi_enable,642,1,500,142.757,45.684613295000005
2026-10-03 00:26:48,17376.381,70,multi_enable,642,1,500,144.862,45.80045939
2026-10-03 00:26:50,17378.481,70,multi_enable,642,1,500,146.951,45.581204639999996
2026-10-03 00:26:52,17380.585,70,multi_enable,642,1,500,149.057,45.678743725
2026-10-03 00:26:54,17382.685,70,multi_enable,642,1,500,151.161,45.64422761
2026-10-03 00:26:56,17384.781,70,multi_enable,642,1,500,153.264,45.6925787
2026-10-03 00:26:58,17386.88,70,multi_enable,642,1,500,155.354,45.664769225
2026-10-03 00:27:00,17388.981,70,multi_enable,642,1,500,157.457,45.71060444499999
2026-10-03 00:27:02,17391.081,70,multi_enable,642,1,500,159.553,45.769018124999995
2026-10-03 00:27:04,17393.183,70,multi_enable,642,1,500,161.656,45.87116836500001
2026-10-03 00:27:07,17395.28,70,multi_enable,642,1,500,163.762,45.635703944999996
2026-10-03 00:27:09,17397.384,70,multi_enable,642,1,500,165.854,45.793891505
2026-10-03 00:27:11,17399.484,70,multi_enable,642,1,500,167.957,45.68014125
2026-10-03 00:27:13,17401.582,70,multi_enable,642,1,500,170.062,45.626899225
2026-10-03 00:27:15,17403.68,70,multi_enable,642,1,500,172.165,45.86418101500001
2026-10-03 00:27:17,17405.779,70,multi_enable,642,1,500,174.252,46.0735146
2026-10-03 00:27:19,17407.883,70,multi_enable,642,1,500,176.354,45.764127370000004
2026-10-03 00:27:21,17409.984,70,multi_enable,642,1,500,178.455,46.043888845000005
2026-10-03 00:27:23,17412.082,70,multi_enable,642,1,500,180.559,45.73631677
2026-10-03 00:27:25,17414.178,70,multi_enable,642,1,500,182.664,45.63346729
2026-10-03 00:27:28,17416.278,70,multi_enable,642,1,500,184.755,45.854957600000006
2026-10-03 00:27:30,17418.381,70,multi_enable,642,1,500,186.86,45.669240875
2026-10-03 00:27:32,17420.479,70,multi_enable,642,1,500,188.961,45.854958334999985
2026-10-03 00:27:34,17422.578,70,multi_enable,642,1,500,191.063,45.748614715
2026-10-03 00:27:36,17424.678,70,multi_enable,642,1,500,193.157,45.69746852499999
2026-10-03 00:27:38,17426.778,70,multi_enable,642,1,500,195.254,45.65540663000001
2026-10-03 00:27:40,17428.878,70,multi_enable,642,1,500,197.355,45.81485224000001
2026-10-03 00:27:42,17430.982,70,multi_enable,642,1,500,199.455,45.863483295
2026-10-03 00:27:44,17433.081,70,multi_enable,642,1,500,201.565,45.889475005
2026-10-03 00:27:46,17435.178,70,multi_enable,642,1,500,203.653,45.719968144999996
2026-10-03 00:27:49,17437.282,70,multi_enable,642,1,500,205.756,45.67329399000001
2026-10-03 00:27:51,17439.38,70,multi_enable,642,1,500,207.862,45.718151135
2026-10-03 00:27:53,17441.481,70,multi_enable,642,1,500,209.952,45.414071155
2026-10-03 00:27:55,17443.577,70,multi_enable,642,1,500,212.054,45.60998995
2026-10-03 00:27:57,17445.68,70,multi_enable,642,1,500,214.158,45.755182395
2026-10-03 00:27:59,17447.78,70,multi_enable,642,1,500,216.264,45.63430528999999
2026-10-03 00:28:01,17449.879,70,multi_enable,642,1,500,218.351,45.726116545000004
2026-10-03 00:28:03,17451.977,70,multi_enable,642,1,500,220.456,45.81080042000001
2026-10-03 00:28:05,17454.077,70,multi_enable,642,1,500,222.561,45.394647494999994
2026-10-03 00:28:07,17456.179,70,multi_enable,642,1,500,224.657,45.554792324999994
2026-10-03 00:28:10,17458.277,70,multi_enable,642,1,500,226.762,45.875221495
2026-10-03 00:28:12,17460.379,70,multi_enable,642,1,500,228.855,45.676787015
2026-10-03 00:28:14,17462.478,70,multi_enable,642,1,500,230.963,45.905824555
2026-10-03 00:28:16,17464.576,70,multi_enable,642,1,500,233.057,45.583439434999995
2026-10-03 00:28:18,17466.677,70,multi_enable,642,1,500,235.146,45.614741380000005
2026-10-03 00:28:20,17468.78,70,multi_enable,642,1,500,237.26,45.59294191
2026-10-03 00:28:22,17470.881,70,multi_enable,642,1,500,239.363,45.653868644999996
2026-10-03 00:28:24,17472.98,70,multi_enable,642,1,500,241.459,45.945371869999995
2026-10-03 00:28:26,17475.076,70,multi_enable,642,1,500,243.557,45.655266940000004
2026-10-03 00:28:28,17477.175,70,multi_enable,642,1,500,245.655,45.772510015
2026-10-03 00:28:31,17479.275,70,multi_enable,642,1,500,247.755,45.721225815000004
2026-10-03 00:28:33,17481.375,70,multi_enable,642,1,500,249.853,45.64129337999999
2026-10-03 00:28:35,17483.477,70,multi_enable,642,1,500,251.957,45.72611563499999
2026-10-03 00:28:37,17485.578,70,multi_enable,642,1,500,254.05,45.487016815
2026-10-03 00:28:39,17487.679,70,multi_enable,642,1,500,256.155,45.546267924999995
2026-10-03 00:28:41,17489.777,70,multi_enable,642,1,500,258.257,45.590006929999994
2026-10-03 00:28:43,17491.874,70,multi_enable,642,1,500,260.347,45.609991625
2026-10-03 00:28:45,17493.975,70,multi_enable,642,1,500,262.452,45.6861498
2026-10-03 00:28:47,17496.075,70,multi_enable,642,1,500,264.556,45.71409765999999
2026-10-03 00:28:49,17498.178,70,multi_enable,642,1,500,266.647,45.95822711000001
2026-10-03 00:28:52,17500.279,70,multi_enable,642,1,500,268.762,45.63807901500001
2026-10-03 00:28:54,17502.376,70,multi_enable,642,1,500,270.852,45.54556869
2026-10-03 00:28:56,17504.474,70,multi_enable,642,1,500,272.955,45.668681525
2026-10-03 00:28:58,17506.573,70,multi_enable,642,1,500,275.047,45.61991261
2026-10-03 00:29:00,17508.675,70,multi_enable,642,1,500,277.15,45.66267301
2026-10-03 00:29:02,17510.775,70,multi_enable,642,1,500,279.257,45.40652484500001
2026-10-03 00:29:04,17512.876,70,multi_enable,642,1,500,281.347,45.650515145
2026-10-03 00:29:06,17514.973,70,multi_enable,642,1,500,283.451,45.69229856
2026-10-03 00:29:08,17517.077,70,multi_enable,642,1,500,285.554,45.729470434999996
2026-10-03 00:29:10,17519.175,70,multi_enable,642,1,500,287.661,45.649677319999995
2026-10-03 00:29:13,17521.273,70,multi_enable,642,1,500,289.755,45.652192459999995
2026-10-03 00:29:15,17523.373,70,multi_enable,642,1,500,291.849,45.57253886
2026-10-03 00:29:17,17525.475,70,multi_enable,642,1,500,293.953,45.536904965
2026-10-03 00:29:19,17527.572,70,multi_enable,642,1,500,296.056,45.663651265
2026-10-03 00:29:21,17529.672,70,multi_enable,642,1,500,298.156,45.386403615
2026-10-03 00:29:25,17533.901,70,multi_enable,642,2,1000,0.0,92.63585284
2026-10-03 00:29:27,17535.999,70,multi_enable,642,2,1000,2.102,92.92386098999998
2026-10-03 00:29:29,17538.093,70,multi_enable,642,2,1000,4.193,93.34979691000001
2026-10-03 00:29:31,17540.18,70,multi_enable,642,2,1000,6.282,93.47235039
2026-10-03 00:29:34,17542.274,70,multi_enable,642,2,1000,8.374,93.05997118
2026-10-03 00:29:36,17544.378,70,multi_enable,642,2,1000,10.476,93.29753332000001
2026-10-03 00:29:38,17546.479,70,multi_enable,642,2,1000,12.579,93.16086433500001
2026-10-03 00:29:40,17548.576,70,multi_enable,642,2,1000,14.67,93.19971091999999
2026-10-03 00:29:42,17550.679,70,multi_enable,642,2,1000,16.778,93.41771193000001
2026-10-03 00:29:44,17552.773,70,multi_enable,642,2,1000,18.868,93.239258605
2026-10-03 00:29:46,17554.873,70,multi_enable,642,2,1000,20.973,93.06038915
2026-10-03 00:29:48,17556.977,70,multi_enable,642,2,1000,23.067,93.22528652999999
2026-10-03 00:29:50,17559.076,70,multi_enable,642,2,1000,25.168,93.36167499
2026-10-03 00:29:52,17561.176,70,multi_enable,642,2,1000,27.278,93.29375736
2026-10-03 00:29:55,17563.273,70,multi_enable,642,2,1000,29.369,93.17749291499999
2026-10-03 00:29:57,17565.375,70,multi_enable,642,2,1000,31.467,93.280064695
2026-10-03 00:29:59,17567.476,70,multi_enable,642,2,1000,33.569,93.044180795
2026-10-03 00:30:01,17569.573,70,multi_enable,642,2,1000,35.674,93.14339831
2026-10-03 00:30:03,17571.676,70,multi_enable,642,2,1000,37.767,93.14619227500002
2026-10-03 00:30:05,17573.775,70,multi_enable,642,2,1000,39.871,93.20572167
2026-10-03 00:30:07,17575.871,70,multi_enable,642,2,1000,41.964,92.819194865
2026-10-03 00:30:09,17577.973,70,multi_enable,642,2,1000,44.065,93.04529839
2026-10-03 00:30:11,17580.074,70,multi_enable,642,2,1000,46.169,92.90793016499997
2026-10-03 00:30:13,17582.173,70,multi_enable,642,2,1000,48.273,93.15485618999999
2026-10-03 00:30:16,17584.273,70,multi_enable,642,2,1000,50.364,93.37201342
2026-10-03 00:30:18,17586.375,70,multi_enable,642,2,1000,52.464,93.38654913500002
2026-10-03 00:30:20,17588.474,70,multi_enable,642,2,1000,54.57,93.26581098
2026-10-03 00:30:22,17590.575,70,multi_enable,642,2,1000,56.676,93.28579493
2026-10-03 00:30:24,17592.67,70,multi_enable,642,2,1000,58.768,93.15387755000002
2026-10-03 00:30:26,17594.774,70,multi_enable,642,2,1000,60.869,93.07212829
2026-10-03 00:30:28,17596.874,70,multi_enable,642,2,1000,62.975,93.49987805
2026-10-03 00:30:30,17598.975,70,multi_enable,642,2,1000,65.065,93.35803910999998
2026-10-03 00:30:32,17601.074,70,multi_enable,642,2,1000,67.169,93.38906146000001
2026-10-03 00:30:34,17603.173,70,multi_enable,642,2,1000,69.273,93.04669537000001
2026-10-03 00:30:37,17605.274,70,multi_enable,642,2,1000,71.362,93.0521451
2026-10-03 00:30:39,17607.373,70,multi_enable,642,2,1000,73.468,93.27489361
2026-10-03 00:30:41,17609.477,70,multi_enable,642,2,1000,75.576,93.391160285
2026-10-03 00:30:43,17611.577,70,multi_enable,642,2,1000,77.678,93.431406095
2026-10-03 00:30:45,17613.673,70,multi_enable,642,2,1000,79.769,93.12271364
2026-10-03 00:30:47,17615.77,70,multi_enable,642,2,1000,81.869,93.24974008000001
2026-10-03 00:30:49,17617.873,70,multi_enable,642,2,1000,83.966,93.34672131
2026-10-03 00:30:51,17619.973,70,multi_enable,642,2,1000,86.061,92.96480603499998
2026-10-03 00:30:53,17622.072,70,multi_enable,642,2,1000,88.162,93.11712607
2026-10-03 00:30:55,17624.169,70,multi_enable,642,2,1000,90.265,92.88096055
2026-10-03 00:30:58,17626.269,70,multi_enable,642,2,1000,92.37,93.16184185499999
2026-10-03 00:31:00,17628.369,70,multi_enable,642,2,1000,94.46,93.07198934999998
2026-10-03 00:31:02,17630.468,70,multi_enable,642,2,1000,96.563,93.08680335
2026-10-03 00:31:04,17632.569,70,multi_enable,642,2,1000,98.669,92.94566103
2026-10-03 00:31:06,17634.669,70,multi_enable,642,2,1000,100.769,93.139065045
2026-10-03 00:31:08,17636.772,70,multi_enable,642,2,1000,102.858,93.24708544
2026-10-03 00:31:10,17638.868,70,multi_enable,642,2,1000,104.966,93.19761731000001
2026-10-03 00:31:12,17640.972,70,multi_enable,642,2,1000,107.057,93.04795487499999
2026-10-03 00:31:14,17643.074,70,multi_enable,642,2,1000,109.175,92.99149700000001
2026-10-03 00:31:16,17645.171,70,multi_enable,642,2,1000,111.266,93.14633123500002
2026-10-03 00:31:19,17647.271,70,multi_enable,642,2,1000,113.362,93.16994809499998
2026-10-03 00:31:21,17649.371,70,multi_enable,642,2,1000,115.468,93.20334681
2026-10-03 00:31:23,17651.47,70,multi_enable,642,2,1000,117.56,92.91771277999999
2026-10-03 00:31:25,17653.57,70,multi_enable,642,2,1000,119.662,93.180149425
2026-10-03 00:31:27,17655.67,70,multi_enable,642,2,1000,121.766,93.25742609500001
2026-10-03 00:31:29,17657.77,70,multi_enable,642,2,1000,123.869,93.270142
2026-10-03 00:31:31,17659.87,70,multi_enable,642,2,1000,125.958,93.01902615
2026-10-03 00:31:33,17661.971,70,multi_enable,642,2,1000,128.062,93.21759976000001
2026-10-03 00:31:35,17664.07,70,multi_enable,642,2,1000,130.166,93.02657246499999
2026-10-03 00:31:37,17666.17,70,multi_enable,642,2,1000,132.263,92.76259838499999
2026-10-03 00:31:40,17668.269,70,multi_enable,642,2,1000,134.368,92.94496029499999
2026-10-03 00:31:42,17670.37,70,multi_enable,642,2,1000,136.462,93.14605295
2026-10-03 00:31:44,17672.466,70,multi_enable,642,2,1000,138.56,92.96522661499999
2026-10-03 00:31:46,17674.57,70,multi_enable,642,2,1000,140.661,93.14758814499999
2026-10-03 00:31:48,17676.672,70,multi_enable,642,2,1000,142.772,92.82045400999999
2026-10-03 00:31:50,17678.766,70,multi_enable,642,2,1000,144.862,93.272100755
2026-10-03 00:31:52,17680.87,70,multi_enable,642,2,1000,146.958,93.04962680000003
2026-10-03 00:31:54,17682.97,70,multi_enable,642,2,1000,149.06,93.25519203500001
2026-10-03 00:31:56,17685.067,70,multi_enable,642,2,1000,151.165,92.9607544
2026-10-03 00:31:58,17687.169,70,multi_enable,642,2,1000,153.267,92.91030764499999
2026-10-03 00:32:01,17689.273,70,multi_enable,642,2,1000,155.372,93.05857234000001
2026-10-03 00:32:03,17691.369,70,multi_enable,642,2,1000,157.463,92.93294623
2026-10-03 00:32:05,17693.468,70,multi_enable,642,2,1000,159.565,93.081071225
2026-10-03 00:32:07,17695.568,70,multi_enable,642,2,1000,161.665,92.918832605
2026-10-03 00:32:09,17697.667,70,multi_enable,642,2,1000,163.756,92.99457185
2026-10-03 00:32:11,17699.768,70,multi_enable,642,2,1000,165.859,92.85147673
2026-10-03 00:32:13,17701.868,70,multi_enable,642,2,1000,167.962,92.95139089999999
2026-10-03 00:32:15,17703.969,70,multi_enable,642,2,1000,170.064,92.77168290000002
2026-10-03 00:32:17,17706.068,70,multi_enable,642,2,1000,172.168,93.28830838
2026-10-03 00:32:19,17708.167,70,multi_enable,642,2,1000,174.258,92.88781024000001
2026-10-03 00:32:22,17710.267,70,multi_enable,642,2,1000,176.362,92.900107055
2026-10-03 00:32:24,17712.364,70,multi_enable,642,2,1000,178.455,92.95502453999998
2026-10-03 00:32:26,17714.467,70,multi_enable,642,2,1000,180.558,92.96061322
2026-10-03 00:32:28,17716.567,70,multi_enable,642,2,1000,182.659,92.82492437500002
2026-10-03 00:32:30,17718.667,70,multi_enable,642,2,1000,184.754,93.020143365
2026-10-03 00:32:32,17720.766,70,multi_enable,642,2,1000,186.864,92.83624292
2026-10-03 00:32:34,17722.865,70,multi_enable,642,2,1000,188.966,93.14214139000002
2026-10-03 00:32:36,17724.967,70,multi_enable,642,2,1000,191.06,93.08931678000002
2026-10-03 00:32:38,17727.066,70,multi_enable,642,2,1000,193.158,93.165894595
2026-10-03 00:32:40,17729.163,70,multi_enable,642,2,1000,195.255,92.90513695
2026-10-03 00:32:43,17731.266,70,multi_enable,642,2,1000,197.36,93.123272805
2026-10-03 00:32:45,17733.366,70,multi_enable,642,2,1000,199.454,92.92525984000002
2026-10-03 00:32:47,17735.466,70,multi_enable,642,2,1000,201.559,93.18895376
2026-10-03 00:32:49,17737.565,70,multi_enable,642,2,1000,203.663,92.97375119499998
2026-10-03 00:32:51,17739.666,70,multi_enable,642,2,1000,205.754,92.93602109000001
2026-10-03 00:32:53,17741.766,70,multi_enable,642,2,1000,207.857,92.923862865
2026-10-03 00:32:55,17743.866,70,multi_enable,642,2,1000,209.96,92.69845820499998
2026-10-03 00:32:57,17745.966,70,multi_enable,642,2,1000,212.066,93.03481877500002
2026-10-03 00:32:59,17748.066,70,multi_enable,642,2,1000,214.157,92.89353602499999
2026-10-03 00:33:01,17750.165,70,multi_enable,642,2,1000,216.261,92.7939009
2026-10-03 00:33:04,17752.268,70,multi_enable,642,2,1000,218.367,92.89535506
2026-10-03 00:33:06,17754.366,70,multi_enable,642,2,1000,220.458,92.73017905
2026-10-03 00:33:08,17756.465,70,multi_enable,642,2,1000,222.565,93.119501315
2026-10-03 00:33:10,17758.565,70,multi_enable,642,2,1000,224.654,93.03132296
2026-10-03 00:33:12,17760.664,70,multi_enable,642,2,1000,226.754,93.007846165
2026-10-03 00:33:14,17762.765,70,multi_enable,642,2,1000,228.862,92.98576713000001
2026-10-03 00:33:16,17764.865,70,multi_enable,642,2,1000,230.954,92.70670041999998
2026-10-03 00:33:18,17766.966,70,multi_enable,642,2,1000,233.055,92.780067035
2026-10-03 00:33:20,17769.065,70,multi_enable,642,2,1000,235.155,92.88585297499999
2026-10-03 00:33:22,17771.165,70,multi_enable,642,2,1000,237.258,93.00630874999999
2026-10-03 00:33:25,17773.264,70,multi_enable,642,2,1000,239.36,92.689094705
2026-10-03 00:33:27,17775.364,70,multi_enable,642,2,1000,241.462,92.74890646
2026-10-03 00:33:29,17777.464,70,multi_enable,642,2,1000,243.554,92.76846945
2026-10-03 00:33:31,17779.564,70,multi_enable,642,2,1000,245.661,92.674142125
2026-10-03 00:33:33,17781.66,70,multi_enable,642,2,1000,247.761,92.64339766999998
2026-10-03 00:33:35,17783.763,70,multi_enable,642,2,1000,249.85,92.89283902
2026-10-03 00:33:37,17785.867,70,multi_enable,642,2,1000,251.966,92.91491844500003
2026-10-03 00:33:39,17787.965,70,multi_enable,642,2,1000,254.056,93.16491894500001
2026-10-03 00:33:41,17790.064,70,multi_enable,642,2,1000,256.161,92.97361002000001
2026-10-03 00:33:43,17792.163,70,multi_enable,642,2,1000,258.265,93.15485469
2026-10-03 00:33:46,17794.265,70,multi_enable,642,2,1000,260.364,92.55536273000001
2026-10-03 00:33:48,17796.36,70,multi_enable,642,2,1000,262.455,92.65779257
2026-10-03 00:33:50,17798.463,70,multi_enable,642,2,1000,264.556,92.83680207
2026-10-03 00:33:52,17800.563,70,multi_enable,642,2,1000,266.658,92.54809469000001
2026-10-03 00:33:54,17802.663,70,multi_enable,642,2,1000,268.76,92.850358035
2026-10-03 00:33:56,17804.762,70,multi_enable,642,2,1000,270.865,93.176238605
2026-10-03 00:33:58,17806.862,70,multi_enable,642,2,1000,272.954,92.56514496999999
2026-10-03 00:34:00,17808.96,70,multi_enable,642,2,1000,275.06,92.66379922999998
2026-10-03 00:34:02,17811.063,70,multi_enable,642,2,1000,277.155,92.64367968
2026-10-03 00:34:04,17813.161,70,multi_enable,642,2,1000,279.253,92.85189545500002
2026-10-03 00:34:07,17815.262,70,multi_enable,642,2,1000,281.357,92.924281205
2026-10-03 00:34:09,17817.362,70,multi_enable,642,2,1000,283.454,92.511203505
2026-10-03 00:34:11,17819.458,70,multi_enable,642,2,1000,285.55,92.988423275
2026-10-03 00:34:13,17821.558,70,multi_enable,642,2,1000,287.66,92.55214780500002
2026-10-03 00:34:15,17823.662,70,multi_enable,642,2,1000,289.747,92.62397589
2026-10-03 00:34:17,17825.761,70,multi_enable,642,2,1000,291.855,92.630681025
2026-10-03 00:34:19,17827.858,70,multi_enable,642,2,1000,293.957,92.73381046499998
2026-10-03 00:34:21,17829.961,70,multi_enable,642,2,1000,296.059,92.51469822
2026-10-03 00:34:23,17832.061,70,multi_enable,642,2,1000,298.149,92.697620005
2026-10-03 00:34:28,17836.292,70,multi_enable,642,3,2000,0.0,184.1030612
2026-10-03 00:34:30,17838.435,70,multi_enable,642,3,2000,2.119,189.10931865
2026-10-03 00:34:32,17840.582,70,multi_enable,642,3,2000,4.258,189.50870174999997
2026-10-03 00:34:34,17842.731,70,multi_enable,642,3,2000,6.407,189.37883
2026-10-03 00:34:36,17844.855,70,multi_enable,642,3,2000,8.556,189.14842025
2026-10-03 00:34:38,17846.962,70,multi_enable,642,3,2000,10.676,190.58117119999997
2026-10-03 00:34:40,17849.061,70,multi_enable,642,3,2000,12.782,189.80195430000003
2026-10-03 00:34:42,17851.16,70,multi_enable,642,3,2000,14.887,189.55478389999996
2026-10-03 00:34:45,17853.26,70,multi_enable,642,3,2000,16.976,189.78799055000002
2026-10-03 00:34:47,17855.36,70,multi_enable,642,3,2000,19.078,189.85362274999997
2026-10-03 00:34:49,17857.46,70,multi_enable,642,3,2000,21.177,190.53787954999999
2026-10-03 00:34:51,17859.559,70,multi_enable,642,3,2000,23.283,189.22522585000002
2026-10-03 00:34:53,17861.659,70,multi_enable,642,3,2000,25.377,189.6413648
2026-10-03 00:34:55,17863.759,70,multi_enable,642,3,2000,27.479,189.78519659999998
2026-10-03 00:34:57,17865.861,70,multi_enable,642,3,2000,29.587,189.9653389
2026-10-03 00:34:59,17867.96,70,multi_enable,642,3,2000,31.681,189.97790590000002
2026-10-03 00:35:01,17870.06,70,multi_enable,642,3,2000,33.78,189.8997074
2026-10-03 00:35:03,17872.159,70,multi_enable,642,3,2000,35.882,189.83546865
2026-10-03 00:35:06,17874.259,70,multi_enable,642,3,2000,37.984,189.37464205
2026-10-03 00:35:08,17876.358,70,multi_enable,642,3,2000,40.081,189.92623830000002
2026-10-03 00:35:10,17878.46,70,multi_enable,642,3,2000,42.187,189.76564624999997
2026-10-03 00:35:12,17880.558,70,multi_enable,642,3,2000,44.278,189.8312799
2026-10-03 00:35:14,17882.658,70,multi_enable,642,3,2000,46.385,189.81033705
2026-10-03 00:35:16,17884.759,70,multi_enable,642,3,2000,48.474,189.65812400000002
2026-10-03 00:35:18,17886.858,70,multi_enable,642,3,2000,50.575,190.00164715
2026-10-03 00:35:20,17888.959,70,multi_enable,642,3,2000,52.682,189.91087670000002
2026-10-03 00:35:22,17891.062,70,multi_enable,642,3,2000,54.789,189.76983425
2026-10-03 00:35:24,17893.157,70,multi_enable,642,3,2000,56.879,189.79077999999998
2026-10-03 00:35:27,17895.257,70,multi_enable,642,3,2000,58.981,189.8061416
2026-10-03 00:35:29,17897.357,70,multi_enable,642,3,2000,61.084,190.00304194999998
2026-10-03 00:35:31,17899.458,70,multi_enable,642,3,2000,63.173,189.61064515
2026-10-03 00:35:33,17901.557,70,multi_enable,642,3,2000,65.279,189.71118405
2026-10-03 00:35:35,17903.657,70,multi_enable,642,3,2000,67.382,190.21111645
2026-10-03 00:35:37,17905.757,70,multi_enable,642,3,2000,69.486,189.68605250000002
2026-10-03 00:35:39,17907.856,70,multi_enable,642,3,2000,71.58,190.09241535000004
2026-10-03 00:35:41,17909.955,70,multi_enable,642,3,2000,73.683,190.45409629999997
2026-10-03 00:35:43,17912.057,70,multi_enable,642,3,2000,75.781,189.9066887
2026-10-03 00:35:45,17914.156,70,multi_enable,642,3,2000,77.873,189.86758509999996
2026-10-03 00:35:48,17916.258,70,multi_enable,642,3,2000,79.978,190.1873731
2026-10-03 00:35:50,17918.357,70,multi_enable,642,3,2000,82.079,189.76284925000002
2026-10-03 00:35:52,17920.458,70,multi_enable,642,3,2000,84.182,189.70141105
2026-10-03 00:35:54,17922.559,70,multi_enable,642,3,2000,86.287,189.59667975
2026-10-03 00:35:56,17924.661,70,multi_enable,642,3,2000,88.388,189.1232796
2026-10-03 00:35:58,17926.756,70,multi_enable,642,3,2000,90.478,189.18472605
2026-10-03 00:36:00,17928.857,70,multi_enable,642,3,2000,92.574,189.70280734999997
2026-10-03 00:36:02,17930.957,70,multi_enable,642,3,2000,94.68,189.6651043
2026-10-03 00:36:04,17933.06,70,multi_enable,642,3,2000,96.787,189.83127620000002
2026-10-03 00:36:06,17935.155,70,multi_enable,642,3,2000,98.877,189.71397955
2026-10-03 00:36:09,17937.256,70,multi_enable,642,3,2000,100.982,189.78240415
2026-10-03 00:36:11,17939.355,70,multi_enable,642,3,2000,103.074,189.6595158
2026-10-03 00:36:13,17941.456,70,multi_enable,642,3,2000,105.178,189.28945810000002
2026-10-03 00:36:15,17943.556,70,multi_enable,642,3,2000,107.277,189.26432125
2026-10-03 00:36:17,17945.656,70,multi_enable,642,3,2000,109.372,189.30481740000002
2026-10-03 00:36:19,17947.756,70,multi_enable,642,3,2000,111.482,189.27549425
2026-10-03 00:36:21,17949.854,70,multi_enable,642,3,2000,113.576,190.01421334999998
2026-10-03 00:36:23,17951.955,70,multi_enable,642,3,2000,115.682,189.74330415
2026-10-03 00:36:25,17954.059,70,multi_enable,642,3,2000,117.784,189.80474834999998
2026-10-03 00:36:27,17956.154,70,multi_enable,642,3,2000,119.876,189.48077334999996
2026-10-03 00:36:30,17958.254,70,multi_enable,642,3,2000,121.977,189.47239295
2026-10-03 00:36:32,17960.355,70,multi_enable,642,3,2000,124.081,189.2922528
2026-10-03 00:36:34,17962.459,70,multi_enable,642,3,2000,126.184,189.41793140000001
2026-10-03 00:36:36,17964.553,70,multi_enable,642,3,2000,128.275,189.48635965
2026-10-03 00:36:38,17966.656,70,multi_enable,642,3,2000,130.378,189.46401325
2026-10-03 00:36:40,17968.754,70,multi_enable,642,3,2000,132.481,189.05625339999997
2026-10-03 00:36:42,17970.856,70,multi_enable,642,3,2000,134.582,189.00458439999997
2026-10-03 00:36:44,17972.955,70,multi_enable,642,3,2000,136.674,189.23639725
2026-10-03 00:36:46,17975.055,70,multi_enable,642,3,2000,138.777,189.2978393
2026-10-03 00:36:48,17977.154,70,multi_enable,642,3,2000,140.882,189.2210328
2026-10-03 00:36:51,17979.253,70,multi_enable,642,3,2000,142.971,189.16238335000003
2026-10-03 00:36:53,17981.354,70,multi_enable,642,3,2000,145.075,188.82863300000002
2026-10-03 00:36:55,17983.455,70,multi_enable,642,3,2000,147.181,189.3676616
2026-10-03 00:36:57,17985.553,70,multi_enable,642,3,2000,149.271,189.50031919999998
2026-10-03 00:36:59,17987.652,70,multi_enable,642,3,2000,151.376,189.2880626
2026-10-03 00:37:01,17989.753,70,multi_enable,642,3,2000,153.481,189.35649174999998
2026-10-03 00:37:03,17991.856,70,multi_enable,642,3,2000,155.582,188.97525890000003
2026-10-03 00:37:05,17993.959,70,multi_enable,642,3,2000,157.686,189.448657
2026-10-03 00:37:07,17996.054,70,multi_enable,642,3,2000,159.776,188.68060859999997
2026-10-03 00:37:09,17998.153,70,multi_enable,642,3,2000,161.87,188.7741716
2026-10-03 00:37:12,18000.254,70,multi_enable,642,3,2000,163.969,188.9096261
2026-10-03 00:37:14,18002.352,70,multi_enable,642,3,2000,166.08,188.88588625000003
2026-10-03 00:37:16,18004.456,70,multi_enable,642,3,2000,168.181,189.39279240000002
2026-10-03 00:37:18,18006.553,70,multi_enable,642,3,2000,170.281,188.91102155000002
2026-10-03 00:37:20,18008.657,70,multi_enable,642,3,2000,172.383,189.00179350000002
2026-10-03 00:37:22,18010.757,70,multi_enable,642,3,2000,174.485,189.10652779999998
2026-10-03 00:37:24,18012.853,70,multi_enable,642,3,2000,176.577,188.9166081
2026-10-03 00:37:26,18014.954,70,multi_enable,642,3,2000,178.681,188.84259545000003
2026-10-03 00:37:28,18017.058,70,multi_enable,642,3,2000,180.784,188.86214729999998
2026-10-03 00:37:30,18019.159,70,multi_enable,642,3,2000,182.887,188.6610613
2026-10-03 00:37:33,18021.253,70,multi_enable,642,3,2000,184.979,188.85656225000002
2026-10-03 00:37:35,18023.352,70,multi_enable,642,3,2000,187.07,188.89287185000003
2026-10-03 00:37:37,18025.452,70,multi_enable,642,3,2000,189.178,188.49767525
2026-10-03 00:37:39,18027.551,70,multi_enable,642,3,2000,191.273,188.5772705
2026-10-03 00:37:41,18029.652,70,multi_enable,642,3,2000,193.379,188.66664335
2026-10-03 00:37:43,18031.752,70,multi_enable,642,3,2000,195.481,188.77417075000002
2026-10-03 00:37:45,18033.852,70,multi_enable,642,3,2000,197.57,188.85237055000002
2026-10-03 00:37:47,18035.952,70,multi_enable,642,3,2000,199.675,188.99201675000003
2026-10-03 00:37:49,18038.056,70,multi_enable,642,3,2000,201.782,189.28945950000002
2026-10-03 00:37:51,18040.155,70,multi_enable,642,3,2000,203.884,188.89845605000002
2026-10-03 00:37:54,18042.257,70,multi_enable,642,3,2000,205.982,188.50884585000003
2026-10-03 00:37:56,18044.35,70,multi_enable,642,3,2000,208.077,188.506052
2026-10-03 00:37:58,18046.451,70,multi_enable,642,3,2000,210.167,188.84678775000003
2026-10-03 00:38:00,18048.55,70,multi_enable,642,3,2000,212.272,188.60939150000002
2026-10-03 00:38:02,18050.65,70,multi_enable,642,3,2000,214.367,188.45578210000002
2026-10-03 00:38:04,18052.749,70,multi_enable,642,3,2000,216.474,188.82025424999998
2026-10-03 00:38:06,18054.853,70,multi_enable,642,3,2000,218.579,188.82863160000002
2026-10-03 00:38:08,18056.951,70,multi_enable,642,3,2000,220.67,188.3566371
2026-10-03 00:38:10,18059.05,70,multi_enable,642,3,2000,222.776,188.67083345000003
2026-10-03 00:38:12,18061.15,70,multi_enable,642,3,2000,224.879,188.47812195000003
2026-10-03 00:38:15,18063.25,70,multi_enable,642,3,2000,226.967,188.75042885000002
2026-10-03 00:38:17,18065.348,70,multi_enable,642,3,2000,229.07,188.70434474999996
2026-10-03 00:38:19,18067.449,70,multi_enable,642,3,2000,231.166,188.5996186
2026-10-03 00:38:21,18069.545,70,multi_enable,642,3,2000,233.271,188.3356892
2026-10-03 00:38:23,18071.65,70,multi_enable,642,3,2000,235.375,187.87346559999997
2026-10-03 00:38:25,18073.753,70,multi_enable,642,3,2000,237.481,188.21699239999998
2026-10-03 00:38:27,18075.849,70,multi_enable,642,3,2000,239.572,188.2532984
2026-10-03 00:38:29,18077.951,70,multi_enable,642,3,2000,241.676,189.16796965
2026-10-03 00:38:31,18080.055,70,multi_enable,642,3,2000,243.78,188.50326170000002
2026-10-03 00:38:33,18082.154,70,multi_enable,642,3,2000,245.882,188.51163904999999
2026-10-03 00:38:36,18084.249,70,multi_enable,642,3,2000,247.975,187.8259875
2026-10-03 00:38:38,18086.349,70,multi_enable,642,3,2000,250.076,187.88603164999998
2026-10-03 00:38:40,18088.451,70,multi_enable,642,3,2000,252.177,188.30915610000002
2026-10-03 00:38:42,18090.549,70,multi_enable,642,3,2000,254.274,187.81202365
2026-10-03 00:38:44,18092.649,70,multi_enable,642,3,2000,256.368,187.89999795000003
2026-10-03 00:38:46,18094.748,70,multi_enable,642,3,2000,258.467,188.3454628
2026-10-03 00:38:48,18096.852,70,multi_enable,642,3,2000,260.578,188.46276400000002
2026-10-03 00:38:50,18098.953,70,multi_enable,642,3,2000,262.68,187.95445709999998
2026-10-03 00:38:52,18101.048,70,multi_enable,642,3,2000,264.769,188.17649329999998
2026-10-03 00:38:54,18103.147,70,multi_enable,642,3,2000,266.873,188.78674150000003
2026-10-03 00:38:57,18105.248,70,multi_enable,642,3,2000,268.965,187.57183475
2026-10-03 00:38:59,18107.348,70,multi_enable,642,3,2000,271.072,188.07455220000003
2026-10-03 00:39:01,18109.451,70,multi_enable,642,3,2000,273.178,187.90698129999998
2026-10-03 00:39:03,18111.55,70,multi_enable,642,3,2000,275.278,187.9781954
2026-10-03 00:39:05,18113.647,70,multi_enable,642,3,2000,277.367,187.70868485
2026-10-03 00:39:07,18115.747,70,multi_enable,642,3,2000,279.467,188.1094642
2026-10-03 00:39:09,18117.847,70,multi_enable,642,3,2000,281.569,188.02148999999997
2026-10-03 00:39:11,18119.947,70,multi_enable,642,3,2000,283.669,187.8357567
2026-10-03 00:39:13,18122.048,70,multi_enable,642,3,2000,285.774,187.66958495
2026-10-03 00:39:15,18124.149,70,multi_enable,642,3,2000,287.877,187.9754059
2026-10-03 00:39:18,18126.247,70,multi_enable,642,3,2000,289.967,187.7882824
2026-10-03 00:39:20,18128.346,70,multi_enable,642,3,2000,292.068,187.98378705000002
2026-10-03 00:39:22,18130.445,70,multi_enable,642,3,2000,294.168,187.86508665
2026-10-03 00:39:24,18132.547,70,multi_enable,642,3,2000,296.268,187.89441134999998
2026-10-03 00:39:26,18134.646,70,multi_enable,642,3,2000,298.365,188.93336675
2026-10-03 00:39:37,18145.411,70,multi_enable,560,0,200,0.0,16.075913530000005
2026-10-03 00:39:39,18147.529,70,multi_enable,560,0,200,2.116,16.312193875
2026-10-03 00:39:41,18149.658,70,multi_enable,560,0,200,4.226,16.028213870000002
2026-10-03 00:39:43,18151.766,70,multi_enable,560,0,200,6.356,15.994142744999998
2026-10-03 00:39:45,18153.909,70,multi_enable,560,0,200,8.474,16.318215855000005
2026-10-03 00:39:47,18156.015,70,multi_enable,560,0,200,10.604,16.059274605
2026-10-03 00:39:49,18158.133,70,multi_enable,560,0,200,12.72,16.13597393
2026-10-03 00:39:51,18160.237,70,multi_enable,560,0,200,14.836,16.272893269999997
2026-10-03 00:39:54,18162.336,70,multi_enable,560,0,200,16.941,16.20063041
2026-10-03 00:39:56,18164.437,70,multi_enable,560,0,200,19.031,15.952148660000002
2026-10-03 00:39:58,18166.536,70,multi_enable,560,0,200,21.136,16.185575964999998
2026-10-03 00:40:00,18168.636,70,multi_enable,560,0,200,23.244,16.15372301
2026-10-03 00:40:02,18170.736,70,multi_enable,560,0,200,25.334,15.872437455
2026-10-03 00:40:04,18172.836,70,multi_enable,560,0,200,27.438,15.978771584999995
2026-10-03 00:40:06,18174.939,70,multi_enable,560,0,200,29.53,16.017913764999996
2026-10-03 00:40:08,18177.038,70,multi_enable,560,0,200,31.646,16.058956965
2026-10-03 00:40:10,18179.138,70,multi_enable,560,0,200,33.744,15.866415344999998
2026-10-03 00:40:12,18181.235,70,multi_enable,560,0,200,35.833,16.283351839999998
2026-10-03 00:40:15,18183.337,70,multi_enable,560,0,200,37.929,16.093979229999995
2026-10-03 00:40:17,18185.439,70,multi_enable,560,0,200,40.046,16.053727820000002
2026-10-03 00:40:19,18187.537,70,multi_enable,560,0,200,42.136,16.150711984999997
2026-10-03 00:40:21,18189.634,70,multi_enable,560,0,200,44.241,16.109034474999998
2026-10-03 00:40:23,18191.737,70,multi_enable,560,0,200,46.331,16.140887090000003
2026-10-03 00:40:25,18193.836,70,multi_enable,560,0,200,48.434,16.246587229999996
2026-10-03 00:40:27,18195.938,70,multi_enable,560,0,200,50.536,16.096356974999996
2026-10-03 00:40:29,18198.038,70,multi_enable,560,0,200,52.641,16.008563580000004
2026-10-03 00:40:31,18200.137,70,multi_enable,560,0,200,54.746,16.20617714
2026-10-03 00:40:33,18202.236,70,multi_enable,560,0,200,56.835,16.12171214
2026-10-03 00:40:36,18204.336,70,multi_enable,560,0,200,58.941,15.894940309999997
2026-10-03 00:40:38,18206.436,70,multi_enable,560,0,200,61.033,15.910787415000001
2026-10-03 00:40:40,18208.536,70,multi_enable,560,0,200,63.137,15.767053794999999
2026-10-03 00:40:42,18210.635,70,multi_enable,560,0,200,65.241,15.830918015
2026-10-03 00:40:44,18212.736,70,multi_enable,560,0,200,67.333,15.936301180000001
2026-10-03 00:40:46,18214.835,70,multi_enable,560,0,200,69.438,16.049607849999997
2026-10-03 00:40:48,18216.937,70,multi_enable,560,0,200,71.532,16.309975140000002
2026-10-03 00:40:50,18219.033,70,multi_enable,560,0,200,73.633,16.086214690000002
2026-10-03 00:40:52,18221.135,70,multi_enable,560,0,200,75.74,15.823945490000002
2026-10-03 00:40:54,18223.235,70,multi_enable,560,0,200,77.834,16.029323774999998
2026-10-03 00:40:57,18225.335,70,multi_enable,560,0,200,79.935,15.79922373
2026-10-03 00:40:59,18227.434,70,multi_enable,560,0,200,82.03,16.007613019999997
2026-10-03 00:41:01,18229.535,70,multi_enable,560,0,200,84.14,15.724901064999997
2026-10-03 00:41:03,18231.635,70,multi_enable,560,0,200,86.235,15.644556
2026-10-03 00:41:05,18233.734,70,multi_enable,560,0,200,88.34,15.699387155000002
2026-10-03 00:41:07,18235.835,70,multi_enable,560,0,200,90.433,15.8180817
2026-10-03 00:41:09,18237.935,70,multi_enable,560,0,200,92.54,15.749146924999994
2026-10-03 00:41:11,18240.036,70,multi_enable,560,0,200,94.642,15.63441409
2026-10-03 00:41:13,18242.137,70,multi_enable,560,0,200,96.745,16.010465670000002
2026-10-03 00:41:15,18244.234,70,multi_enable,560,0,200,98.836,15.731398430000002
2026-10-03 00:41:18,18246.334,70,multi_enable,560,0,200,100.939,15.991924664999997
2026-10-03 00:41:20,18248.435,70,multi_enable,560,0,200,103.04,15.710638459999998
2026-10-03 00:41:22,18250.534,70,multi_enable,560,0,200,105.141,15.706993634999996
2026-10-03 00:41:24,18252.633,70,multi_enable,560,0,200,107.229,15.788764549999998
2026-10-03 00:41:26,18254.733,70,multi_enable,560,0,200,109.336,15.648517854999998
2026-10-03 00:41:28,18256.831,70,multi_enable,560,0,200,111.429,15.899535445000005
2026-10-03 00:41:30,18258.932,70,multi_enable,560,0,200,113.532,16.018230269999997
2026-10-03 00:41:32,18261.031,70,multi_enable,560,0,200,115.632,15.681955585
2026-10-03 00:41:34,18263.133,70,multi_enable,560,0,200,117.733,15.797639264999999
2026-10-03 00:41:36,18265.233,70,multi_enable,560,0,200,119.834,16.00682032
2026-10-03 00:41:39,18267.333,70,multi_enable,560,0,200,121.927,15.78670456
2026-10-03 00:41:41,18269.431,70,multi_enable,560,0,200,124.035,16.083678329999998
2026-10-03 00:41:43,18271.532,70,multi_enable,560,0,200,126.14,15.776403999999998
2026-10-03 00:41:45,18273.631,70,multi_enable,560,0,200,128.231,16.020765719999996
2026-10-03 00:41:47,18275.732,70,multi_enable,560,0,200,130.328,15.770065180000001
2026-10-03 00:41:49,18277.83,70,multi_enable,560,0,200,132.432,15.806355145
2026-10-03 00:41:51,18279.932,70,multi_enable,560,0,200,134.536,15.793835694999995
2026-10-03 00:41:53,18282.033,70,multi_enable,560,0,200,136.632,16.033126690000003
2026-10-03 00:41:55,18284.132,70,multi_enable,560,0,200,138.74,15.785753714999997
2026-10-03 00:41:57,18286.233,70,multi_enable,560,0,200,140.831,15.704458305
2026-10-03 00:42:00,18288.332,70,multi_enable,560,0,200,142.939,15.83519657
2026-10-03 00:42:02,18290.432,70,multi_enable,560,0,200,145.026,15.752475000000002
2026-10-03 00:42:04,18292.532,70,multi_enable,560,0,200,147.127,15.995885749999998
2026-10-03 00:42:06,18294.632,70,multi_enable,560,0,200,149.233,15.852628124999997
2026-10-03 00:42:08,18296.732,70,multi_enable,560,0,200,151.34,15.54250056
2026-10-03 00:42:10,18298.83,70,multi_enable,560,0,200,153.429,15.861186064999998
2026-10-03 00:42:12,18300.932,70,multi_enable,560,0,200,155.535,15.674824125
2026-10-03 00:42:14,18303.032,70,multi_enable,560,0,200,157.639,15.667375960000001
2026-10-03 00:42:16,18305.132,70,multi_enable,560,0,200,159.733,15.64629971
2026-10-03 00:42:18,18307.231,70,multi_enable,560,0,200,161.833,15.888284755000003
2026-10-03 00:42:21,18309.331,70,multi_enable,560,0,200,163.935,15.691463655000005
2026-10-03 00:42:23,18311.431,70,multi_enable,560,0,200,166.025,15.673397619999998
2026-10-03 00:42:25,18313.531,70,multi_enable,560,0,200,168.129,15.846606800000004
2026-10-03 00:42:27,18315.63,70,multi_enable,560,0,200,170.234,15.626332079999996
2026-10-03 00:42:29,18317.731,70,multi_enable,560,0,200,172.326,15.82584674
2026-10-03 00:42:31,18319.831,70,multi_enable,560,0,200,174.431,15.681955514999999
2026-10-03 00:42:33,18321.931,70,multi_enable,560,0,200,176.53,15.922038859999997
2026-10-03 00:42:35,18324.03,70,multi_enable,560,0,200,178.634,15.734568054999999
2026-10-03 00:42:37,18326.129,70,multi_enable,560,0,200,180.737,15.845497085
2026-10-03 00:42:39,18328.231,70,multi_enable,560,0,200,182.837,15.67133767
2026-10-03 00:42:42,18330.33,70,multi_enable,560,0,200,184.925,15.803977944999998
2026-10-03 00:42:44,18332.429,70,multi_enable,560,0,200,187.03,15.755168960000002
2026-10-03 00:42:46,18334.529,70,multi_enable,560,0,200,189.132,15.978136880000005
2026-10-03 00:42:48,18336.629,70,multi_enable,560,0,200,191.223,15.84169408
2026-10-03 00:42:50,18338.73,70,multi_enable,560,0,200,193.328,15.824896380000002
2026-10-03 00:42:52,18340.83,70,multi_enable,560,0,200,195.436,15.795420205000001
2026-10-03 00:42:54,18342.929,70,multi_enable,560,0,200,197.528,15.898584855000001
2026-10-03 00:42:56,18345.03,70,multi_enable,560,0,200,199.634,15.745026719999997
2026-10-03 00:42:58,18347.13,70,multi_enable,560,0,200,201.738,15.543293579999997
2026-10-03 00:43:00,18349.23,70,multi_enable,560,0,200,203.837,15.920771005000004
2026-10-03 00:43:03,18351.329,70,multi_enable,560,0,200,205.934,15.724425434999999
2026-10-03 00:43:05,18353.427,70,multi_enable,560,0,200,208.031,15.768798024999995
2026-10-03 00:43:07,18355.528,70,multi_enable,560,0,200,210.125,15.562151355000001
2026-10-03 00:43:09,18357.629,70,multi_enable,560,0,200,212.228,15.754059795
2026-10-03 00:43:11,18359.728,70,multi_enable,560,0,200,214.336,15.855005389999999
2026-10-03 00:43:13,18361.828,70,multi_enable,560,0,200,216.432,15.617457365
2026-10-03 00:43:15,18363.928,70,multi_enable,560,0,200,218.524,15.979246465000003
2026-10-03 00:43:17,18366.028,70,multi_enable,560,0,200,220.626,15.813327615
2026-10-03 00:43:19,18368.127,70,multi_enable,560,0,200,222.728,15.706201785000003
2026-10-03 00:43:21,18370.225,70,multi_enable,560,0,200,224.831,15.849142385
2026-10-03 00:43:24,18372.324,70,multi_enable,560,0,200,226.923,16.04326898
2026-10-03 00:43:26,18374.423,70,multi_enable,560,0,200,229.027,15.884005639999996
2026-10-03 00:43:28,18376.524,70,multi_enable,560,0,200,231.131,15.862770655000004
2026-10-03 00:43:30,18378.624,70,multi_enable,560,0,200,233.219,15.612703755000002
2026-10-03 00:43:32,18380.724,70,multi_enable,560,0,200,235.327,15.900645834999997
2026-10-03 00:43:34,18382.824,70,multi_enable,560,0,200,237.431,15.711431255
2026-10-03 00:43:36,18384.924,70,multi_enable,560,0,200,239.518,15.661512450000002
2026-10-03 00:43:38,18387.024,70,multi_enable,560,0,200,241.625,15.587665610000004
2026-10-03 00:43:40,18389.124,70,multi_enable,560,0,200,243.729,15.531091165
2026-10-03 00:43:42,18391.224,70,multi_enable,560,0,200,245.821,15.656600135
2026-10-03 00:43:45,18393.323,70,multi_enable,560,0,200,247.925,15.758021315000002
2026-10-03 00:43:47,18395.423,70,multi_enable,560,0,200,250.031,15.63378018
2026-10-03 00:43:49,18397.523,70,multi_enable,560,0,200,252.123,15.720305315
2026-10-03 00:43:51,18399.623,70,multi_enable,560,0,200,254.229,15.371352115000004
2026-10-03 00:43:53,18401.722,70,multi_enable,560,0,200,256.318,15.444724535
2026-10-03 00:43:55,18403.823,70,multi_enable,560,0,200,258.422,15.628550705
2026-10-03 00:43:57,18405.926,70,multi_enable,560,0,200,260.525,15.622687435
2026-10-03 00:43:59,18408.025,70,multi_enable,560,0,200,262.63,15.764201580000002
2026-10-03 00:44:01,18410.125,70,multi_enable,560,0,200,264.726,15.58972545
2026-10-03 00:44:03,18412.224,70,multi_enable,560,0,200,266.824,15.53806383
2026-10-03 00:44:06,18414.325,70,multi_enable,560,0,200,268.919,15.767846680000003
2026-10-03 00:44:08,18416.422,70,multi_enable,560,0,200,271.019,15.569758220000004
2026-10-03 00:44:10,18418.524,70,multi_enable,560,0,200,273.13,15.577047874999996
2026-10-03 00:44:12,18420.623,70,multi_enable,560,0,200,275.23,15.64059431
2026-10-03 00:44:14,18422.724,70,multi_enable,560,0,200,277.321,15.673398040000002
2026-10-03 00:44:16,18424.823,70,multi_enable,560,0,200,279.425,15.617774619999997
2026-10-03 00:44:18,18426.925,70,multi_enable,560,0,200,281.525,15.833611685000003
2026-10-03 00:44:20,18429.024,70,multi_enable,560,0,200,283.627,15.69590107
2026-10-03 00:44:22,18431.123,70,multi_enable,560,0,200,285.73,15.65596638
2026-10-03 00:44:24,18433.223,70,multi_enable,560,0,200,287.82,15.67482468
2026-10-03 00:44:27,18435.323,70,multi_enable,560,0,200,289.92,15.577047730000002
2026-10-03 00:44:29,18437.424,70,multi_enable,560,0,200,292.021,15.440129025000003
2026-10-03 00:44:31,18439.523,70,multi_enable,560,0,200,294.127,15.568173349999997
2026-10-03 00:44:33,18441.623,70,multi_enable,560,0,200,296.216,15.484659205000002
2026-10-03 00:44:35,18443.723,70,multi_enable,560,0,200,298.322,15.74597759
2026-10-03 00:44:37,18445.823,70,multi_enable,560,0,200,300.428,15.461681029999998
2026-10-03 00:44:39,18447.924,70,multi_enable,560,0,200,302.517,15.42776828
2026-10-03 00:44:41,18450.023,70,multi_enable,560,0,200,304.622,15.301783899999998
2026-10-03 00:44:43,18452.122,70,multi_enable,560,0,200,306.726,15.711431064999996
2026-10-03 00:44:45,18454.222,70,multi_enable,560,0,200,308.828,15.520949279999998
2026-10-03 00:44:48,18456.322,70,multi_enable,560,0,200,310.916,15.480855485
2026-10-03 00:44:50,18458.421,70,multi_enable,560,0,200,313.022,15.658185129999994
2026-10-03 00:44:52,18460.521,70,multi_enable,560,0,200,315.126,15.511598715
2026-10-03 00:44:54,18462.623,70,multi_enable,560,0,200,317.219,15.484184159999998
2026-10-03 00:44:56,18464.722,70,multi_enable,560,0,200,319.32,15.522057840000002
2026-10-03 00:44:58,18466.821,70,multi_enable,560,0,200,321.425,15.52823866
2026-10-03 00:45:00,18468.922,70,multi_enable,560,0,200,323.519,15.332685835000001
2026-10-03 00:45:02,18471.023,70,multi_enable,560,0,200,325.63,15.444565939999997
2026-10-03 00:45:04,18473.121,70,multi_enable,560,0,200,327.719,15.77624548
2026-10-03 00:45:06,18475.22,70,multi_enable,560,0,200,329.822,15.84533876
2026-10-03 00:45:09,18477.32,70,multi_enable,560,0,200,331.917,15.574353645
2026-10-03 00:45:11,18479.42,70,multi_enable,560,0,200,334.024,15.529664975
2026-10-03 00:45:13,18481.52,70,multi_enable,560,0,200,336.127,15.486244630000002
2026-10-03 00:45:15,18483.623,70,multi_enable,560,0,200,338.229,15.52380099
2026-10-03 00:45:17,18485.718,70,multi_enable,560,0,200,340.316,15.408909935
2026-10-03 00:45:19,18487.82,70,multi_enable,560,0,200,342.424,15.39464816
2026-10-03 00:45:21,18489.92,70,multi_enable,560,0,200,344.526,15.595747150000001
2026-10-03 00:45:23,18492.021,70,multi_enable,560,0,200,346.628,15.40019382
2026-10-03 00:45:25,18494.12,70,multi_enable,560,0,200,348.717,15.51175732
2026-10-03 00:45:27,18496.219,70,multi_enable,560,0,200,350.819,15.587506495
2026-10-03 00:45:30,18498.319,70,multi_enable,560,0,200,352.924,15.287362884999999
2026-10-03 00:45:32,18500.419,70,multi_enable,560,0,200,355.015,15.663572684999998
2026-10-03 00:45:34,18502.519,70,multi_enable,560,0,200,357.116,15.557872749999998
2026-10-03 00:45:36,18504.619,70,multi_enable,560,0,200,359.221,15.707469309999997
2026-10-03 00:45:38,18506.719,70,multi_enable,560,0,200,361.314,15.518413714999998
2026-10-03 00:45:40,18508.818,70,multi_enable,560,0,200,363.423,15.74439315
2026-10-03 00:45:42,18510.92,70,multi_enable,560,0,200,365.513,15.582594049999999
2026-10-03 00:45:44,18513.02,70,multi_enable,560,0,200,367.619,15.411762425
2026-10-03 00:45:46,18515.119,70,multi_enable,560,0,200,369.721,15.561200535
2026-10-03 00:45:48,18517.218,70,multi_enable,560,0,200,371.824,15.593052889999997
2026-10-03 00:45:51,18519.319,70,multi_enable,560,0,200,373.913,15.80556352
2026-10-03 00:45:53,18521.418,70,multi_enable,560,0,200,376.019,15.5965393
2026-10-03 00:45:55,18523.518,70,multi_enable,560,0,200,378.115,15.35962554
2026-10-03 00:45:57,18525.617,70,multi_enable,560,0,200,380.224,15.455183625000002
2026-10-03 00:45:59,18527.718,70,multi_enable,560,0,200,382.311,15.640118995
2026-10-03 00:46:01,18529.817,70,multi_enable,560,0,200,384.424,15.592419314999999
2026-10-03 00:46:03,18531.918,70,multi_enable,560,0,200,386.521,15.591468374999996
2026-10-03 00:46:05,18534.018,70,multi_enable,560,0,200,388.625,15.656916695000001
2026-10-03 00:46:07,18536.117,70,multi_enable,560,0,200,390.712,15.599233655000003
2026-10-03 00:46:09,18538.218,70,multi_enable,560,0,200,392.813,15.586397050000002
2026-10-03 00:46:12,18540.317,70,multi_enable,560,0,200,394.918,15.871169804999997
2026-10-03 00:46:14,18542.416,70,multi_enable,560,0,200,397.021,15.303368255000002
2026-10-03 00:46:16,18544.517,70,multi_enable,560,0,200,399.123,15.730606350000002
2026-10-03 00:46:18,18546.616,70,multi_enable,560,0,200,401.214,15.48465947
2026-10-03 00:46:20,18548.717,70,multi_enable,560,0,200,403.317,15.531407819999998
2026-10-03 00:46:22,18550.816,70,multi_enable,560,0,200,405.421,15.724267155000003
2026-10-03 00:46:24,18552.917,70,multi_enable,560,0,200,407.521,15.629659640000002
2026-10-03 00:46:26,18555.019,70,multi_enable,560,0,200,409.625,15.674823859999997
2026-10-03 00:46:28,18557.117,70,multi_enable,560,0,200,411.714,15.594638200000002
2026-10-03 00:46:30,18559.216,70,multi_enable,560,0,200,413.814,15.593211579999998
2026-10-03 00:46:33,18561.316,70,multi_enable,560,0,200,415.91,15.550741745000003
2026-10-03 00:46:35,18563.415,70,multi_enable,560,0,200,418.017,15.503834060000003
2026-10-03 00:46:37,18565.514,70,multi_enable,560,0,200,420.123,15.51619494
2026-10-03 00:46:39,18567.615,70,multi_enable,560,0,200,422.214,15.49559352
2026-10-03 00:46:41,18569.715,70,multi_enable,560,0,200,424.311,15.496068874999999
2026-10-03 00:46:43,18571.815,70,multi_enable,560,0,200,426.41,15.660878785000001
2026-10-03 00:46:45,18573.916,70,multi_enable,560,0,200,428.509,15.5643703
2026-10-03 00:46:47,18576.015,70,multi_enable,560,0,200,430.62,15.573561290000004
2026-10-03 00:46:49,18578.112,70,multi_enable,560,0,200,432.716,15.294811135
2026-10-03 00:46:51,18580.214,70,multi_enable,560,0,200,434.814,15.376581810000001
2026-10-03 00:46:54,18582.314,70,multi_enable,560,0,200,436.911,15.525227780000002
2026-10-03 00:46:56,18584.412,70,multi_enable,560,0,200,439.015,15.509221925
2026-10-03 00:46:58,18586.512,70,multi_enable,560,0,200,441.107,15.281816115000003
2026-10-03 00:47:00,18588.612,70,multi_enable,560,0,200,443.21,15.618250189999998
2026-10-03 00:47:02,18590.712,70,multi_enable,560,0,200,445.314,15.635523775
2026-10-03 00:47:04,18592.814,70,multi_enable,560,0,200,447.419,15.613020625
2026-10-03 00:47:06,18594.915,70,multi_enable,560,0,200,449.509,15.45486683
2026-10-03 00:47:08,18597.013,70,multi_enable,560,0,200,451.614,15.677518215
2026-10-03 00:47:10,18599.114,70,multi_enable,560,0,200,453.721,15.352018874999999
2026-10-03 00:47:12,18601.213,70,multi_enable,560,0,200,455.808,15.315095705000001
2026-10-03 00:47:15,18603.313,70,multi_enable,560,0,200,457.91,15.287680040000001
2026-10-03 00:47:17,18605.413,70,multi_enable,560,0,200,460.017,15.459620580000003
2026-10-03 00:47:19,18607.511,70,multi_enable,560,0,200,462.121,15.384981124999998
2026-10-03 00:47:21,18609.611,70,multi_enable,560,0,200,464.21,15.303526690000004
2026-10-03 00:47:23,18611.711,70,multi_enable,560,0,200,466.314,15.637583140000002
2026-10-03 00:47:25,18613.811,70,multi_enable,560,0,200,468.415,15.240139059999999
2026-10-03 00:47:27,18615.911,70,multi_enable,560,0,200,470.512,15.636473985
2026-10-03 00:47:29,18618.01,70,multi_enable,560,0,200,472.616,15.466910224999996
2026-10-03 00:47:31,18620.112,70,multi_enable,560,0,200,474.705,15.415724595000002
2026-10-03 00:47:33,18622.21,70,multi_enable,560,0,200,476.808,15.444407655000001
2026-10-03 00:47:36,18624.31,70,multi_enable,560,0,200,478.915,15.294811080000004
2026-10-03 00:47:38,18626.41,70,multi_enable,560,0,200,481.018,15.697010089999997
2026-10-03 00:47:40,18628.509,70,multi_enable,560,0,200,483.106,15.54883993
2026-10-03 00:47:42,18630.61,70,multi_enable,560,0,200,485.213,15.333477835000002
2026-10-03 00:47:44,18632.71,70,multi_enable,560,0,200,487.309,15.430462035
2026-10-03 00:47:46,18634.809,70,multi_enable,560,0,200,489.417,15.674665840000001
2026-10-03 00:47:48,18636.91,70,multi_enable,560,0,200,491.514,15.446625975
2026-10-03 00:47:50,18639.009,70,multi_enable,560,0,200,493.613,15.14838404
2026-10-03 00:47:52,18641.109,70,multi_enable,560,0,200,495.705,15.444407570000003
2026-10-03 00:47:54,18643.209,70,multi_enable,560,0,200,497.816,15.26707886
2026-10-03 00:47:57,18645.309,70,multi_enable,560,0,200,499.907,15.32301884
2026-10-03 00:47:59,18647.408,70,multi_enable,560,0,200,502.011,15.3510685
2026-10-03 00:48:01,18649.508,70,multi_enable,560,0,200,504.112,15.348849205
2026-10-03 00:48:03,18651.609,70,multi_enable,560,0,200,506.203,15.424123175000002
2026-10-03 00:48:05,18653.708,70,multi_enable,560,0,200,508.309,15.528238565
2026-10-03 00:48:07,18655.808,70,multi_enable,560,0,200,510.415,15.306538299999996
2026-10-03 00:48:09,18657.909,70,multi_enable,560,0,200,512.503,15.240297055000001
2026-10-03 00:48:11,18660.008,70,multi_enable,560,0,200,514.612,15.4513801
2026-10-03 00:48:13,18662.108,70,multi_enable,560,0,200,516.703,15.439019590000001
2026-10-03 00:48:15,18664.209,70,multi_enable,560,0,200,518.81,15.090066099999998
2026-10-03 00:48:18,18666.307,70,multi_enable,560,0,200,520.906,15.549790329999999
2026-10-03 00:48:20,18668.408,70,multi_enable,560,0,200,523.012,15.415565984999999
2026-10-03 00:48:22,18670.507,70,multi_enable,560,0,200,525.104,15.515244240000003
2026-10-03 00:48:24,18672.607,70,multi_enable,560,0,200,527.214,15.444090415
2026-10-03 00:48:26,18674.707,70,multi_enable,560,0,200,529.311,15.459779135
2026-10-03 00:48:28,18676.807,70,multi_enable,560,0,200,531.407,15.375155549999997
2026-10-03 00:48:30,18678.908,70,multi_enable,560,0,200,533.51,15.347106799999999
2026-10-03 00:48:32,18681.007,70,multi_enable,560,0,200,535.608,15.289581330000004
2026-10-03 00:48:34,18683.109,70,multi_enable,560,0,200,537.711,15.518730264999999
2026-10-03 00:48:36,18685.206,70,multi_enable,560,0,200,539.804,15.3699263
2026-10-03 00:48:39,18687.308,70,multi_enable,560,0,200,541.907,15.327138974999999
2026-10-03 00:48:41,18689.407,70,multi_enable,560,0,200,544.013,15.13332925
2026-10-03 00:48:43,18691.506,70,multi_enable,560,0,200,546.104,15.468178135000002
2026-10-03 00:48:45,18693.607,70,multi_enable,560,0,200,548.214,15.538222715000003
2026-10-03 00:48:47,18695.708,70,multi_enable,560,0,200,550.304,15.035711230000002
2026-10-03 00:48:49,18697.806,70,multi_enable,560,0,200,552.411,15.239187425
2026-10-03 00:48:51,18699.906,70,multi_enable,560,0,200,554.5,15.411603914999997
2026-10-03 00:48:53,18702.006,70,multi_enable,560,0,200,556.601,15.463899535000001
2026-10-03 00:48:55,18704.105,70,multi_enable,560,0,200,558.705,15.311767479999999
2026-10-03 00:48:57,18706.205,70,multi_enable,560,0,200,560.812,15.291324764999997
2026-10-03 00:49:00,18708.305,70,multi_enable,560,0,200,562.9,15.45328195
2026-10-03 00:49:02,18710.405,70,multi_enable,560,0,200,565.0,15.3534452
2026-10-03 00:49:04,18712.508,70,multi_enable,560,0,200,567.103,15.245368225
2026-10-03 00:49:06,18714.606,70,multi_enable,560,0,200,569.209,15.39116107
2026-10-03 00:49:08,18716.705,70,multi_enable,560,0,200,571.312,15.51350104
2026-10-03 00:49:10,18718.805,70,multi_enable,560,0,200,573.401,15.275794274999999
2026-10-03 00:49:12,18720.907,70,multi_enable,560,0,200,575.505,15.343778305
2026-10-03 00:49:14,18723.007,70,multi_enable,560,0,200,577.614,15.607156824999999
2026-10-03 00:49:16,18725.104,70,multi_enable,560,0,200,579.708,15.30875642
2026-10-03 00:49:18,18727.206,70,multi_enable,560,0,200,581.805,15.275794320000003
2026-10-03 00:49:21,18729.304,70,multi_enable,560,0,200,583.911,15.280231975
2026-10-03 00:49:23,18731.404,70,multi_enable,560,0,200,586.001,15.399559969999999
2026-10-03 00:49:25,18733.504,70,multi_enable,560,0,200,588.111,15.35328678
2026-10-03 00:49:27,18735.604,70,multi_enable,560,0,200,590.211,15.343619974999998
2026-10-03 00:49:29,18737.706,70,multi_enable,560,0,200,592.301,15.297980229999997
2026-10-03 00:49:31,18739.803,70,multi_enable,560,0,200,594.401,15.497653929999998
2026-10-03 00:49:33,18741.903,70,multi_enable,560,0,200,596.506,15.427134420000002
2026-10-03 00:49:35,18744.005,70,multi_enable,560,0,200,598.607,15.23142251
2026-10-03 00:49:37,18746.103,70,multi_enable,560,0,200,600.709,15.497970395000001
2026-10-03 00:49:39,18748.205,70,multi_enable,560,0,200,602.797,15.357882615
2026-10-03 00:49:42,18750.302,70,multi_enable,560,0,200,604.9,15.37483888
2026-10-03 00:49:44,18752.403,70,multi_enable,560,0,200,607.008,15.461522474999999
2026-10-03 00:49:46,18754.502,70,multi_enable,560,0,200,609.104,15.327456120000003
2026-10-03 00:49:48,18756.602,70,multi_enable,560,0,200,611.198,15.369767734999998
2026-10-03 00:49:50,18758.704,70,multi_enable,560,0,200,613.302,15.261532084999997
2026-10-03 00:49:52,18760.805,70,multi_enable,560,0,200,615.405,15.34457094
2026-10-03 00:49:54,18762.906,70,multi_enable,560,0,200,617.505,15.130318185000002
2026-10-03 00:49:56,18765.002,70,multi_enable,560,0,200,619.608,15.347581645
2026-10-03 00:49:58,18767.104,70,multi_enable,560,0,200,621.697,15.355980715
2026-10-03 00:50:00,18769.202,70,multi_enable,560,0,200,623.803,15.536321045
2026-10-03 00:50:03,18771.302,70,multi_enable,560,0,200,625.898,15.320166300000002
2026-10-03 00:50:05,18773.404,70,multi_enable,560,0,200,627.998,15.327139245
2026-10-03 00:50:07,18775.503,70,multi_enable,560,0,200,630.112,15.380385145
2026-10-03 00:50:09,18777.601,70,multi_enable,560,0,200,632.209,15.451063215000001
2026-10-03 00:50:11,18779.703,70,multi_enable,560,0,200,634.295,15.62585671
2026-10-03 00:50:13,18781.801,70,multi_enable,560,0,200,636.407,15.145689585
2026-10-03 00:50:15,18783.903,70,multi_enable,560,0,200,638.495,15.291958535000001
2026-10-03 00:50:17,18786.004,70,multi_enable,560,0,200,640.601,15.28260875
2026-10-03 00:50:19,18788.103,70,multi_enable,560,0,200,642.706,15.232848700000002
2026-10-03 00:50:21,18790.202,70,multi_enable,560,0,200,644.809,15.051716794999999
2026-10-03 00:50:24,18792.301,70,multi_enable,560,0,200,646.898,15.175957980000002
2026-10-03 00:50:26,18794.4,70,multi_enable,560,0,200,649.003,15.29908995
2026-10-03 00:50:28,18796.502,70,multi_enable,560,0,200,651.105,15.379593105
2026-10-03 00:50:30,18798.601,70,multi_enable,560,0,200,653.196,15.286570135
2026-10-03 00:50:32,18800.699,70,multi_enable,560,0,200,655.3,15.320800660000003
2026-10-03 00:50:34,18802.803,70,multi_enable,560,0,200,657.405,15.319532669999997
2026-10-03 00:50:36,18804.902,70,multi_enable,560,0,200,659.506,15.238078769999996
2026-10-03 00:50:38,18807.003,70,multi_enable,560,0,200,661.598,15.219062435000003
2026-10-03 00:50:40,18809.099,70,multi_enable,560,0,200,663.703,15.256778480000001
2026-10-03 00:50:42,18811.201,70,multi_enable,560,0,200,665.798,15.289581805
2026-10-03 00:50:45,18813.302,70,multi_enable,560,0,200,667.901,15.33617228
2026-10-03 00:50:47,18815.401,70,multi_enable,560,0,200,670.005,15.18483255
2026-10-03 00:50:49,18817.501,70,multi_enable,560,0,200,672.108,15.118273905000002
2026-10-03 00:50:51,18819.601,70,multi_enable,560,0,200,674.198,15.198936415000002
2026-10-03 00:50:53,18821.701,70,multi_enable,560,0,200,676.299,15.161378685
2026-10-03 00:50:55,18823.8,70,multi_enable,560,0,200,678.405,15.390527635000002
2026-10-03 00:50:57,18825.9,70,multi_enable,560,0,200,680.504,15.391795244999996
2026-10-03 00:50:59,18828.002,70,multi_enable,560,0,200,682.605,15.174690125000001
2026-10-03 00:51:01,18830.1,70,multi_enable,560,0,200,684.7,15.308439405
2026-10-03 00:51:03,18832.2,70,multi_enable,560,0,200,686.805,14.970737934999997
2026-10-03 00:51:06,18834.3,70,multi_enable,560,0,200,688.902,15.28086531
2026-10-03 00:51:08,18836.4,70,multi_enable,560,0,200,690.995,15.653113699999995
2026-10-03 00:51:10,18838.499,70,multi_enable,560,0,200,693.099,15.318264715000002
2026-10-03 00:51:12,18840.599,70,multi_enable,560,0,200,695.2,15.330308629999998
2026-10-03 00:51:14,18842.7,70,multi_enable,560,0,200,697.305,15.588140585000001
2026-10-03 00:51:16,18844.799,70,multi_enable,560,0,200,699.398,15.340609190000002
2026-10-03 00:51:18,18846.901,70,multi_enable,560,0,200,701.506,15.247903485000002
2026-10-03 00:51:20,18849.0,70,multi_enable,560,0,200,703.597,15.497494860000002
2026-10-03 00:51:22,18851.099,70,multi_enable,560,0,200,705.702,15.366915239999997
2026-10-03 00:51:24,18853.2,70,multi_enable,560,0,200,707.807,15.305111694999999
2026-10-03 00:51:27,18855.299,70,multi_enable,560,0,200,709.897,15.19196321
2026-10-03 00:51:29,18857.398,70,multi_enable,560,0,200,712.003,15.097197430000005
2026-10-03 00:51:31,18859.499,70,multi_enable,560,0,200,714.092,15.4409213
2026-10-03 00:51:33,18861.597,70,multi_enable,560,0,200,716.194,15.33743963
2026-10-03 00:51:35,18863.698,70,multi_enable,560,0,200,718.299,15.18102912
2026-10-03 00:51:37,18865.798,70,multi_enable,560,0,200,720.392,15.117640694999999
2026-10-03 00:51:39,18867.899,70,multi_enable,560,0,200,722.497,15.031274135
2026-10-03 00:51:41,18869.999,70,multi_enable,560,0,200,724.606,15.335062700000002
2026-10-03 00:51:43,18872.098,70,multi_enable,560,0,200,726.697,15.363428979999997
2026-10-03 00:51:45,18874.199,70,multi_enable,560,0,200,728.806,15.301784310000002
2026-10-03 00:51:48,18876.297,70,multi_enable,560,0,200,730.899,15.222231019999999
2026-10-03 00:51:50,18878.398,70,multi_enable,560,0,200,732.995,15.290532630000001
2026-10-03 00:51:52,18880.497,70,multi_enable,560,0,200,735.1,15.333794939999997
2026-10-03 00:51:54,18882.596,70,multi_enable,560,0,200,737.196,15.158367765000003
2026-10-03 00:51:56,18884.697,70,multi_enable,560,0,200,739.297,15.333002760000001
2026-10-03 00:51:58,18886.796,70,multi_enable,560,0,200,741.395,15.081033674999999
2026-10-03 00:52:00,18888.898,70,multi_enable,560,0,200,743.495,15.151870624999999
2026-10-03 00:52:02,18890.996,70,multi_enable,560,0,200,745.601,15.426975489999998
2026-10-03 00:52:04,18893.097,70,multi_enable,560,0,200,747.693,15.274368254999995
2026-10-03 00:52:06,18895.195,70,multi_enable,560,0,200,749.794,15.022082799999998
2026-10-03 00:52:09,18897.296,70,multi_enable,560,0,200,751.901,15.48513482
2026-10-03 00:52:11,18899.396,70,multi_enable,560,0,200,753.999,15.04601198
2026-10-03 00:52:13,18901.496,70,multi_enable,560,0,200,756.1,15.057263390000001
2026-10-03 00:52:15,18903.596,70,multi_enable,560,0,200,758.203,15.127782655
2026-10-03 00:52:17,18905.697,70,multi_enable,560,0,200,760.295,15.067088555
2026-10-03 00:52:19,18907.795,70,multi_enable,560,0,200,762.399,15.452330934999999
2026-10-03 00:52:21,18909.897,70,multi_enable,560,0,200,764.501,15.368183475
2026-10-03 00:52:23,18911.999,70,multi_enable,560,0,200,766.606,15.251707
2026-10-03 00:52:25,18914.099,70,multi_enable,560,0,200,768.707,14.987377505
2026-10-03 00:52:27,18916.194,70,multi_enable,560,0,200,770.794,15.230788765
2026-10-03 00:52:30,18918.295,70,multi_enable,560,0,200,772.899,15.226510165000002
2026-10-03 00:52:32,18920.395,70,multi_enable,560,0,200,774.991,15.234592325000001
2026-10-03 00:52:34,18922.495,70,multi_enable,560,0,200,777.094,15.27516088
2026-10-03 00:52:36,18924.594,70,multi_enable,560,0,200,779.2,15.262166505
2026-10-03 00:52:38,18926.695,70,multi_enable,560,0,200,781.29,15.377215905
2026-10-03 00:52:40,18928.794,70,multi_enable,560,0,200,783.394,15.538222710000003
2026-10-03 00:52:42,18930.896,70,multi_enable,560,0,200,785.495,15.202263784999998
2026-10-03 00:52:44,18932.996,70,multi_enable,560,0,200,787.598,15.098307225
2026-10-03 00:52:46,18935.094,70,multi_enable,560,0,200,789.69,15.014318135000002
2026-10-03 00:52:48,18937.193,70,multi_enable,560,0,200,791.79,15.233165665000001
2026-10-03 00:52:51,18939.294,70,multi_enable,560,0,200,793.9,15.22967918
2026-10-03 00:52:53,18941.394,70,multi_enable,560,0,200,795.998,14.925574095
2026-10-03 00:52:55,18943.494,70,multi_enable,560,0,200,798.09,15.306221190000002
2026-10-03 00:52:57,18945.593,70,multi_enable,560,0,200,800.199,15.434424009999999
2026-10-03 00:52:59,18947.694,70,multi_enable,560,0,200,802.295,15.166291789999997
2026-10-03 00:53:01,18949.794,70,multi_enable,560,0,200,804.39,15.2065426
2026-10-03 00:53:03,18951.894,70,multi_enable,560,0,200,806.49,15.308122764999998
2026-10-03 00:53:05,18953.993,70,multi_enable,560,0,200,808.595,14.875497444999997
2026-10-03 00:53:07,18956.093,70,multi_enable,560,0,200,810.687,15.239504729999997
2026-10-03 00:53:09,18958.193,70,multi_enable,560,0,200,812.794,15.228094495
2026-10-03 00:53:12,18960.293,70,multi_enable,560,0,200,814.897,15.444724395000001
2026-10-03 00:53:14,18962.392,70,multi_enable,560,0,200,816.999,15.231264015
2026-10-03 00:53:16,18964.493,70,multi_enable,560,0,200,819.088,15.297980645
2026-10-03 00:53:18,18966.593,70,multi_enable,560,0,200,821.195,15.294810749999998
2026-10-03 00:53:20,18968.692,70,multi_enable,560,0,200,823.3,15.324444975
2026-10-03 00:53:22,18970.792,70,multi_enable,560,0,200,825.388,15.050132334999999
2026-10-03 00:53:24,18972.893,70,multi_enable,560,0,200,827.498,15.107181905
2026-10-03 00:53:26,18974.993,70,multi_enable,560,0,200,829.589,15.277062264999998
2026-10-03 00:53:28,18977.092,70,multi_enable,560,0,200,831.696,14.94538235
2026-10-03 00:53:30,18979.191,70,multi_enable,560,0,200,833.79,15.153613455
2026-10-03 00:53:33,18981.292,70,multi_enable,560,0,200,835.899,15.25028082
2026-10-03 00:53:35,18983.391,70,multi_enable,560,0,200,837.989,15.284193815000004
2026-10-03 00:53:37,18985.491,70,multi_enable,560,0,200,840.093,15.286570280000003
2026-10-03 00:53:39,18987.591,70,multi_enable,560,0,200,842.196,15.0886402
2026-10-03 00:53:41,18989.69,70,multi_enable,560,0,200,844.29,15.300991295000001
2026-10-03 00:53:43,18991.791,70,multi_enable,560,0,200,846.394,15.394647595000002
2026-10-03 00:53:45,18993.892,70,multi_enable,560,0,200,848.485,15.054727995000002
2026-10-03 00:53:47,18995.991,70,multi_enable,560,0,200,850.589,15.318423264999996
2026-10-03 00:53:49,18998.091,70,multi_enable,560,0,200,852.695,15.32856468
2026-10-03 00:53:51,19000.19,70,multi_enable,560,0,200,854.793,15.04791337
2026-10-03 00:53:54,19002.29,70,multi_enable,560,0,200,856.888,15.412713720000003
2026-10-03 00:53:56,19004.39,70,multi_enable,560,0,200,858.991,15.059798585000001
2026-10-03 00:53:58,19006.49,70,multi_enable,560,0,200,861.091,15.20210524
2026-10-03 00:54:00,19008.589,70,multi_enable,560,0,200,863.186,15.461998105
2026-10-03 00:54:02,19010.69,70,multi_enable,560,0,200,865.291,15.19148806
2026-10-03 00:54:04,19012.789,70,multi_enable,560,0,200,867.393,15.265176865000003
2026-10-03 00:54:06,19014.891,70,multi_enable,560,0,200,869.485,15.145055854999997
2026-10-03 00:54:08,19016.99,70,multi_enable,560,0,200,871.589,15.25820456
2026-10-03 00:54:10,19019.09,70,multi_enable,560,0,200,873.694,15.074378065
2026-10-03 00:54:12,19021.189,70,multi_enable,560,0,200,875.796,15.302417704999998
2026-10-03 00:54:15,19023.289,70,multi_enable,560,0,200,877.883,15.325237440000004
2026-10-03 00:54:17,19025.389,70,multi_enable,560,0,200,879.987,15.396707600000003
2026-10-03 00:54:19,19027.489,70,multi_enable,560,0,200,882.089,15.1406189
2026-10-03 00:54:21,19029.588,70,multi_enable,560,0,200,884.194,15.207810605
2026-10-03 00:54:23,19031.689,70,multi_enable,560,0,200,886.283,15.153930569999998
2026-10-03 00:54:25,19033.788,70,multi_enable,560,0,200,888.386,15.204165814999998
2026-10-03 00:54:27,19035.889,70,multi_enable,560,0,200,890.49,15.355187804999998
2026-10-03 00:54:29,19037.99,70,multi_enable,560,0,200,892.593,15.226034769999998
2026-10-03 00:54:31,19040.088,70,multi_enable,560,0,200,894.697,15.197351205
2026-10-03 00:54:33,19042.187,70,multi_enable,560,0,200,896.785,15.376740644999998
2026-10-03 00:54:36,19044.288,70,multi_enable,560,0,200,898.893,15.037771079999999
2026-10-03 00:54:38,19046.388,70,multi_enable,560,0,200,900.995,15.197985294999999
2026-10-03 00:54:40,19048.487,70,multi_enable,560,0,200,903.086,15.364379820000002
2026-10-03 00:54:42,19050.587,70,multi_enable,560,0,200,905.192,15.29940707
2026-10-03 00:54:44,19052.687,70,multi_enable,560,0,200,907.295,15.3421939
2026-10-03 00:54:46,19054.786,70,multi_enable,560,0,200,909.38,15.231897674999999
2026-10-03 00:54:48,19056.888,70,multi_enable,560,0,200,911.481,15.267237184999999
2026-10-03 00:54:50,19058.986,70,multi_enable,560,0,200,913.595,15.368974894999997
2026-10-03 00:54:52,19061.087,70,multi_enable,560,0,200,915.682,15.038722329999999
2026-10-03 00:54:54,19063.186,70,multi_enable,560,0,200,917.784,15.062175885
2026-10-03 00:54:57,19065.286,70,multi_enable,560,0,200,919.888,15.12952633
2026-10-03 00:54:59,19067.384,70,multi_enable,560,0,200,921.987,15.232215264999997
2026-10-03 00:55:01,19069.486,70,multi_enable,560,0,200,924.086,15.150761245000002
2026-10-03 00:55:03,19071.585,70,multi_enable,560,0,200,926.184,15.407484075
2026-10-03 00:55:05,19073.685,70,multi_enable,560,0,200,928.286,14.971688950000003
2026-10-03 00:55:07,19075.784,70,multi_enable,560,0,200,930.388,15.176433045000001
2026-10-03 00:55:09,19077.887,70,multi_enable,560,0,200,932.489,15.235384915000001
2026-10-03 00:55:11,19079.986,70,multi_enable,560,0,200,934.589,15.116213865
2026-10-03 00:55:13,19082.084,70,multi_enable,560,0,200,936.691,15.249488179999998
2026-10-03 00:55:15,19084.185,70,multi_enable,560,0,200,938.79,15.100525829999999
2026-10-03 00:55:18,19086.285,70,multi_enable,560,0,200,940.891,15.283084189999999
2026-10-03 00:55:20,19088.383,70,multi_enable,560,0,200,942.979,15.280231469999999
2026-10-03 00:55:22,19090.485,70,multi_enable,560,0,200,945.092,15.01574399
2026-10-03 00:55:24,19092.585,70,multi_enable,560,0,200,947.185,15.31287664
2026-10-03 00:55:26,19094.684,70,multi_enable,560,0,200,949.29,15.55343572
2026-10-03 00:55:28,19096.785,70,multi_enable,560,0,200,951.392,15.32793119
2026-10-03 00:55:30,19098.886,70,multi_enable,560,0,200,953.483,15.137132535000001
2026-10-03 00:55:32,19100.985,70,multi_enable,560,0,200,955.592,15.203531925
2026-10-03 00:55:34,19103.085,70,multi_enable,560,0,200,957.679,15.083411245000002
2026-10-03 00:55:36,19105.184,70,multi_enable,560,0,200,959.783,15.406057509999998
2026-10-03 00:55:39,19107.284,70,multi_enable,560,0,200,961.892,15.076438244999995
2026-10-03 00:55:41,19109.384,70,multi_enable,560,0,200,963.986,15.28863027
2026-10-03 00:55:43,19111.484,70,multi_enable,560,0,200,966.08,15.177067090000001
2026-10-03 00:55:45,19113.584,70,multi_enable,560,0,200,968.193,15.048547594999999
2026-10-03 00:55:47,19115.684,70,multi_enable,560,0,200,970.29,15.321117450000001
2026-10-03 00:55:49,19117.783,70,multi_enable,560,0,200,972.389,15.221914420000001
2026-10-03 00:55:51,19119.884,70,multi_enable,560,0,200,974.482,15.205909174999999
2026-10-03 00:55:53,19121.985,70,multi_enable,560,0,200,976.581,15.317630635
2026-10-03 00:55:55,19124.084,70,multi_enable,560,0,200,978.688,15.38307928
2026-10-03 00:55:57,19126.185,70,multi_enable,560,0,200,980.792,15.31715556
2026-10-03 00:56:00,19128.283,70,multi_enable,560,0,200,982.892,15.345363225000002
2026-10-03 00:56:02,19130.382,70,multi_enable,560,0,200,984.981,15.264543600000003
2026-10-03 00:56:04,19132.482,70,multi_enable,560,0,200,987.088,15.121919715
2026-10-03 00:56:06,19134.583,70,multi_enable,560,0,200,989.19,15.300357340000001
2026-10-03 00:56:08,19136.68,70,multi_enable,560,0,200,991.28,15.556446365000001
2026-10-03 00:56:10,19138.782,70,multi_enable,560,0,200,993.386,15.25091469
2026-10-03 00:56:12,19140.884,70,multi_enable,560,0,200,995.481,15.28403512
2026-10-03 00:56:14,19142.982,70,multi_enable,560,0,200,997.588,15.35534738
2026-10-03 00:56:16,19145.082,70,multi_enable,560,0,200,999.68,15.126198159999998
2026-10-03 00:56:18,19147.182,70,multi_enable,560,0,200,1001.784,15.08436156
2026-10-03 00:56:21,19149.282,70,multi_enable,560,0,200,1003.89,15.044110085000002
2026-10-03 00:56:23,19151.381,70,multi_enable,560,0,200,1005.984,15.083886395
2026-10-03 00:56:25,19153.482,70,multi_enable,560,0,200,1008.087,15.14774966
2026-10-03 00:56:27,19155.581,70,multi_enable,560,0,200,1010.177,15.002432145
2026-10-03 00:56:29,19157.681,70,multi_enable,560,0,200,1012.283,15.089274620000005
2026-10-03 00:56:31,19159.78,70,multi_enable,560,0,200,1014.375,15.124930394999996
2026-10-03 00:56:33,19161.882,70,multi_enable,560,0,200,1016.483,15.16613224
2026-10-03 00:56:35,19163.983,70,multi_enable,560,0,200,1018.59,15.262007530000002
2026-10-03 00:56:37,19166.081,70,multi_enable,560,0,200,1020.683,15.043476179999997
2026-10-03 00:56:39,19168.181,70,multi_enable,560,0,200,1022.779,15.020973085
2026-10-03 00:56:42,19170.278,70,multi_enable,560,0,200,1024.876,15.403363344999999
2026-10-03 00:56:44,19172.379,70,multi_enable,560,0,200,1026.978,15.142837295000003
2026-10-03 00:56:46,19174.481,70,multi_enable,560,0,200,1029.087,14.956792909999999
2026-10-03 00:56:48,19176.58,70,multi_enable,560,0,200,1031.185,15.11019231
2026-10-03 00:56:50,19178.677,70,multi_enable,560,0,200,1033.275,15.1661334
2026-10-03 00:56:52,19180.779,70,multi_enable,560,0,200,1035.378,15.23982146
2026-10-03 00:56:54,19182.878,70,multi_enable,560,0,200,1037.484,15.015268095000003
2026-10-03 00:56:56,19184.98,70,multi_enable,560,0,200,1039.575,15.394647834999997
2026-10-03 00:56:58,19187.08,70,multi_enable,560,0,200,1041.675,15.073110769999998
2026-10-03 00:57:00,19189.178,70,multi_enable,560,0,200,1043.782,15.288155145
2026-10-03 00:57:03,19191.28,70,multi_enable,560,0,200,1045.873,15.277378675
2026-10-03 00:57:05,19193.378,70,multi_enable,560,0,200,1047.981,15.190695465000001
2026-10-03 00:57:07,19195.479,70,multi_enable,560,0,200,1050.087,15.300199009999998
2026-10-03 00:57:09,19197.579,70,multi_enable,560,0,200,1052.179,15.135389369999997
2026-10-03 00:57:11,19199.679,70,multi_enable,560,0,200,1054.28,15.099258075
2026-10-03 00:57:13,19201.776,70,multi_enable,560,0,200,1056.385,15.436008624999998
2026-10-03 00:57:15,19203.879,70,multi_enable,560,0,200,1058.47,15.051558145
2026-10-03 00:57:17,19205.979,70,multi_enable,560,0,200,1060.58,15.214942260000003
2026-10-03 00:57:19,19208.079,70,multi_enable,560,0,200,1062.682,15.087689280000001
2026-10-03 00:57:21,19210.177,70,multi_enable,560,0,200,1064.774,15.058213930000003
2026-10-03 00:57:24,19212.276,70,multi_enable,560,0,200,1066.878,15.009404809999998
2026-10-03 00:57:26,19214.378,70,multi_enable,560,0,200,1068.984,15.222072549999998
2026-10-03 00:57:28,19216.478,70,multi_enable,560,0,200,1071.077,15.27595311
2026-10-03 00:57:30,19218.577,70,multi_enable,560,0,200,1073.182,15.12857521
2026-10-03 00:57:32,19220.677,70,multi_enable,560,0,200,1075.274,15.386883065
2026-10-03 00:57:34,19222.777,70,multi_enable,560,0,200,1077.383,15.063919225
2026-10-03 00:57:36,19224.878,70,multi_enable,560,0,200,1079.475,15.202422119999998
2026-10-03 00:57:38,19226.979,70,multi_enable,560,0,200,1081.585,15.137132389999998
2026-10-03 00:57:40,19229.077,70,multi_enable,560,0,200,1083.681,15.171837525
2026-10-03 00:57:42,19231.177,70,multi_enable,560,0,200,1085.779,15.152979360000003
2026-10-03 00:57:45,19233.277,70,multi_enable,560,0,200,1087.878,15.001481210000001
2026-10-03 00:57:47,19235.376,70,multi_enable,560,0,200,1089.979,14.981989604999999
2026-10-03 00:57:49,19237.477,70,multi_enable,560,0,200,1092.072,15.139509510000002
2026-10-03 00:57:51,19239.573,70,multi_enable,560,0,200,1094.174,14.914005394999998
2026-10-03 00:57:53,19241.677,70,multi_enable,560,0,200,1096.266,15.122236255
2026-10-03 00:57:55,19243.773,70,multi_enable,560,0,200,1098.374,15.110668209999996
2026-10-03 00:57:57,19245.877,70,multi_enable,560,0,200,1100.481,14.880726995000002
2026-10-03 00:57:59,19247.977,70,multi_enable,560,0,200,1102.575,15.045377879999998
2026-10-03 00:58:01,19250.076,70,multi_enable,560,0,200,1104.684,14.94205511
2026-10-03 00:58:03,19252.175,70,multi_enable,560,0,200,1106.778,15.14236238
2026-10-03 00:58:06,19254.273,70,multi_enable,560,0,200,1108.882,15.158525805
2026-10-03 00:58:08,19256.375,70,multi_enable,560,0,200,1110.972,15.1556734
2026-10-03 00:58:10,19258.476,70,multi_enable,560,0,200,1113.082,14.899109449999997
2026-10-03 00:58:12,19260.575,70,multi_enable,560,0,200,1115.169,15.136814990000001
2026-10-03 00:58:14,19262.674,70,multi_enable,560,0,200,1117.274,15.148701139999998
2026-10-03 00:58:16,19264.775,70,multi_enable,560,0,200,1119.381,14.968836540000002
2026-10-03 00:58:18,19266.876,70,multi_enable,560,0,200,1121.471,14.853311379999997
2026-10-03 00:58:20,19268.975,70,multi_enable,560,0,200,1123.575,15.123345569999998
2026-10-03 00:58:22,19271.072,70,multi_enable,560,0,200,1125.681,15.18166288
2026-10-03 00:58:24,19273.171,70,multi_enable,560,0,200,1127.771,15.109241565000001
2026-10-03 00:58:27,19275.275,70,multi_enable,560,0,200,1129.876,14.918917965000004
2026-10-03 00:58:29,19277.374,70,multi_enable,560,0,200,1131.978,15.605730935000002
2026-10-03 00:58:31,19279.472,70,multi_enable,560,0,200,1134.08,15.225875930000003
2026-10-03 00:58:33,19281.574,70,multi_enable,560,0,200,1136.175,15.08325273
2026-10-03 00:58:35,19283.671,70,multi_enable,560,0,200,1138.28,15.254876195000003
2026-10-03 00:58:37,19285.773,70,multi_enable,560,0,200,1140.366,15.201471735
2026-10-03 00:58:39,19287.872,70,multi_enable,560,0,200,1142.467,15.246318745000002
2026-10-03 00:58:41,19289.974,70,multi_enable,560,0,200,1144.576,15.065503720000002
2026-10-03 00:58:43,19292.071,70,multi_enable,560,0,200,1146.68,15.133804875000001
2026-10-03 00:58:45,19294.173,70,multi_enable,560,0,200,1148.769,15.20194719
2026-10-03 00:58:48,19296.274,70,multi_enable,560,0,200,1150.873,15.231739675000004
2026-10-03 00:58:50,19298.373,70,multi_enable,560,0,200,1152.978,15.14600707
2026-10-03 00:58:52,19300.473,70,multi_enable,560,0,200,1155.071,15.421428899999997
2026-10-03 00:58:54,19302.573,70,multi_enable,560,0,200,1157.174,15.195132979999999
2026-10-03 00:58:56,19304.673,70,multi_enable,560,0,200,1159.28,15.04712109
2026-10-03 00:58:58,19306.772,70,multi_enable,560,0,200,1161.37,15.112569514999999
2026-10-03 00:59:00,19308.874,70,multi_enable,560,0,200,1163.475,15.10306125
2026-10-03 00:59:02,19310.975,70,multi_enable,560,0,200,1165.581,15.17278835
2026-10-03 00:59:04,19313.073,70,multi_enable,560,0,200,1167.675,15.271515865000001
2026-10-03 00:59:06,19315.172,70,multi_enable,560,0,200,1169.774,15.071842915000003
2026-10-03 00:59:09,19317.273,70,multi_enable,560,0,200,1171.867,15.197510280000001
2026-10-03 00:59:11,19319.37,70,multi_enable,560,0,200,1173.974,15.101635225000003
2026-10-03 00:59:13,19321.472,70,multi_enable,560,0,200,1176.076,15.213674255
2026-10-03 00:59:15,19323.572,70,multi_enable,560,0,200,1178.168,15.492899955
2026-10-03 00:59:17,19325.671,70,multi_enable,560,0,200,1180.272,15.311926234999998
2026-10-03 00:59:19,19327.771,70,multi_enable,560,0,200,1182.365,15.15884306
2026-10-03 00:59:21,19329.872,70,multi_enable,560,0,200,1184.473,15.156308135000002
2026-10-03 00:59:23,19331.97,70,multi_enable,560,0,200,1186.574,15.09434553
2026-10-03 00:59:25,19334.071,70,multi_enable,560,0,200,1188.668,15.336330744999998
2026-10-03 00:59:27,19336.17,70,multi_enable,560,0,200,1190.777,15.094028405000001
2026-10-03 00:59:30,19338.271,70,multi_enable,560,0,200,1192.875,15.146641255
2026-10-03 00:59:32,19340.371,70,multi_enable,560,0,200,1194.975,15.401462369999999
2026-10-03 00:59:34,19342.471,70,multi_enable,560,0,200,1197.076,15.05853162
2026-10-03 00:59:36,19344.57,70,multi_enable,560,0,200,1199.17,15.307013170000003
2026-10-03 00:59:38,19346.671,70,multi_enable,560,0,200,1201.271,15.164231369999998
2026-10-03 00:59:40,19348.77,70,multi_enable,560,0,200,1203.376,15.126990205000002
2026-10-03 00:59:42,19350.871,70,multi_enable,560,0,200,1205.465,15.19434033
2026-10-03 00:59:44,19352.97,70,multi_enable,560,0,200,1207.569,15.074378020000001
2026-10-03 00:59:46,19355.07,70,multi_enable,560,0,200,1209.671,15.145373055
2026-10-03 00:59:48,19357.17,70,multi_enable,560,0,200,1211.777,15.347423495000001
2026-10-03 00:59:51,19359.269,70,multi_enable,560,0,200,1213.865,15.217160435000002
2026-10-03 00:59:53,19361.368,70,multi_enable,560,0,200,1215.971,15.172471434999999
2026-10-03 00:59:55,19363.47,70,multi_enable,560,0,200,1218.065,15.230947220000003
2026-10-03 00:59:57,19365.568,70,multi_enable,560,0,200,1220.168,15.428402089999997
2026-10-03 00:59:59,19367.669,70,multi_enable,560,0,200,1222.275,15.33965826
2026-10-03 01:00:01,19369.768,70,multi_enable,560,0,200,1224.366,15.01922989
2026-10-03 01:00:03,19371.871,70,multi_enable,560,0,200,1226.468,15.342669095000002
2026-10-03 01:00:05,19373.971,70,multi_enable,560,0,200,1228.578,15.070258365
2026-10-03 01:00:07,19376.069,70,multi_enable,560,0,200,1230.671,15.298138744999996
2026-10-03 01:00:09,19378.17,70,multi_enable,560,0,200,1232.764,15.189269515000001
2026-10-03 01:00:12,19380.269,70,multi_enable,560,0,200,1234.875,15.10591381
2026-10-03 01:00:14,19382.368,70,multi_enable,560,0,200,1236.97,15.17706727
2026-10-03 01:00:16,19384.468,70,multi_enable,560,0,200,1239.075,15.216367870000001
2026-10-03 01:00:18,19386.568,70,multi_enable,560,0,200,1241.17,15.19307316
2026-10-03 01:00:20,19388.669,70,multi_enable,560,0,200,1243.264,14.99609416
2026-10-03 01:00:22,19390.767,70,multi_enable,560,0,200,1245.372,15.080875390000001
2026-10-03 01:00:24,19392.869,70,multi_enable,560,0,200,1247.462,15.043476264999999
2026-10-03 01:00:26,19394.967,70,multi_enable,560,0,200,1249.57,15.165340110000002
2026-10-03 01:00:28,19397.069,70,multi_enable,560,0,200,1251.674,15.171362545000003
2026-10-03 01:00:30,19399.17,70,multi_enable,560,0,200,1253.777,15.284352375000001
2026-10-03 01:00:33,19401.268,70,multi_enable,560,0,200,1255.864,14.973432255000002
2026-10-03 01:00:35,19403.367,70,multi_enable,560,0,200,1257.967,15.28371809
2026-10-03 01:00:37,19405.467,70,multi_enable,560,0,200,1260.074,15.163121599999998
2026-10-03 01:00:39,19407.567,70,multi_enable,560,0,200,1262.164,15.286887340000003
2026-10-03 01:00:41,19409.667,70,multi_enable,560,0,200,1264.264,15.273100600000001
2026-10-03 01:00:43,19411.766,70,multi_enable,560,0,200,1266.371,15.24885427
2026-10-03 01:00:45,19413.868,70,multi_enable,560,0,200,1268.472,15.22017057
2026-10-03 01:00:47,19415.968,70,multi_enable,560,0,200,1270.562,15.167241820000001
2026-10-03 01:00:49,19418.066,70,multi_enable,560,0,200,1272.673,15.106072145
2026-10-03 01:00:51,19420.165,70,multi_enable,560,0,200,1274.764,15.265969190000002
2026-10-03 01:00:54,19422.266,70,multi_enable,560,0,200,1276.873,15.175799555
2026-10-03 01:00:56,19424.366,70,multi_enable,560,0,200,1278.969,15.14267893
2026-10-03 01:00:58,19426.466,70,multi_enable,560,0,200,1281.065,15.181345490000002
2026-10-03 01:01:00,19428.567,70,multi_enable,560,0,200,1283.174,15.436009
2026-10-03 01:01:02,19430.666,70,multi_enable,560,0,200,1285.266,15.185465950000001
2026-10-03 01:01:04,19432.766,70,multi_enable,560,0,200,1287.37,15.445040769999999
2026-10-03 01:01:06,19434.867,70,multi_enable,560,0,200,1289.469,15.154247130000002
2026-10-03 01:01:08,19436.965,70,multi_enable,560,0,200,1291.573,15.298773169999999
2026-10-03 01:01:10,19439.065,70,multi_enable,560,0,200,1293.673,15.327297424999998
2026-10-03 01:01:12,19441.165,70,multi_enable,560,0,200,1295.764,15.084044925000002
2026-10-03 01:01:15,19443.265,70,multi_enable,560,0,200,1297.869,15.405423890000002
2026-10-03 01:01:17,19445.366,70,multi_enable,560,0,200,1299.973,15.278963935000004
2026-10-03 01:01:19,19447.466,70,multi_enable,560,0,200,1302.06,15.350751435000001
2026-10-03 01:01:21,19449.565,70,multi_enable,560,0,200,1304.167,15.400986549999999
2026-10-03 01:01:23,19451.665,70,multi_enable,560,0,200,1306.271,15.232531865000004
2026-10-03 01:01:25,19453.764,70,multi_enable,560,0,200,1308.364,15.279914630000002
2026-10-03 01:01:27,19455.866,70,multi_enable,560,0,200,1310.47,15.093078145
2026-10-03 01:01:29,19457.966,70,multi_enable,560,0,200,1312.567,15.283401249999999
2026-10-03 01:01:31,19460.065,70,multi_enable,560,0,200,1314.66,14.971847569999998
2026-10-03 01:01:33,19462.164,70,multi_enable,560,0,200,1316.763,15.15599056
2026-10-03 01:01:36,19464.264,70,multi_enable,560,0,200,1318.871,15.115263399999998
2026-10-03 01:01:38,19466.363,70,multi_enable,560,0,200,1320.96,15.235384409999996
2026-10-03 01:01:40,19468.464,70,multi_enable,560,0,200,1323.066,15.38228672
2026-10-03 01:01:42,19470.563,70,multi_enable,560,0,200,1325.169,15.221755664999998
2026-10-03 01:01:44,19472.664,70,multi_enable,560,0,200,1327.263,15.2865706
2026-10-03 01:01:46,19474.763,70,multi_enable,560,0,200,1329.367,14.942213670000001
2026-10-03 01:01:48,19476.864,70,multi_enable,560,0,200,1331.457,15.284827259999998
2026-10-03 01:01:50,19478.962,70,multi_enable,560,0,200,1333.567,15.281023874999999
2026-10-03 01:01:52,19481.063,70,multi_enable,560,0,200,1335.665,15.241881605000003
2026-10-03 01:01:54,19483.163,70,multi_enable,560,0,200,1337.769,15.125088595
2026-10-03 01:01:57,19485.262,70,multi_enable,560,0,200,1339.86,15.359150620000001
2026-10-03 01:01:59,19487.362,70,multi_enable,560,0,200,1341.959,15.132219995000002
2026-10-03 01:02:01,19489.462,70,multi_enable,560,0,200,1344.064,15.161061850000001
2026-10-03 01:02:03,19491.562,70,multi_enable,560,0,200,1346.165,15.195132460000002
2026-10-03 01:02:05,19493.663,70,multi_enable,560,0,200,1348.258,15.099575100000003
2026-10-03 01:02:07,19495.761,70,multi_enable,560,0,200,1350.367,15.308597910000003
2026-10-03 01:02:09,19497.863,70,multi_enable,560,0,200,1352.455,15.28134072
2026-10-03 01:02:11,19499.962,70,multi_enable,560,0,200,1354.557,15.371828149999999
2026-10-03 01:02:13,19502.062,70,multi_enable,560,0,200,1356.661,15.448211075000001
2026-10-03 01:02:15,19504.161,70,multi_enable,560,0,200,1358.765,15.279122299999997
2026-10-03 01:02:18,19506.262,70,multi_enable,560,0,200,1360.869,15.189903265000002
2026-10-03 01:02:20,19508.361,70,multi_enable,560,0,200,1362.961,15.360734610000002
2026-10-03 01:02:22,19510.461,70,multi_enable,560,0,200,1365.069,15.36422143
2026-10-03 01:02:24,19512.56,70,multi_enable,560,0,200,1367.16,14.957743415
2026-10-03 01:02:26,19514.661,70,multi_enable,560,0,200,1369.265,15.278963840000001
2026-10-03 01:02:28,19516.761,70,multi_enable,560,0,200,1371.355,15.10781552
2026-10-03 01:02:30,19518.862,70,multi_enable,560,0,200,1373.461,15.126198200000001
2026-10-03 01:02:32,19520.961,70,multi_enable,560,0,200,1375.566,15.077547555
2026-10-03 01:02:34,19523.061,70,multi_enable,560,0,200,1377.658,15.172946910000002
2026-10-03 01:02:36,19525.159,70,multi_enable,560,0,200,1379.764,15.352335899999996
2026-10-03 01:02:39,19527.261,70,multi_enable,560,0,200,1381.865,15.290532670000001
2026-10-03 01:02:41,19529.359,70,multi_enable,560,0,200,1383.955,15.126990355
2026-10-03 01:02:43,19531.46,70,multi_enable,560,0,200,1386.064,15.264067845000001
2026-10-03 01:02:45,19533.559,70,multi_enable,560,0,200,1388.161,15.229045825
2026-10-03 01:02:47,19535.66,70,multi_enable,560,0,200,1390.259,15.197351950000002
2026-10-03 01:02:49,19537.759,70,multi_enable,560,0,200,1392.357,14.93365625
2026-10-03 01:02:51,19539.86,70,multi_enable,560,0,200,1394.46,14.831125359999998
2026-10-03 01:02:53,19541.959,70,multi_enable,560,0,200,1396.56,15.282608805000004
2026-10-03 01:02:55,19544.059,70,multi_enable,560,0,200,1398.653,14.956475885000001
2026-10-03 01:02:57,19546.158,70,multi_enable,560,0,200,1400.756,15.319373825
2026-10-03 01:03:00,19548.258,70,multi_enable,560,0,200,1402.861,15.074061285
2026-10-03 01:03:02,19550.358,70,multi_enable,560,0,200,1404.953,15.004968369999997
2026-10-03 01:03:04,19552.458,70,multi_enable,560,0,200,1407.054,15.072159845000002
2026-10-03 01:03:06,19554.556,70,multi_enable,560,0,200,1409.158,15.326346730000001
2026-10-03 01:03:08,19556.659,70,multi_enable,560,0,200,1411.264,15.032541565000002
2026-10-03 01:03:10,19558.758,70,multi_enable,560,0,200,1413.353,15.201312810000001
2026-10-03 01:03:12,19560.857,70,multi_enable,560,0,200,1415.46,15.373254145
2026-10-03 01:03:14,19562.958,70,multi_enable,560,0,200,1417.562,15.241723565
2026-10-03 01:03:16,19565.055,70,multi_enable,560,0,200,1419.665,15.06867321
2026-10-03 01:03:18,19567.157,70,multi_enable,560,0,200,1421.75,15.129525684999997
2026-10-03 01:03:21,19569.255,70,multi_enable,560,0,200,1423.854,15.139509214999999
2026-10-03 01:03:23,19571.357,70,multi_enable,560,0,200,1425.959,15.069624139999998
2026-10-03 01:03:25,19573.457,70,multi_enable,560,0,200,1428.052,15.2011551
2026-10-03 01:03:27,19575.554,70,multi_enable,560,0,200,1430.159,15.120334735
2026-10-03 01:03:29,19577.657,70,multi_enable,560,0,200,1432.252,15.026520009999999
2026-10-03 01:03:31,19579.754,70,multi_enable,560,0,200,1434.357,15.196717905
2026-10-03 01:03:33,19581.858,70,multi_enable,560,0,200,1436.46,15.222548125
2026-10-03 01:03:35,19583.954,70,multi_enable,560,0,200,1438.562,15.071366875
2026-10-03 01:03:37,19586.056,70,multi_enable,560,0,200,1440.652,15.307171960000002
2026-10-03 01:03:39,19588.157,70,multi_enable,560,0,200,1442.764,15.12730713
2026-10-03 01:03:42,19590.253,70,multi_enable,560,0,200,1444.855,15.12968479
2026-10-03 01:03:44,19592.356,70,multi_enable,560,0,200,1446.948,15.019705525
2026-10-03 01:03:46,19594.456,70,multi_enable,560,0,200,1449.063,15.226826764999998
2026-10-03 01:03:48,19596.556,70,multi_enable,560,0,200,1451.153,15.012099225000002
2026-10-03 01:03:50,19598.653,70,multi_enable,560,0,200,1453.251,14.949185725
2026-10-03 01:03:52,19600.753,70,multi_enable,560,0,200,1455.36,15.342193935000001
2026-10-03 01:03:54,19602.854,70,multi_enable,560,0,200,1457.459,15.270089574999998
2026-10-03 01:03:56,19604.954,70,multi_enable,560,0,200,1459.551,15.033967525000001
2026-10-03 01:03:58,19607.056,70,multi_enable,560,0,200,1461.658,14.82652961
2026-10-03 01:04:00,19609.154,70,multi_enable,560,0,200,1463.763,15.606523394999998
2026-10-03 01:04:03,19611.252,70,multi_enable,560,0,200,1465.85,15.354078874999999
2026-10-03 01:04:05,19613.355,70,multi_enable,560,0,200,1467.955,15.108924680000001
2026-10-03 01:04:07,19615.455,70,multi_enable,560,0,200,1470.062,14.863453204999999
2026-10-03 01:04:09,19617.554,70,multi_enable,560,0,200,1472.152,15.126831785000002
2026-10-03 01:04:11,19619.655,70,multi_enable,560,0,200,1474.254,14.92462359
2026-10-03 01:04:13,19621.751,70,multi_enable,560,0,200,1476.355,15.007027835000002
2026-10-03 01:04:15,19623.855,70,multi_enable,560,0,200,1478.458,15.12905023
2026-10-03 01:04:17,19625.956,70,multi_enable,560,0,200,1480.563,15.091810229999998
2026-10-03 01:04:19,19628.054,70,multi_enable,560,0,200,1482.651,15.330150259999998
2026-10-03 01:04:21,19630.153,70,multi_enable,560,0,200,1484.75,15.229838069999998
2026-10-03 01:04:24,19632.251,70,multi_enable,560,0,200,1486.854,15.047913329999998
2026-10-03 01:04:26,19634.353,70,multi_enable,560,0,200,1488.955,15.175958075
2026-10-03 01:04:28,19636.451,70,multi_enable,560,0,200,1491.06,14.978502874999998
2026-10-03 01:04:30,19638.554,70,multi_enable,560,0,200,1493.149,15.189110684999998
2026-10-03 01:04:32,19640.651,70,multi_enable,560,0,200,1495.255,14.916224405000001
2026-10-03 01:04:34,19642.752,70,multi_enable,560,0,200,1497.359,15.158209110000001
2026-10-03 01:04:36,19644.852,70,multi_enable,560,0,200,1499.459,14.973590710000002
2026-10-03 01:04:38,19646.953,70,multi_enable,560,0,200,1501.553,15.112094255
2026-10-03 01:04:40,19649.054,70,multi_enable,560,0,200,1503.65,15.176433925
2026-10-03 01:04:42,19651.152,70,multi_enable,560,0,200,1505.75,15.041891535
2026-10-03 01:04:45,19653.25,70,multi_enable,560,0,200,1507.86,14.978027994999998
2026-10-03 01:04:47,19655.352,70,multi_enable,560,0,200,1509.954,15.115263514999999
2026-10-03 01:04:49,19657.453,70,multi_enable,560,0,200,1512.049,15.205274845
2026-10-03 01:04:51,19659.549,70,multi_enable,560,0,200,1514.156,15.05171689
2026-10-03 01:04:53,19661.65,70,multi_enable,560,0,200,1516.257,14.923513915000001
2026-10-03 01:04:55,19663.752,70,multi_enable,560,0,200,1518.348,15.358516295
2026-10-03 01:04:57,19665.853,70,multi_enable,560,0,200,1520.454,15.034126905
2026-10-03 01:04:59,19667.953,70,multi_enable,560,0,200,1522.56,15.151236335000002
2026-10-03 01:05:01,19670.049,70,multi_enable,560,0,200,1524.653,14.975492560000003
2026-10-03 01:05:03,19672.149,70,multi_enable,560,0,200,1526.756,14.965191670000003
2026-10-03 01:05:06,19674.252,70,multi_enable,560,0,200,1528.843,15.174848809999999
2026-10-03 01:05:09,19677.374,70,multi_enable,560,0,200,1530.949,15.085312254999996
2026-10-03 01:05:11,19679.477,70,multi_enable,560,0,200,1534.077,15.08483719
2026-10-03 01:05:13,19681.575,70,multi_enable,560,0,200,1536.179,15.087214345
2026-10-03 01:05:15,19683.674,70,multi_enable,560,0,200,1538.272,15.12112702
2026-10-03 01:05:17,19685.776,70,multi_enable,560,0,200,1540.377,15.208761670000001
2026-10-03 01:05:19,19687.874,70,multi_enable,560,0,200,1542.48,15.33601363
2026-10-03 01:05:21,19689.976,70,multi_enable,560,0,200,1544.57,15.145531810000001
2026-10-03 01:05:23,19692.076,70,multi_enable,560,0,200,1546.671,15.15123691
2026-10-03 01:05:25,19694.172,70,multi_enable,560,0,200,1548.775,15.184515665
2026-10-03 01:05:28,19696.273,70,multi_enable,560,0,200,1550.866,15.212405900000004
2026-10-03 01:05:30,19698.372,70,multi_enable,560,0,200,1552.973,14.958693980000001
2026-10-03 01:05:32,19700.472,70,multi_enable,560,0,200,1555.067,15.012733215
2026-10-03 01:05:34,19702.575,70,multi_enable,560,0,200,1557.18,14.969470455
2026-10-03 01:05:36,19704.675,70,multi_enable,560,0,200,1559.27,15.151553550000003
2026-10-03 01:05:38,19706.774,70,multi_enable,560,0,200,1561.372,15.154564625
2026-10-03 01:05:40,19708.876,70,multi_enable,560,0,200,1563.477,15.029372554999998
2026-10-03 01:05:42,19710.972,70,multi_enable,560,0,200,1565.581,15.113203695
2026-10-03 01:05:44,19713.075,70,multi_enable,560,0,200,1567.679,14.95457436
2026-10-03 01:05:46,19715.173,70,multi_enable,560,0,200,1569.781,15.172154279999999
2026-10-03 01:05:49,19717.271,70,multi_enable,560,0,200,1571.873,15.156941390000004
2026-10-03 01:05:51,19719.373,70,multi_enable,560,0,200,1573.965,15.314460955000001
2026-10-03 01:05:53,19721.471,70,multi_enable,560,0,200,1576.071,15.167876045
2026-10-03 01:05:55,19723.573,70,multi_enable,560,0,200,1578.175,15.268504994999997
2026-10-03 01:05:57,19725.674,70,multi_enable,560,0,200,1580.28,15.234591710000004
2026-10-03 01:05:59,19727.774,70,multi_enable,560,0,200,1582.381,15.135864770000001
2026-10-03 01:06:01,19729.872,70,multi_enable,560,0,200,1584.474,15.223974509999998
2026-10-03 01:06:03,19731.974,70,multi_enable,560,0,200,1586.576,14.961705645
2026-10-03 01:06:05,19734.073,70,multi_enable,560,0,200,1588.682,15.262641395000001
2026-10-03 01:06:07,19736.172,70,multi_enable,560,0,200,1590.775,15.057263104999999
2026-10-03 01:06:10,19738.271,70,multi_enable,560,0,200,1592.87,15.029213955000001
2026-10-03 01:06:12,19740.372,70,multi_enable,560,0,200,1594.973,15.178493744999999
2026-10-03 01:06:14,19742.473,70,multi_enable,560,0,200,1597.08,14.975650689999998
2026-10-03 01:06:16,19744.573,70,multi_enable,560,0,200,1599.171,15.164548014999998
2026-10-03 01:06:18,19746.673,70,multi_enable,560,0,200,1601.271,15.492266035000002
2026-10-03 01:06:20,19748.772,70,multi_enable,560,0,200,1603.369,15.14347181
2026-10-03 01:06:22,19750.873,70,multi_enable,560,0,200,1605.467,15.452806465000002
2026-10-03 01:06:24,19752.972,70,multi_enable,560,0,200,1607.571,15.255985560000004
2026-10-03 01:06:26,19755.072,70,multi_enable,560,0,200,1609.677,15.348532794999999
2026-10-03 01:06:28,19757.169,70,multi_enable,560,0,200,1611.77,15.232373394999998
2026-10-03 01:06:31,19759.273,70,multi_enable,560,0,200,1613.864,15.225242259999998
2026-10-03 01:06:33,19761.375,70,multi_enable,560,0,200,1615.981,15.290690685
2026-10-03 01:06:35,19763.472,70,multi_enable,560,0,200,1618.07,15.414773299999998
2026-10-03 01:06:37,19765.571,70,multi_enable,560,0,200,1620.177,15.324127850000002
2026-10-03 01:06:39,19767.671,70,multi_enable,560,0,200,1622.267,15.140301904999998
2026-10-03 01:06:41,19769.77,70,multi_enable,560,0,200,1624.372,15.162804730000003
2026-10-03 01:06:43,19771.872,70,multi_enable,560,0,200,1626.477,15.080399810000001
2026-10-03 01:06:45,19773.971,70,multi_enable,560,0,200,1628.566,15.312084420000001
2026-10-03 01:06:47,19776.071,70,multi_enable,560,0,200,1630.669,15.215259109999998
2026-10-03 01:06:49,19778.171,70,multi_enable,560,0,200,1632.777,15.15884302
2026-10-03 01:06:52,19780.271,70,multi_enable,560,0,200,1634.869,15.18182153
2026-10-03 01:06:54,19782.371,70,multi_enable,560,0,200,1636.978,14.891185514999998
2026-10-03 01:06:56,19784.471,70,multi_enable,560,0,200,1639.067,15.233007674999998
2026-10-03 01:06:58,19786.57,70,multi_enable,560,0,200,1641.172,15.464850365
2026-10-03 01:07:00,19788.67,70,multi_enable,560,0,200,1643.278,15.281657965
2026-10-03 01:07:02,19790.769,70,multi_enable,560,0,200,1645.372,15.13760764
2026-10-03 01:07:04,19792.871,70,multi_enable,560,0,200,1647.476,15.452172410000003
2026-10-03 01:07:06,19794.969,70,multi_enable,560,0,200,1649.566,15.09101741
2026-10-03 01:07:08,19797.07,70,multi_enable,560,0,200,1651.677,15.232373870000002
2026-10-03 01:07:10,19799.168,70,multi_enable,560,0,200,1653.77,15.195133170000004
2026-10-03 01:07:13,19801.27,70,multi_enable,560,0,200,1655.871,15.427451214999998
2026-10-03 01:07:15,19803.368,70,multi_enable,560,0,200,1657.969,15.18514901
2026-10-03 01:07:17,19805.467,70,multi_enable,560,0,200,1660.063,15.190061644999998
2026-10-03 01:07:19,19807.568,70,multi_enable,560,0,200,1662.175,15.132219994999998
2026-10-03 01:07:21,19809.668,70,multi_enable,560,0,200,1664.264,15.314937335
2026-10-03 01:07:23,19811.769,70,multi_enable,560,0,200,1666.374,15.458194494999999
2026-10-03 01:07:25,19813.87,70,multi_enable,560,0,200,1668.464,15.126673404999998
2026-10-03 01:07:27,19815.968,70,multi_enable,560,0,200,1670.567,15.09228517
2026-10-03 01:07:29,19818.069,70,multi_enable,560,0,200,1672.668,15.133329010000002
2026-10-03 01:07:31,19820.17,70,multi_enable,560,0,200,1674.777,15.204007179999998
2026-10-03 01:07:34,19822.268,70,multi_enable,560,0,200,1676.865,15.131903255
2026-10-03 01:07:36,19824.368,70,multi_enable,560,0,200,1678.975,15.458035705000002
2026-10-03 01:07:38,19826.468,70,multi_enable,560,0,200,1681.064,15.09925799
2026-10-03 01:07:40,19828.567,70,multi_enable,560,0,200,1683.17,15.263275385
2026-10-03 01:07:42,19830.668,70,multi_enable,560,0,200,1685.27,15.281657969999998
2026-10-03 01:07:44,19832.767,70,multi_enable,560,0,200,1687.373,15.23158091
2026-10-03 01:07:46,19834.868,70,multi_enable,560,0,200,1689.466,15.06518652
2026-10-03 01:07:48,19836.968,70,multi_enable,560,0,200,1691.571,15.205749825000003
2026-10-03 01:07:50,19839.067,70,multi_enable,560,0,200,1693.664,15.379118075
2026-10-03 01:07:52,19841.166,70,multi_enable,560,0,200,1695.762,15.28577805
2026-10-03 01:07:55,19843.267,70,multi_enable,560,0,200,1697.871,14.950770985000004
2026-10-03 01:07:57,19845.367,70,multi_enable,560,0,200,1699.961,15.341243195000002
2026-10-03 01:07:59,19847.467,70,multi_enable,560,0,200,1702.071,15.083094174999998
2026-10-03 01:08:01,19849.566,70,multi_enable,560,0,200,1704.171,15.211772365000002
2026-10-03 01:08:03,19851.667,70,multi_enable,560,0,200,1706.27,14.873436699999997
2026-10-03 01:08:05,19853.768,70,multi_enable,560,0,200,1708.375,15.310975250000002
2026-10-03 01:08:07,19855.868,70,multi_enable,560,0,200,1710.47,15.192597394999998
2026-10-03 01:08:09,19857.967,70,multi_enable,560,0,200,1712.571,15.149969054999998
2026-10-03 01:08:11,19860.065,70,multi_enable,560,0,200,1714.66,15.300674695000001
2026-10-03 01:08:13,19862.166,70,multi_enable,560,0,200,1716.766,15.178176815000002
2026-10-03 01:08:16,19864.266,70,multi_enable,560,0,200,1718.872,15.16106175
2026-10-03 01:08:18,19866.367,70,multi_enable,560,0,200,1720.974,15.428085105
2026-10-03 01:08:20,19868.466,70,multi_enable,560,0,200,1723.064,14.982623085000002
2026-10-03 01:08:22,19870.564,70,multi_enable,560,0,200,1725.166,15.515085865
2026-10-03 01:08:24,19872.666,70,multi_enable,560,0,200,1727.265,15.01812111
2026-10-03 01:08:26,19874.765,70,multi_enable,560,0,200,1729.368,15.277696169999999
2026-10-03 01:08:28,19876.867,70,multi_enable,560,0,200,1731.47,15.063443595
2026-10-03 01:08:30,19878.966,70,multi_enable,560,0,200,1733.571,15.168034670000003
2026-10-03 01:08:32,19881.065,70,multi_enable,560,0,200,1735.66,15.323177535000001
2026-10-03 01:08:34,19883.165,70,multi_enable,560,0,200,1737.76,15.274843895
2026-10-03 01:08:37,19885.265,70,multi_enable,560,0,200,1739.859,15.206225304999998
2026-10-03 01:08:39,19887.363,70,multi_enable,560,0,200,1741.962,15.324920555
2026-10-03 01:08:41,19889.464,70,multi_enable,560,0,200,1744.068,15.48053902
2026-10-03 01:08:43,19891.564,70,multi_enable,560,0,200,1746.163,15.073902350000001
2026-10-03 01:08:45,19893.663,70,multi_enable,560,0,200,1748.265,15.3025758
2026-10-03 01:08:47,19895.763,70,multi_enable,560,0,200,1750.362,15.39512276
2026-10-03 01:08:49,19897.864,70,multi_enable,560,0,200,1752.459,15.28799692
2026-10-03 01:08:51,19899.964,70,multi_enable,560,0,200,1754.568,15.093711440000002
2026-10-03 01:08:53,19902.064,70,multi_enable,560,0,200,1756.663,15.132061575
2026-10-03 01:08:55,19904.164,70,multi_enable,560,0,200,1758.76,15.00797867
2026-10-03 01:08:58,19906.264,70,multi_enable,560,0,200,1760.86,15.237761469999999
2026-10-03 01:09:00,19908.363,70,multi_enable,560,0,200,1762.96,15.201155565000002
2026-10-03 01:09:02,19910.463,70,multi_enable,560,0,200,1765.064,15.141410969999999
2026-10-03 01:09:04,19912.564,70,multi_enable,560,0,200,1767.171,15.375631400000001
2026-10-03 01:09:06,19914.663,70,multi_enable,560,0,200,1769.261,15.474517090000004
2026-10-03 01:09:08,19916.762,70,multi_enable,560,0,200,1771.364,15.285461435
2026-10-03 01:09:10,19918.863,70,multi_enable,560,0,200,1773.469,15.32745631
2026-10-03 01:09:12,19920.963,70,multi_enable,560,0,200,1775.558,15.168351770000001
2026-10-03 01:09:14,19923.063,70,multi_enable,560,0,200,1777.662,15.332210250000001
2026-10-03 01:09:16,19925.162,70,multi_enable,560,0,200,1779.763,15.478003304999998
2026-10-03 01:09:19,19927.262,70,multi_enable,560,0,200,1781.865,15.469604165000002
2026-10-03 01:09:21,19929.362,70,multi_enable,560,0,200,1783.969,15.179919495
2026-10-03 01:09:23,19931.462,70,multi_enable,560,0,200,1786.058,15.154880884999999
2026-10-03 01:09:25,19933.561,70,multi_enable,560,0,200,1788.164,15.348215594999997
2026-10-03 01:09:27,19935.662,70,multi_enable,560,0,200,1790.264,15.333953359999999
2026-10-03 01:09:29,19937.762,70,multi_enable,560,0,200,1792.369,15.27880509
2026-10-03 01:09:31,19939.862,70,multi_enable,560,0,200,1794.461,15.197826650000001
2026-10-03 01:09:33,19941.962,70,multi_enable,560,0,200,1796.567,15.17611672
2026-10-03 01:09:35,19944.061,70,multi_enable,560,0,200,1798.669,15.307488480000002
2026-10-03 01:09:37,19946.161,70,multi_enable,560,0,200,1800.764,15.225875980000003
2026-10-03 01:09:40,19948.26,70,multi_enable,560,0,200,1802.855,15.071367620000002
2026-10-03 01:09:42,19950.361,70,multi_enable,560,0,200,1804.962,15.451222004999998
2026-10-03 01:09:44,19952.461,70,multi_enable,560,0,200,1807.065,14.98373267
2026-10-03 01:09:46,19954.562,70,multi_enable,560,0,200,1809.168,15.178810245000003
2026-10-03 01:09:48,19956.661,70,multi_enable,560,0,200,1811.262,15.498128864999998
2026-10-03 01:09:50,19958.762,70,multi_enable,560,0,200,1813.368,15.295445305
2026-10-03 01:09:52,19960.86,70,multi_enable,560,0,200,1815.464,15.227777604999998
2026-10-03 01:09:54,19962.958,70,multi_enable,560,0,200,1817.558,14.964082470000001
2026-10-03 01:09:56,19965.06,70,multi_enable,560,0,200,1819.66,15.425074325
2026-10-03 01:09:58,19967.16,70,multi_enable,560,0,200,1821.763,15.279756345000001
2026-10-03 01:10:01,19969.26,70,multi_enable,560,0,200,1823.868,15.662622179999998
2026-10-03 01:10:03,19971.359,70,multi_enable,560,0,200,1825.955,15.309073405000001
2026-10-03 01:10:05,19973.46,70,multi_enable,560,0,200,1828.063,15.476735530000003
2026-10-03 01:10:07,19975.559,70,multi_enable,560,0,200,1830.163,15.560091289999999
2026-10-03 01:10:09,19977.66,70,multi_enable,560,0,200,1832.254,15.376423719999995
2026-10-03 01:10:11,19979.759,70,multi_enable,560,0,200,1834.359,15.174214715
2026-10-03 01:10:13,19981.86,70,multi_enable,560,0,200,1836.466,15.329357850000003
2026-10-03 01:10:15,19983.959,70,multi_enable,560,0,200,1838.557,15.303210444999998
2026-10-03 01:10:17,19986.06,70,multi_enable,560,0,200,1840.664,15.157258609999998
2026-10-03 01:10:19,19988.159,70,multi_enable,560,0,200,1842.758,15.241247785
2026-10-03 01:10:22,19990.259,70,multi_enable,560,0,200,1844.861,15.332209925000003
2026-10-03 01:10:24,19992.359,70,multi_enable,560,0,200,1846.965,15.142203764999998
2026-10-03 01:10:26,19994.459,70,multi_enable,560,0,200,1849.055,15.234433945000001
2026-10-03 01:10:28,19996.56,70,multi_enable,560,0,200,1851.166,15.399401909999998
2026-10-03 01:10:30,19998.659,70,multi_enable,560,0,200,1853.255,15.130318225
2026-10-03 01:10:32,20000.759,70,multi_enable,560,0,200,1855.366,15.395281874999997
2026-10-03 01:10:34,20002.86,70,multi_enable,560,0,200,1857.462,15.187526085
2026-10-03 01:10:36,20004.958,70,multi_enable,560,0,200,1859.555,15.244892289999997
2026-10-03 01:10:38,20007.058,70,multi_enable,560,0,200,1861.656,15.21525867
2026-10-03 01:10:40,20009.157,70,multi_enable,560,0,200,1863.76,15.549474124999996
2026-10-03 01:10:43,20011.258,70,multi_enable,560,0,200,1865.862,15.019071895
2026-10-03 01:10:45,20013.357,70,multi_enable,560,0,200,1867.954,15.133329429999998
2026-10-03 01:10:47,20015.457,70,multi_enable,560,0,200,1870.056,15.386248885
2026-10-03 01:10:49,20017.557,70,multi_enable,560,0,200,1872.161,15.513817869999997
2026-10-03 01:10:51,20019.657,70,multi_enable,560,0,200,1874.252,15.146640790000003
2026-10-03 01:10:53,20021.756,70,multi_enable,560,0,200,1876.357,15.393062874999998
2026-10-03 01:10:55,20023.858,70,multi_enable,560,0,200,1878.463,15.391161765
2026-10-03 01:10:57,20025.958,70,multi_enable,560,0,200,1880.555,15.327614165
2026-10-03 01:10:59,20028.057,70,multi_enable,560,0,200,1882.661,15.274843814999999
2026-10-03 01:11:01,20030.156,70,multi_enable,560,0,200,1884.752,15.156466045000002
2026-10-03 01:11:04,20032.257,70,multi_enable,560,0,200,1886.857,15.19640061
2026-10-03 01:11:06,20034.356,70,multi_enable,560,0,200,1888.96,15.301942545
2026-10-03 01:11:08,20036.456,70,multi_enable,560,0,200,1891.062,15.379434794999998
2026-10-03 01:11:10,20038.556,70,multi_enable,560,0,200,1893.154,15.366439940000005
2026-10-03 01:11:12,20040.656,70,multi_enable,560,0,200,1895.258,15.356139235
2026-10-03 01:11:14,20042.757,70,multi_enable,560,0,200,1897.363,15.268663269999996
2026-10-03 01:11:16,20044.857,70,multi_enable,560,0,200,1899.465,15.40954387
2026-10-03 01:11:18,20046.957,70,multi_enable,560,0,200,1901.558,15.320958814999997
2026-10-03 01:11:20,20049.055,70,multi_enable,560,0,200,1903.664,15.568014749999998
2026-10-03 01:11:22,20051.155,70,multi_enable,560,0,200,1905.759,15.473882764999999
2026-10-03 01:11:25,20053.255,70,multi_enable,560,0,200,1907.86,15.442188870000003
2026-10-03 01:11:27,20055.355,70,multi_enable,560,0,200,1909.95,15.30257603
2026-10-03 01:11:29,20057.455,70,multi_enable,560,0,200,1912.057,15.126039635
2026-10-03 01:11:31,20059.554,70,multi_enable,560,0,200,1914.156,15.287363155000001
2026-10-03 01:11:33,20061.655,70,multi_enable,560,0,200,1916.254,15.344412529999996
2026-10-03 01:11:35,20063.755,70,multi_enable,560,0,200,1918.36,15.13253712
2026-10-03 01:11:37,20065.855,70,multi_enable,560,0,200,1920.461,15.284986144999998
2026-10-03 01:11:39,20067.956,70,multi_enable,560,0,200,1922.55,15.305270205
2026-10-03 01:11:41,20070.055,70,multi_enable,560,0,200,1924.651,15.258362414999999
2026-10-03 01:11:43,20072.155,70,multi_enable,560,0,200,1926.755,15.22365758
2026-10-03 01:11:46,20074.255,70,multi_enable,560,0,200,1928.86,15.4041559
2026-10-03 01:11:48,20076.354,70,multi_enable,560,0,200,1930.949,15.2795977
2026-10-03 01:11:50,20078.453,70,multi_enable,560,0,200,1933.056,15.243942140000003
2026-10-03 01:11:52,20080.553,70,multi_enable,560,0,200,1935.149,15.532359155000004
2026-10-03 01:11:54,20082.653,70,multi_enable,560,0,200,1937.252,15.337597820000001
2026-10-03 01:11:56,20084.753,70,multi_enable,560,0,200,1939.354,15.356614585
2026-10-03 01:11:58,20086.854,70,multi_enable,560,0,200,1941.459,15.149176595000002
2026-10-03 01:12:00,20088.954,70,multi_enable,560,0,200,1943.548,15.656283070000002
2026-10-03 01:12:02,20091.054,70,multi_enable,560,0,200,1945.652,15.24631902
2026-10-03 01:12:04,20093.153,70,multi_enable,560,0,200,1947.754,15.169619025000001
2026-10-03 01:12:07,20095.252,70,multi_enable,560,0,200,1949.857,15.309073694999999
2026-10-03 01:12:09,20097.353,70,multi_enable,560,0,200,1951.949,15.21747713
2026-10-03 01:12:11,20099.453,70,multi_enable,560,0,200,1954.052,15.153929965000001
2026-10-03 01:12:13,20101.552,70,multi_enable,560,0,200,1956.159,15.331893125
2026-10-03 01:12:15,20103.652,70,multi_enable,560,0,200,1958.26,15.383396149999998
2026-10-03 01:12:17,20105.752,70,multi_enable,560,0,200,1960.346,15.476735685000001
2026-10-03 01:12:19,20107.853,70,multi_enable,560,0,200,1962.458,15.182613915
2026-10-03 01:12:21,20109.953,70,multi_enable,560,0,200,1964.55,15.312401440000002
2026-10-03 01:12:23,20112.052,70,multi_enable,560,0,200,1966.657,15.238236814999997
2026-10-03 01:12:25,20114.154,70,multi_enable,560,0,200,1968.76,15.141093784999995
2026-10-03 01:12:28,20116.251,70,multi_enable,560,0,200,1970.848,15.344570715000001
2026-10-03 01:12:30,20118.351,70,multi_enable,560,0,200,1972.952,15.29592039
2026-10-03 01:12:32,20120.451,70,multi_enable,560,0,200,1975.057,15.062650860000002
2026-10-03 01:12:34,20122.551,70,multi_enable,560,0,200,1977.146,15.594162424999999
2026-10-03 01:12:36,20124.652,70,multi_enable,560,0,200,1979.249,15.41936918
2026-10-03 01:12:38,20126.751,70,multi_enable,560,0,200,1981.355,15.380702024999998
2026-10-03 01:12:40,20128.852,70,multi_enable,560,0,200,1983.446,15.243148949999998
2026-10-03 01:12:42,20130.952,70,multi_enable,560,0,200,1985.55,15.236493659999997
2026-10-03 01:12:44,20133.051,70,multi_enable,560,0,200,1987.654,15.530298705000003
2026-10-03 01:12:46,20135.15,70,multi_enable,560,0,200,1989.756,15.427450880000002
2026-10-03 01:12:49,20137.25,70,multi_enable,560,0,200,1991.849,15.248220885000002
2026-10-03 01:12:51,20139.35,70,multi_enable,560,0,200,1993.954,15.34013371
2026-10-03 01:12:53,20141.45,70,multi_enable,560,0,200,1996.045,15.413347340000003
2026-10-03 01:12:55,20143.55,70,multi_enable,560,0,200,1998.15,15.277696025
2026-10-03 01:12:57,20145.65,70,multi_enable,560,0,200,2000.255,15.341084975
2026-10-03 01:12:59,20147.749,70,multi_enable,560,0,200,2002.348,15.364063109999998
2026-10-03 01:13:01,20149.848,70,multi_enable,560,0,200,2004.454,15.68781868
2026-10-03 01:13:03,20151.951,70,multi_enable,560,0,200,2006.551,15.366123329999999
2026-10-03 01:13:05,20154.05,70,multi_enable,560,0,200,2008.658,15.160744635
2026-10-03 01:13:07,20156.151,70,multi_enable,560,0,200,2010.758,15.498604865000004
2026-10-03 01:13:10,20158.249,70,multi_enable,560,0,200,2012.856,15.262324470000001
2026-10-03 01:13:12,20160.348,70,multi_enable,560,0,200,2014.949,15.462473130000001
2026-10-03 01:13:14,20162.449,70,multi_enable,560,0,200,2017.055,15.242674345
2026-10-03 01:13:16,20164.548,70,multi_enable,560,0,200,2019.146,15.407325845
2026-10-03 01:13:18,20166.649,70,multi_enable,560,0,200,2021.249,15.408434954999999
2026-10-03 01:13:20,20168.746,70,multi_enable,560,0,200,2023.353,15.3198496
2026-10-03 01:13:22,20170.846,70,multi_enable,560,0,200,2025.441,15.222072780000001
2026-10-03 01:13:24,20172.948,70,multi_enable,560,0,200,2027.548,15.596064054999998
2026-10-03 01:13:26,20175.048,70,multi_enable,560,0,200,2029.654,15.281657635000002
2026-10-03 01:13:28,20177.147,70,multi_enable,560,0,200,2031.746,15.322385035
2026-10-03 01:13:31,20179.248,70,multi_enable,560,0,200,2033.848,15.33553782
2026-10-03 01:13:33,20181.348,70,multi_enable,560,0,200,2035.954,15.374680375
2026-10-03 01:13:35,20183.448,70,multi_enable,560,0,200,2038.042,15.459620659999997
2026-10-03 01:13:37,20185.547,70,multi_enable,560,0,200,2040.144,15.184832470000002
2026-10-03 01:13:39,20187.647,70,multi_enable,560,0,200,2042.249,15.43204719
2026-10-03 01:13:41,20189.747,70,multi_enable,560,0,200,2044.344,15.312718460000003
2026-10-03 01:13:43,20191.849,70,multi_enable,560,0,200,2046.449,15.119066935
2026-10-03 01:13:45,20193.949,70,multi_enable,560,0,200,2048.551,15.091334610000004
2026-10-03 01:13:47,20196.047,70,multi_enable,560,0,200,2050.655,15.240455695000001
2026-10-03 01:13:49,20198.147,70,multi_enable,560,0,200,2052.745,15.55486187
2026-10-03 01:13:52,20200.247,70,multi_enable,560,0,200,2054.853,15.483074320000002
2026-10-03 01:13:54,20202.347,70,multi_enable,560,0,200,2056.945,15.246002695000001
2026-10-03 01:13:56,20204.447,70,multi_enable,560,0,200,2059.045,15.286887530000001
2026-10-03 01:13:58,20206.546,70,multi_enable,560,0,200,2061.141,15.38181179
2026-10-03 01:14:00,20208.646,70,multi_enable,560,0,200,2063.243,15.148066815
2026-10-03 01:14:02,20210.746,70,multi_enable,560,0,200,2065.344,15.300040455000001
2026-10-03 01:14:04,20212.847,70,multi_enable,560,0,200,2067.441,15.342986535
2026-10-03 01:14:06,20214.947,70,multi_enable,560,0,200,2069.55,15.484500765000002
2026-10-03 01:14:08,20217.043,70,multi_enable,560,0,200,2071.641,15.216050860000001
2026-10-03 01:14:10,20219.144,70,multi_enable,560,0,200,2073.744,15.26406743
2026-10-03 01:14:13,20221.246,70,multi_enable,560,0,200,2075.845,15.439019955
2026-10-03 01:14:15,20223.345,70,multi_enable,560,0,200,2077.951,15.213040130000003
2026-10-03 01:14:17,20225.445,70,multi_enable,560,0,200,2080.051,15.303527609999998
2026-10-03 01:14:19,20227.545,70,multi_enable,560,0,200,2082.151,15.14061866
2026-10-03 01:14:21,20229.645,70,multi_enable,560,0,200,2084.241,15.550424635
2026-10-03 01:14:23,20231.745,70,multi_enable,560,0,200,2086.348,15.396549555
2026-10-03 01:14:25,20233.846,70,multi_enable,560,0,200,2088.453,15.369134400000002
2026-10-03 01:14:27,20235.946,70,multi_enable,560,0,200,2090.541,15.347898274999999
2026-10-03 01:14:29,20238.045,70,multi_enable,560,0,200,2092.644,15.33648889
2026-10-03 01:14:31,20240.144,70,multi_enable,560,0,200,2094.749,15.324920560000002
2026-10-03 01:14:34,20242.244,70,multi_enable,560,0,200,2096.851,15.296712710000001
2026-10-03 01:14:36,20244.342,70,multi_enable,560,0,200,2098.95,15.449002989999999
2026-10-03 01:14:38,20246.442,70,multi_enable,560,0,200,2101.041,15.702715179999997
2026-10-03 01:14:40,20248.544,70,multi_enable,560,0,200,2103.148,15.483233235
2026-10-03 01:14:42,20250.644,70,multi_enable,560,0,200,2105.238,15.143154055000002
2026-10-03 01:14:44,20252.743,70,multi_enable,560,0,200,2107.341,15.56389457
2026-10-03 01:14:46,20254.845,70,multi_enable,560,0,200,2109.45,15.299723339999998
2026-10-03 01:14:48,20256.946,70,multi_enable,560,0,200,2111.553,15.369450999999998
2026-10-03 01:14:50,20259.043,70,multi_enable,560,0,200,2113.645,15.172154509999999
2026-10-03 01:14:52,20261.143,70,multi_enable,560,0,200,2115.749,15.283084570000003
2026-10-03 01:14:55,20263.239,70,multi_enable,560,0,200,2117.84,15.40241297
2026-10-03 01:14:57,20265.343,70,multi_enable,560,0,200,2119.947,15.445992255000002
2026-10-03 01:14:59,20267.441,70,multi_enable,560,0,200,2122.048,15.533467844999999
2026-10-03 01:15:01,20269.542,70,multi_enable,560,0,200,2124.138,15.325554135000003
2026-10-03 01:15:03,20271.643,70,multi_enable,560,0,200,2126.249,15.256461080000003
2026-10-03 01:15:05,20273.742,70,multi_enable,560,0,200,2128.338,15.334745819999998
2026-10-03 01:15:07,20275.844,70,multi_enable,560,0,200,2130.445,15.262007854999998
2026-10-03 01:15:09,20277.943,70,multi_enable,560,0,200,2132.545,15.438703035000001
2026-10-03 01:15:11,20280.042,70,multi_enable,560,0,200,2134.641,15.118274980000002
2026-10-03 01:15:13,20282.142,70,multi_enable,560,0,200,2136.736,15.4333144
2026-10-03 01:15:16,20284.242,70,multi_enable,560,0,200,2138.841,15.35312863
2026-10-03 01:15:18,20286.341,70,multi_enable,560,0,200,2140.941,15.224449985000003
2026-10-03 01:15:20,20288.441,70,multi_enable,560,0,200,2143.045,15.499713964999998
2026-10-03 01:15:22,20290.542,70,multi_enable,560,0,200,2145.138,15.255985640000002
2026-10-03 01:15:24,20292.641,70,multi_enable,560,0,200,2147.242,15.391794955
2026-10-03 01:15:26,20294.739,70,multi_enable,560,0,200,2149.344,15.217952485
2026-10-03 01:15:28,20296.842,70,multi_enable,560,0,200,2151.438,15.197985389999998
2026-10-03 01:15:30,20298.938,70,multi_enable,560,0,200,2153.537,15.271832979999997
2026-10-03 01:15:32,20301.042,70,multi_enable,560,0,200,2155.639,15.370560485
2026-10-03 01:15:34,20303.141,70,multi_enable,560,0,200,2157.745,15.410177874999997
2026-10-03 01:15:36,20305.238,70,multi_enable,560,0,200,2159.835,15.424123725
2026-10-03 01:15:39,20307.34,70,multi_enable,560,0,200,2161.934,15.30257608
2026-10-03 01:15:41,20309.44,70,multi_enable,560,0,200,2164.035,15.312718039999998
2026-10-03 01:15:43,20311.54,70,multi_enable,560,0,200,2166.135,15.39813415
2026-10-03 01:15:45,20313.641,70,multi_enable,560,0,200,2168.24,15.258362890000003
2026-10-03 01:15:47,20315.739,70,multi_enable,560,0,200,2170.34,15.367073835000003
2026-10-03 01:15:49,20317.84,70,multi_enable,560,0,200,2172.44,15.287521339999998
2026-10-03 01:15:51,20319.94,70,multi_enable,560,0,200,2174.538,15.263116675
2026-10-03 01:15:53,20322.04,70,multi_enable,560,0,200,2176.645,15.303368684999995
2026-10-03 01:15:55,20324.139,70,multi_enable,560,0,200,2178.734,15.240614339999997
2026-10-03 01:15:58,20326.239,70,multi_enable,560,0,200,2180.841,15.209553625
2026-10-03 01:16:00,20328.337,70,multi_enable,560,0,200,2182.94,15.388467064999999
2026-10-03 01:16:02,20330.44,70,multi_enable,560,0,200,2185.034,15.54218447
2026-10-03 01:16:04,20332.539,70,multi_enable,560,0,200,2187.135,15.417150175
2026-10-03 01:16:06,20334.637,70,multi_enable,560,0,200,2189.24,15.238078365
2026-10-03 01:16:08,20336.737,70,multi_enable,560,0,200,2191.331,15.34837419
2026-10-03 01:16:10,20338.84,70,multi_enable,560,0,200,2193.438,15.194498890000002
2026-10-03 01:16:12,20340.937,70,multi_enable,560,0,200,2195.542,15.282133035000001
2026-10-03 01:16:14,20343.039,70,multi_enable,560,0,200,2197.646,15.412238084999998
2026-10-03 01:16:16,20345.138,70,multi_enable,560,0,200,2199.737,15.46183973
2026-10-03 01:16:19,20347.238,70,multi_enable,560,0,200,2201.841,15.424281965
2026-10-03 01:16:21,20349.339,70,multi_enable,560,0,200,2203.946,15.440920875
2026-10-03 01:16:23,20351.438,70,multi_enable,560,0,200,2206.039,15.175958164999999
2026-10-03 01:16:25,20353.539,70,multi_enable,560,0,200,2208.146,15.467544554999998
2026-10-03 01:16:27,20355.636,70,multi_enable,560,0,200,2210.234,15.40669155
2026-10-03 01:16:29,20357.737,70,multi_enable,560,0,200,2212.337,15.41524893
2026-10-03 01:16:31,20359.839,70,multi_enable,560,0,200,2214.441,15.369925969999999
2026-10-03 01:16:33,20361.939,70,multi_enable,560,0,200,2216.544,15.58639737
2026-10-03 01:16:35,20364.037,70,multi_enable,560,0,200,2218.635,15.434581835000003
2026-10-03 01:16:37,20366.137,70,multi_enable,560,0,200,2220.744,15.344729179999998
2026-10-03 01:16:39,20368.237,70,multi_enable,560,0,200,2222.834,15.245685214999998
2026-10-03 01:16:42,20370.337,70,multi_enable,560,0,200,2224.938,15.473407420000001
2026-10-03 01:16:44,20372.437,70,multi_enable,560,0,200,2227.044,15.644081115
2026-10-03 01:16:46,20374.536,70,multi_enable,560,0,200,2229.135,15.327297430000003
2026-10-03 01:16:48,20376.637,70,multi_enable,560,0,200,2231.236,15.25867944
2026-10-03 01:16:50,20378.737,70,multi_enable,560,0,200,2233.342,15.500347685000003
2026-10-03 01:16:52,20380.838,70,multi_enable,560,0,200,2235.435,15.290056850000001
2026-10-03 01:16:54,20382.938,70,multi_enable,560,0,200,2237.539,15.495118450000001
2026-10-03 01:16:56,20385.036,70,multi_enable,560,0,200,2239.635,15.181028755000002
2026-10-03 01:16:58,20387.136,70,multi_enable,560,0,200,2241.73,15.175323885
2026-10-03 01:17:00,20389.236,70,multi_enable,560,0,200,2243.836,15.259947584999999
2026-10-03 01:17:03,20391.337,70,multi_enable,560,0,200,2245.94,15.316362870000003
2026-10-03 01:17:05,20393.436,70,multi_enable,560,0,200,2248.031,15.34821545
2026-10-03 01:17:07,20395.535,70,multi_enable,560,0,200,2250.135,15.194816225
2026-10-03 01:17:09,20397.633,70,multi_enable,560,0,200,2252.236,15.211772275000001
2026-10-03 01:17:11,20399.735,70,multi_enable,560,0,200,2254.339,15.441555200000002
2026-10-03 01:17:13,20401.836,70,multi_enable,560,0,200,2256.433,15.349166330000001
2026-10-03 01:17:15,20403.933,70,multi_enable,560,0,200,2258.535,15.505102089999998
2026-10-03 01:17:17,20406.035,70,multi_enable,560,0,200,2260.64,15.515720095
2026-10-03 01:17:19,20408.132,70,multi_enable,560,0,200,2262.734,15.447734989999999
2026-10-03 01:17:21,20410.235,70,multi_enable,560,0,200,2264.825,15.273417385000002
2026-10-03 01:17:24,20412.335,70,multi_enable,560,0,200,2266.932,15.381335745000001
2026-10-03 01:17:26,20414.434,70,multi_enable,560,0,200,2269.037,15.176591605
2026-10-03 01:17:28,20416.536,70,multi_enable,560,0,200,2271.142,15.356773555
2026-10-03 01:17:30,20418.634,70,multi_enable,560,0,200,2273.23,15.2547177
2026-10-03 01:17:32,20420.734,70,multi_enable,560,0,200,2275.335,15.444090959999999
2026-10-03 01:17:34,20422.832,70,multi_enable,560,0,200,2277.44,15.12080973
2026-10-03 01:17:36,20424.934,70,multi_enable,560,0,200,2279.529,15.519522875000002
2026-10-03 01:17:38,20427.032,70,multi_enable,560,0,200,2281.631,15.365330464999998
2026-10-03 01:17:40,20429.133,70,multi_enable,560,0,200,2283.738,15.287204504999998
2026-10-03 01:17:42,20431.233,70,multi_enable,560,0,200,2285.833,15.19370638
2026-10-03 01:17:45,20433.331,70,multi_enable,560,0,200,2287.93,15.47277378
2026-10-03 01:17:47,20435.434,70,multi_enable,560,0,200,2290.026,15.32444549
2026-10-03 01:17:49,20437.533,70,multi_enable,560,0,200,2292.134,15.341401094999998
2026-10-03 01:17:51,20439.633,70,multi_enable,560,0,200,2294.233,15.25978899
2026-10-03 01:17:53,20441.732,70,multi_enable,560,0,200,2296.34,15.160269195000001
2026-10-03 01:17:55,20443.833,70,multi_enable,560,0,200,2298.437,15.690671275000001
2026-10-03 01:17:57,20445.933,70,multi_enable,560,0,200,2300.528,15.245050845
2026-10-03 01:17:59,20448.032,70,multi_enable,560,0,200,2302.63,15.140935594999998
2026-10-03 01:18:01,20450.132,70,multi_enable,560,0,200,2304.739,15.312718040000002
2026-10-03 01:18:03,20452.232,70,multi_enable,560,0,200,2306.832,15.456926919999999
2026-10-03 01:18:06,20454.332,70,multi_enable,560,0,200,2308.937,15.192914195
2026-10-03 01:18:08,20456.432,70,multi_enable,560,0,200,2311.03,15.239187570000002
2026-10-03 01:18:10,20458.532,70,multi_enable,560,0,200,2313.131,15.490047400000002
2026-10-03 01:18:12,20460.632,70,multi_enable,560,0,200,2315.238,15.151870200000001
2026-10-03 01:18:14,20462.731,70,multi_enable,560,0,200,2317.325,15.394964155000002
2026-10-03 01:18:16,20464.833,70,multi_enable,560,0,200,2319.428,15.436008615000002
2026-10-03 01:18:18,20466.933,70,multi_enable,560,0,200,2321.534,15.104487260000003
2026-10-03 01:18:20,20469.031,70,multi_enable,560,0,200,2323.635,15.014951670000002
2026-10-03 01:18:22,20471.131,70,multi_enable,560,0,200,2325.736,15.257094840000002
2026-10-03 01:18:24,20473.229,70,multi_enable,560,0,200,2327.825,15.476577084999999
2026-10-03 01:18:27,20475.331,70,multi_enable,560,0,200,2329.926,15.211297004999999
2026-10-03 01:18:29,20477.431,70,multi_enable,560,0,200,2332.033,15.032700449999997
2026-10-03 01:18:31,20479.53,70,multi_enable,560,0,200,2334.126,15.42634149
2026-10-03 01:18:33,20481.631,70,multi_enable,560,0,200,2336.231,15.54424413
2026-10-03 01:18:35,20483.73,70,multi_enable,560,0,200,2338.333,15.237444545
2026-10-03 01:18:37,20485.832,70,multi_enable,560,0,200,2340.435,15.362319775
2026-10-03 01:18:39,20487.933,70,multi_enable,560,0,200,2342.54,15.175799559999998
2026-10-03 01:18:41,20490.03,70,multi_enable,560,0,200,2344.63,15.282925685
2026-10-03 01:18:43,20492.13,70,multi_enable,560,0,200,2346.735,15.239504909999997
2026-10-03 01:18:45,20494.231,70,multi_enable,560,0,200,2348.831,15.257729450000001
2026-10-03 01:18:48,20496.332,70,multi_enable,560,0,200,2350.938,15.026202430000001
2026-10-03 01:18:50,20498.43,70,multi_enable,560,0,200,2353.03,15.271674319999997
2026-10-03 01:18:52,20500.529,70,multi_enable,560,0,200,2355.124,15.502249500000001
2026-10-03 01:18:54,20502.629,70,multi_enable,560,0,200,2357.223,15.339975529999998
2026-10-03 01:18:56,20504.73,70,multi_enable,560,0,200,2359.335,15.4523313
2026-10-03 01:18:58,20506.83,70,multi_enable,560,0,200,2361.427,15.48148962
2026-10-03 01:19:00,20508.927,70,multi_enable,560,0,200,2363.53,15.485451459999998
2026-10-03 01:19:02,20511.03,70,multi_enable,560,0,200,2365.631,15.321909305
2026-10-03 01:19:04,20513.13,70,multi_enable,560,0,200,2367.737,15.096881185000003
2026-10-03 01:19:06,20515.228,70,multi_enable,560,0,200,2369.826,15.25551034
2026-10-03 01:19:09,20517.327,70,multi_enable,560,0,200,2371.931,15.13507301
2026-10-03 01:19:11,20519.426,70,multi_enable,560,0,200,2374.034,15.551850624999997
2026-10-03 01:19:13,20521.528,70,multi_enable,560,0,200,2376.123,15.309706825
2026-10-03 01:19:15,20523.628,70,multi_enable,560,0,200,2378.23,15.649469290000003
2026-10-03 01:19:17,20525.728,70,multi_enable,560,0,200,2380.331,15.370718730000002
2026-10-03 01:19:19,20527.829,70,multi_enable,560,0,200,2382.436,15.41667487
2026-10-03 01:19:21,20529.929,70,multi_enable,560,0,200,2384.526,15.654698580000002
2026-10-03 01:19:23,20532.027,70,multi_enable,560,0,200,2386.631,15.478954274999998
2026-10-03 01:19:25,20534.13,70,multi_enable,560,0,200,2388.736,15.218586185000003
2026-10-03 01:19:27,20536.228,70,multi_enable,560,0,200,2390.827,15.348216145
2026-10-03 01:19:30,20538.327,70,multi_enable,560,0,200,2392.93,15.409544165
2026-10-03 01:19:32,20540.427,70,multi_enable,560,0,200,2395.029,15.14030164
2026-10-03 01:19:34,20542.528,70,multi_enable,560,0,200,2397.135,15.408276384999999
2026-10-03 01:19:36,20544.627,70,multi_enable,560,0,200,2399.226,15.378959530000003
2026-10-03 01:19:38,20546.727,70,multi_enable,560,0,200,2401.321,15.539173174999998
2026-10-03 01:19:40,20548.828,70,multi_enable,560,0,200,2403.429,15.185624785
2026-10-03 01:19:42,20550.925,70,multi_enable,560,0,200,2405.53,15.128258105
2026-10-03 01:19:44,20553.026,70,multi_enable,560,0,200,2407.624,15.455659485
2026-10-03 01:19:46,20555.126,70,multi_enable,560,0,200,2409.729,15.348533035
2026-10-03 01:19:48,20557.226,70,multi_enable,560,0,200,2411.832,15.268029519999999
2026-10-03 01:19:51,20559.326,70,multi_enable,560,0,200,2413.922,15.13443822
2026-10-03 01:19:53,20561.426,70,multi_enable,560,0,200,2416.027,15.30479514
2026-10-03 01:19:55,20563.526,70,multi_enable,560,0,200,2418.12,15.408117189999997
2026-10-03 01:19:57,20565.625,70,multi_enable,560,0,200,2420.22,15.330625520000002
2026-10-03 01:19:59,20567.724,70,multi_enable,560,0,200,2422.33,15.316680310000002
2026-10-03 01:20:01,20569.824,70,multi_enable,560,0,200,2424.425,15.426500644999999
2026-10-03 01:20:03,20571.927,70,multi_enable,560,0,200,2426.526,15.366756729999997
2026-10-03 01:20:05,20574.023,70,multi_enable,560,0,200,2428.625,15.303527230000002
2026-10-03 01:20:07,20576.125,70,multi_enable,560,0,200,2430.722,15.215575410000001
2026-10-03 01:20:09,20578.223,70,multi_enable,560,0,200,2432.831,15.677993655
2026-10-03 01:20:12,20580.324,70,multi_enable,560,0,200,2434.925,15.059323659999999
2026-10-03 01:20:14,20582.425,70,multi_enable,560,0,200,2437.031,15.269772430000003
2026-10-03 01:20:16,20584.524,70,multi_enable,560,0,200,2439.121,15.193231025000003
2026-10-03 01:20:18,20586.625,70,multi_enable,560,0,200,2441.229,15.127782654999999
2026-10-03 01:20:20,20588.725,70,multi_enable,560,0,200,2443.319,15.416674644999999
2026-10-03 01:20:22,20590.826,70,multi_enable,560,0,200,2445.421,15.207652195
2026-10-03 01:20:24,20592.926,70,multi_enable,560,0,200,2447.521,15.30273469
2026-10-03 01:20:26,20595.024,70,multi_enable,560,0,200,2449.627,15.310182789999997
2026-10-03 01:20:28,20597.124,70,multi_enable,560,0,200,2451.731,15.143312935
2026-10-03 01:20:30,20599.221,70,multi_enable,560,0,200,2453.824,15.424757269999997
2026-10-03 01:20:33,20601.324,70,multi_enable,560,0,200,2455.916,15.345045930000005
2026-10-03 01:20:35,20603.421,70,multi_enable,560,0,200,2458.023,15.175640870000002
2026-10-03 01:20:37,20605.523,70,multi_enable,560,0,200,2460.129,15.193865165
2026-10-03 01:20:39,20607.623,70,multi_enable,560,0,200,2462.229,15.380068694999999
2026-10-03 01:20:41,20609.723,70,multi_enable,560,0,200,2464.318,15.296395969999997
2026-10-03 01:20:43,20611.825,70,multi_enable,560,0,200,2466.422,15.38751639
2026-10-03 01:20:45,20613.925,70,multi_enable,560,0,200,2468.527,15.394014270000001
2026-10-03 01:20:47,20616.023,70,multi_enable,560,0,200,2470.631,15.129684055
2026-10-03 01:20:49,20618.123,70,multi_enable,560,0,200,2472.721,15.271357359999998
2026-10-03 01:20:51,20620.22,70,multi_enable,560,0,200,2474.825,15.416674975
2026-10-03 01:20:54,20622.323,70,multi_enable,560,0,200,2476.916,15.360418000000001
2026-10-03 01:20:56,20624.422,70,multi_enable,560,0,200,2479.024,15.033968079999998
2026-10-03 01:20:58,20626.522,70,multi_enable,560,0,200,2481.121,15.316204534999999
2026-10-03 01:21:00,20628.622,70,multi_enable,560,0,200,2483.218,15.311450465000002
2026-10-03 01:21:02,20630.722,70,multi_enable,560,0,200,2485.324,15.360893070000001
2026-10-03 01:21:04,20632.824,70,multi_enable,560,0,200,2487.42,15.241723125
2026-10-03 01:21:06,20634.922,70,multi_enable,560,0,200,2489.525,15.516036609999997
2026-10-03 01:21:08,20637.019,70,multi_enable,560,0,200,2491.627,15.402887904999998
2026-10-03 01:21:10,20639.12,70,multi_enable,560,0,200,2493.717,15.294652575
2026-10-03 01:21:12,20641.219,70,multi_enable,560,0,200,2495.82,15.482282085000003
2026-10-03 01:21:15,20643.321,70,multi_enable,560,0,200,2497.925,15.213832625000002
2026-10-03 01:21:17,20645.421,70,multi_enable,560,0,200,2500.018,15.234274845000002
2026-10-03 01:21:19,20647.52,70,multi_enable,560,0,200,2502.122,15.285778235
2026-10-03 01:21:21,20649.621,70,multi_enable,560,0,200,2504.228,15.279914624999998
2026-10-03 01:21:23,20651.719,70,multi_enable,560,0,200,2506.32,15.495276959999998
2026-10-03 01:21:25,20653.822,70,multi_enable,560,0,200,2508.424,15.220805065
2026-10-03 01:21:27,20655.921,70,multi_enable,560,0,200,2510.527,15.384664205
2026-10-03 01:21:29,20658.02,70,multi_enable,560,0,200,2512.615,15.23062997
2026-10-03 01:21:31,20660.118,70,multi_enable,560,0,200,2514.72,15.555179169999999
2026-10-03 01:21:33,20662.22,70,multi_enable,560,0,200,2516.826,15.222073250000001
2026-10-03 01:21:36,20664.318,70,multi_enable,560,0,200,2518.918,15.41699223
2026-10-03 01:21:38,20666.42,70,multi_enable,560,0,200,2521.025,15.299565025
2026-10-03 01:21:40,20668.519,70,multi_enable,560,0,200,2523.113,15.199412254999999
2026-10-03 01:21:42,20670.62,70,multi_enable,560,0,200,2525.219,15.464058045000002
2026-10-03 01:21:44,20672.719,70,multi_enable,560,0,200,2527.324,15.462473025000001
2026-10-03 01:21:46,20674.821,70,multi_enable,560,0,200,2529.413,15.365806414999998
2026-10-03 01:21:48,20676.921,70,multi_enable,560,0,200,2531.52,15.402095809999997
2026-10-03 01:21:50,20679.017,70,multi_enable,560,0,200,2533.623,15.445833735
2026-10-03 01:21:52,20681.119,70,multi_enable,560,0,200,2535.725,15.472457380000002
2026-10-03 01:21:54,20683.219,70,multi_enable,560,0,200,2537.821,15.61825071
2026-10-03 01:21:57,20685.32,70,multi_enable,560,0,200,2539.927,15.433947885000002
2026-10-03 01:21:59,20687.419,70,multi_enable,560,0,200,2542.019,15.283083999999999
2026-10-03 01:22:01,20689.518,70,multi_enable,560,0,200,2544.122,15.192280334999998
2026-10-03 01:22:03,20691.618,70,multi_enable,560,0,200,2546.22,15.307013604999998
2026-10-03 01:22:05,20693.716,70,multi_enable,560,0,200,2548.313,15.406849845000004
2026-10-03 01:22:07,20695.82,70,multi_enable,560,0,200,2550.414,15.28118258
2026-10-03 01:22:09,20697.917,70,multi_enable,560,0,200,2552.518,15.429828314999996
2026-10-03 01:22:11,20700.018,70,multi_enable,560,0,200,2554.622,15.47309044
2026-10-03 01:22:13,20702.119,70,multi_enable,560,0,200,2556.712,15.355822544999999
2026-10-03 01:22:15,20704.218,70,multi_enable,560,0,200,2558.817,15.365013860000001
2026-10-03 01:22:18,20706.316,70,multi_enable,560,0,200,2560.921,15.406374684999998
2026-10-03 01:22:20,20708.415,70,multi_enable,560,0,200,2563.014,15.33427004
2026-10-03 01:22:22,20710.519,70,multi_enable,560,0,200,2565.119,15.344412570000003
2026-10-03 01:22:24,20712.617,70,multi_enable,560,0,200,2567.223,15.33030862
2026-10-03 01:22:26,20714.717,70,multi_enable,560,0,200,2569.314,15.496861509999997
2026-10-03 01:22:28,20716.819,70,multi_enable,560,0,200,2571.424,15.544244265000003
2026-10-03 01:22:30,20718.918,70,multi_enable,560,0,200,2573.515,15.209712084999998
2026-10-03 01:22:32,20721.017,70,multi_enable,560,0,200,2575.624,15.484976165
2026-10-03 01:22:34,20723.117,70,multi_enable,560,0,200,2577.71,15.483074165000003
2026-10-03 01:22:36,20725.217,70,multi_enable,560,0,200,2579.815,15.372144530000002
2026-10-03 01:22:39,20727.316,70,multi_enable,560,0,200,2581.923,15.357882950000002
2026-10-03 01:22:41,20729.416,70,multi_enable,560,0,200,2584.012,15.290373655
2026-10-03 01:22:43,20731.514,70,multi_enable,560,0,200,2586.12,15.444248909999995
2026-10-03 01:22:45,20733.616,70,multi_enable,560,0,200,2588.215,15.399876599999997
2026-10-03 01:22:47,20735.716,70,multi_enable,560,0,200,2590.314,15.352494409999997
2026-10-03 01:22:49,20737.817,70,multi_enable,560,0,200,2592.423,15.265335375
2026-10-03 01:22:51,20739.914,70,multi_enable,560,0,200,2594.515,15.28799739
2026-10-03 01:22:53,20742.016,70,multi_enable,560,0,200,2596.62,15.38513959
2026-10-03 01:22:55,20744.113,70,multi_enable,560,0,200,2598.71,15.512549694999999
2026-10-03 01:22:57,20746.215,70,multi_enable,560,0,200,2600.81,15.232690599999998
2026-10-03 01:23:00,20748.315,70,multi_enable,560,0,200,2602.91,15.254559415
2026-10-03 01:23:02,20750.415,70,multi_enable,560,0,200,2605.015,15.334904375000002
2026-10-03 01:23:04,20752.515,70,multi_enable,560,0,200,2607.116,15.579266420000002
2026-10-03 01:23:06,20754.612,70,multi_enable,560,0,200,2609.216,15.448369374999999
2026-10-03 01:23:08,20756.714,70,multi_enable,560,0,200,2611.319,15.236969435000002
2026-10-03 01:23:10,20758.813,70,multi_enable,560,0,200,2613.41,15.41968565
2026-10-03 01:23:12,20760.913,70,multi_enable,560,0,200,2615.514,15.34298607
2026-10-03 01:23:14,20763.014,70,multi_enable,560,0,200,2617.621,15.295603115000004
2026-10-03 01:23:16,20765.113,70,multi_enable,560,0,200,2619.71,15.119066824999999
2026-10-03 01:23:18,20767.214,70,multi_enable,560,0,200,2621.814,15.2280947
2026-10-03 01:23:21,20769.314,70,multi_enable,560,0,200,2623.92,15.286254184999997
2026-10-03 01:23:23,20771.414,70,multi_enable,560,0,200,2626.011,15.511757329999996
2026-10-03 01:23:25,20773.512,70,multi_enable,560,0,200,2628.118,15.549948999999998
2026-10-03 01:23:27,20775.614,70,multi_enable,560,0,200,2630.206,15.3948057
2026-10-03 01:23:29,20777.712,70,multi_enable,560,0,200,2632.311,15.469763049999997
2026-10-03 01:23:31,20779.812,70,multi_enable,560,0,200,2634.42,15.310499690000002
2026-10-03 01:23:33,20781.911,70,multi_enable,560,0,200,2636.505,15.118908414999998
2026-10-03 01:23:35,20784.011,70,multi_enable,560,0,200,2638.608,15.447577040000002
2026-10-03 01:23:37,20786.111,70,multi_enable,560,0,200,2640.718,15.275794555
2026-10-03 01:23:39,20788.213,70,multi_enable,560,0,200,2642.819,15.265811059999999
2026-10-03 01:23:42,20790.313,70,multi_enable,560,0,200,2644.915,15.204165359999998
2026-10-03 01:23:44,20792.413,70,multi_enable,560,0,200,2647.02,15.066612795
2026-10-03 01:23:46,20794.512,70,multi_enable,560,0,200,2649.115,15.06360183
2026-10-03 01:23:48,20796.611,70,multi_enable,560,0,200,2651.221,15.430461850000002
2026-10-03 01:23:50,20798.711,70,multi_enable,560,0,200,2653.305,15.284827155000004
2026-10-03 01:23:52,20800.813,70,multi_enable,560,0,200,2655.408,15.326188410000002
2026-10-03 01:23:54,20802.91,70,multi_enable,560,0,200,2657.51,15.389735059999998
2026-10-03 01:23:56,20805.01,70,multi_enable,560,0,200,2659.612,15.415407299999998
2026-10-03 01:23:58,20807.111,70,multi_enable,560,0,200,2661.704,15.318423179999998
2026-10-03 01:24:00,20809.21,70,multi_enable,560,0,200,2663.811,15.439653450000002
2026-10-03 01:24:03,20811.31,70,multi_enable,560,0,200,2665.915,15.31858161
2026-10-03 01:24:05,20813.409,70,multi_enable,560,0,200,2668.004,15.365647515000001
2026-10-03 01:24:07,20815.511,70,multi_enable,560,0,200,2670.11,15.151870064999999
2026-10-03 01:24:09,20817.611,70,multi_enable,560,0,200,2672.216,15.103695125
2026-10-03 01:24:11,20819.709,70,multi_enable,560,0,200,2674.309,15.300832600000003
2026-10-03 01:24:13,20821.81,70,multi_enable,560,0,200,2676.412,15.303844165000003
2026-10-03 01:24:15,20823.909,70,multi_enable,560,0,200,2678.515,15.579741535000002
2026-10-03 01:24:17,20826.011,70,multi_enable,560,0,200,2680.606,15.50288288
2026-10-03 01:24:19,20828.11,70,multi_enable,560,0,200,2682.709,15.2014712
2026-10-03 01:24:21,20830.208,70,multi_enable,560,0,200,2684.818,15.465167074999998
2026-10-03 01:24:24,20832.311,70,multi_enable,560,0,200,2686.91,15.470555705000002
2026-10-03 01:24:26,20834.408,70,multi_enable,560,0,200,2689.016,15.390210515000003
2026-10-03 01:24:28,20836.508,70,multi_enable,560,0,200,2691.103,15.647567020000002
2026-10-03 01:24:30,20838.608,70,multi_enable,560,0,200,2693.21,15.438543675
2026-10-03 01:24:32,20840.709,70,multi_enable,560,0,200,2695.314,15.270248160000003
2026-10-03 01:24:34,20842.811,70,multi_enable,560,0,200,2697.414,15.576572535
2026-10-03 01:24:36,20844.908,70,multi_enable,560,0,200,2699.506,15.374205074999997
2026-10-03 01:24:40,20849.134,70,multi_enable,560,1,500,0.0,38.54945804999999
2026-10-03 01:24:42,20851.232,70,multi_enable,560,1,500,2.1,38.30826618500001
2026-10-03 01:24:45,20853.327,70,multi_enable,560,1,500,4.192,38.852137885000005
2026-10-03 01:24:47,20855.423,70,multi_enable,560,1,500,6.29,38.687487135
2026-10-03 01:24:49,20857.52,70,multi_enable,560,1,500,8.387,38.480206945
2026-10-03 01:24:51,20859.623,70,multi_enable,560,1,500,10.492,39.147686765
2026-10-03 01:24:53,20861.731,70,multi_enable,560,1,500,12.596,38.62409907999999
2026-10-03 01:24:55,20863.835,70,multi_enable,560,1,500,14.702,38.29558846000001
2026-10-03 01:24:57,20865.938,70,multi_enable,560,1,500,16.805,38.70016485499999
2026-10-03 01:24:59,20868.041,70,multi_enable,560,1,500,18.911,38.559442375
2026-10-03 01:25:01,20870.141,70,multi_enable,560,1,500,21.012,38.164533685
2026-10-03 01:25:03,20872.237,70,multi_enable,560,1,500,23.104,39.141505965
2026-10-03 01:25:06,20874.339,70,multi_enable,560,1,500,25.206,38.902214924999996
2026-10-03 01:25:08,20876.434,70,multi_enable,560,1,500,27.301,38.312544125
2026-10-03 01:25:10,20878.541,70,multi_enable,560,1,500,29.407,38.430923050000004
2026-10-03 01:25:12,20880.64,70,multi_enable,560,1,500,31.514,38.521726985
2026-10-03 01:25:14,20882.736,70,multi_enable,560,1,500,33.602,38.7190234
2026-10-03 01:25:16,20884.837,70,multi_enable,560,1,500,35.704,38.77464532000001
2026-10-03 01:25:18,20886.94,70,multi_enable,560,1,500,37.806,38.417770149999996
2026-10-03 01:25:20,20889.04,70,multi_enable,560,1,500,39.91,38.443916655
2026-10-03 01:25:22,20891.14,70,multi_enable,560,1,500,42.011,39.01393618
2026-10-03 01:25:24,20893.238,70,multi_enable,560,1,500,44.113,38.98446188
2026-10-03 01:25:27,20895.339,70,multi_enable,560,1,500,46.205,38.632022584999994
2026-10-03 01:25:29,20897.439,70,multi_enable,560,1,500,48.309,38.64153065
2026-10-03 01:25:31,20899.538,70,multi_enable,560,1,500,50.403,38.32855168999999
2026-10-03 01:25:33,20901.639,70,multi_enable,560,1,500,52.508,38.727739080000006
2026-10-03 01:25:35,20903.736,70,multi_enable,560,1,500,54.601,38.365316385
2026-10-03 01:25:37,20905.832,70,multi_enable,560,1,500,56.697,38.441698815
2026-10-03 01:25:39,20907.939,70,multi_enable,560,1,500,58.806,38.16627674000001
2026-10-03 01:25:41,20910.038,70,multi_enable,560,1,500,60.912,38.62568326
2026-10-03 01:25:43,20912.137,70,multi_enable,560,1,500,63.004,38.800316855000005
2026-10-03 01:25:45,20914.237,70,multi_enable,560,1,500,65.11,39.033747455000004
2026-10-03 01:25:48,20916.336,70,multi_enable,560,1,500,67.201,39.01979998
2026-10-03 01:25:50,20918.438,70,multi_enable,560,1,500,69.305,38.378785920000006
2026-10-03 01:25:52,20920.535,70,multi_enable,560,1,500,71.399,38.62235564499999
2026-10-03 01:25:54,20922.637,70,multi_enable,560,1,500,73.504,38.836449009999995
2026-10-03 01:25:56,20924.74,70,multi_enable,560,1,500,75.61,38.39700949
2026-10-03 01:25:58,20926.837,70,multi_enable,560,1,500,77.714,38.869569829999996
2026-10-03 01:26:00,20928.939,70,multi_enable,560,1,500,79.805,38.136008025
2026-10-03 01:26:02,20931.037,70,multi_enable,560,1,500,81.911,38.74564488000001
2026-10-03 01:26:04,20933.136,70,multi_enable,560,1,500,84.002,38.64406719000001
2026-10-03 01:26:06,20935.237,70,multi_enable,560,1,500,86.107,38.256445895
2026-10-03 01:26:09,20937.338,70,multi_enable,560,1,500,88.209,38.59081938999999
2026-10-03 01:26:11,20939.433,70,multi_enable,560,1,500,90.302,38.782093495000005
2026-10-03 01:26:13,20941.529,70,multi_enable,560,1,500,92.395,38.97479455499999
2026-10-03 01:26:15,20943.631,70,multi_enable,560,1,500,94.5,38.91647737499999
2026-10-03 01:26:17,20945.736,70,multi_enable,560,1,500,96.603,38.82519863
2026-10-03 01:26:19,20947.837,70,multi_enable,560,1,500,98.71,38.653256930000005
2026-10-03 01:26:21,20949.937,70,multi_enable,560,1,500,100.81,38.21587767
2026-10-03 01:26:23,20952.036,70,multi_enable,560,1,500,102.904,39.003002450000004
2026-10-03 01:26:25,20954.134,70,multi_enable,560,1,500,105.0,38.629327534999994
2026-10-03 01:26:27,20956.228,70,multi_enable,560,1,500,107.095,38.524420369999994
2026-10-03 01:26:30,20958.336,70,multi_enable,560,1,500,109.2,38.78557979000001
2026-10-03 01:26:32,20960.435,70,multi_enable,560,1,500,111.31,38.33076880499999
2026-10-03 01:26:34,20962.535,70,multi_enable,560,1,500,113.406,38.77623006
2026-10-03 01:26:36,20964.63,70,multi_enable,560,1,500,115.497,38.912831430000004
2026-10-03 01:26:38,20966.736,70,multi_enable,560,1,500,117.603,38.889378310000005
2026-10-03 01:26:40,20968.836,70,multi_enable,560,1,500,119.706,38.703809315
2026-10-03 01:26:42,20970.938,70,multi_enable,560,1,500,121.806,38.60429023
2026-10-03 01:26:44,20973.034,70,multi_enable,560,1,500,123.909,38.796672605000005
2026-10-03 01:26:46,20975.131,70,multi_enable,560,1,500,125.999,38.61094507999999
2026-10-03 01:26:48,20977.234,70,multi_enable,560,1,500,128.103,38.555321665
2026-10-03 01:26:51,20979.329,70,multi_enable,560,1,500,130.194,38.722193434999994
2026-10-03 01:26:53,20981.43,70,multi_enable,560,1,500,132.299,38.97320982
2026-10-03 01:26:55,20983.536,70,multi_enable,560,1,500,134.404,38.580202295
2026-10-03 01:26:57,20985.629,70,multi_enable,560,1,500,136.496,38.169287895000004
2026-10-03 01:26:59,20987.724,70,multi_enable,560,1,500,138.589,38.629327710000005
2026-10-03 01:27:01,20989.824,70,multi_enable,560,1,500,140.691,38.781300744999996
2026-10-03 01:27:03,20991.92,70,multi_enable,560,1,500,142.786,38.72567862499999
2026-10-03 01:27:05,20994.023,70,multi_enable,560,1,500,144.89,38.20668718999999
2026-10-03 01:27:07,20996.115,70,multi_enable,560,1,500,146.983,38.887159715
2026-10-03 01:27:09,20998.214,70,multi_enable,560,1,500,149.075,38.931531454999984
2026-10-03 01:27:12,21000.316,70,multi_enable,560,1,500,151.183,38.32205329
2026-10-03 01:27:14,21002.413,70,multi_enable,560,1,500,153.276,38.27847372
2026-10-03 01:27:16,21004.513,70,multi_enable,560,1,500,155.381,38.44597785999999
2026-10-03 01:27:18,21006.618,70,multi_enable,560,1,500,157.487,38.462933344999996
2026-10-03 01:27:20,21008.714,70,multi_enable,560,1,500,159.582,38.719973519999996
2026-10-03 01:27:22,21010.81,70,multi_enable,560,1,500,161.678,38.615540215
2026-10-03 01:27:24,21012.916,70,multi_enable,560,1,500,163.783,38.875273985
2026-10-03 01:27:26,21015.016,70,multi_enable,560,1,500,165.885,38.51633760000001
2026-10-03 01:27:28,21017.12,70,multi_enable,560,1,500,167.985,39.447829315
2026-10-03 01:27:30,21019.223,70,multi_enable,560,1,500,170.09,38.186876850000004
2026-10-03 01:27:33,21021.327,70,multi_enable,560,1,500,172.193,38.000199195
2026-10-03 01:27:35,21023.429,70,multi_enable,560,1,500,174.297,38.548982695
2026-10-03 01:27:37,21025.533,70,multi_enable,560,1,500,176.401,39.329927229999996
2026-10-03 01:27:39,21027.631,70,multi_enable,560,1,500,178.504,38.584162675
2026-10-03 01:27:41,21029.727,70,multi_enable,560,1,500,180.594,38.52980826500001
2026-10-03 01:27:43,21031.829,70,multi_enable,560,1,500,182.696,38.70190809
2026-10-03 01:27:45,21033.933,70,multi_enable,560,1,500,184.803,38.407786005000006
2026-10-03 01:27:47,21036.031,70,multi_enable,560,1,500,186.906,38.64121307
2026-10-03 01:27:49,21038.13,70,multi_enable,560,1,500,188.996,38.59192952
2026-10-03 01:27:51,21040.228,70,multi_enable,560,1,500,191.097,38.64977025000001
2026-10-03 01:27:54,21042.322,70,multi_enable,560,1,500,193.188,38.826940575
2026-10-03 01:27:56,21044.423,70,multi_enable,560,1,500,195.293,39.085881605
2026-10-03 01:27:58,21046.521,70,multi_enable,560,1,500,197.386,38.701908104999994
2026-10-03 01:28:00,21048.619,70,multi_enable,560,1,500,199.486,38.218730480000005
2026-10-03 01:28:02,21050.721,70,multi_enable,560,1,500,201.587,38.883832655
2026-10-03 01:28:04,21052.815,70,multi_enable,560,1,500,203.682,38.47782946499999
2026-10-03 01:28:06,21054.912,70,multi_enable,560,1,500,205.777,38.578617949999995
2026-10-03 01:28:08,21057.014,70,multi_enable,560,1,500,207.881,38.605397374999995
2026-10-03 01:28:10,21059.11,70,multi_enable,560,1,500,209.974,38.61538339999999
2026-10-03 01:28:12,21061.215,70,multi_enable,560,1,500,212.083,38.305572045
2026-10-03 01:28:15,21063.32,70,multi_enable,560,1,500,214.186,38.529807889999994
2026-10-03 01:28:17,21065.419,70,multi_enable,560,1,500,216.286,38.256287209999996
2026-10-03 01:28:19,21067.52,70,multi_enable,560,1,500,218.386,38.500809105
2026-10-03 01:28:21,21069.624,70,multi_enable,560,1,500,220.491,38.57909236
2026-10-03 01:28:23,21071.73,70,multi_enable,560,1,500,222.598,38.486386829999994
2026-10-03 01:28:25,21073.829,70,multi_enable,560,1,500,224.701,38.641054360000005
2026-10-03 01:28:27,21075.931,70,multi_enable,560,1,500,226.804,38.75214308
2026-10-03 01:28:29,21078.024,70,multi_enable,560,1,500,228.893,38.46039753
2026-10-03 01:28:31,21080.117,70,multi_enable,560,1,500,230.984,38.522360469999995
2026-10-03 01:28:33,21082.222,70,multi_enable,560,1,500,233.091,38.77654653
2026-10-03 01:28:36,21084.317,70,multi_enable,560,1,500,235.182,38.969565365
2026-10-03 01:28:38,21086.419,70,multi_enable,560,1,500,237.287,38.75816409000001
2026-10-03 01:28:40,21088.523,70,multi_enable,560,1,500,239.389,38.73629533
2026-10-03 01:28:42,21090.626,70,multi_enable,560,1,500,241.495,38.478780345000004
2026-10-03 01:28:44,21092.729,70,multi_enable,560,1,500,243.598,39.11107871
2026-10-03 01:28:46,21094.827,70,multi_enable,560,1,500,245.703,38.475611625000006
2026-10-03 01:28:48,21096.923,70,multi_enable,560,1,500,247.79,38.88034578
2026-10-03 01:28:50,21099.017,70,multi_enable,560,1,500,249.886,38.41840252
2026-10-03 01:28:52,21101.126,70,multi_enable,560,1,500,251.991,38.71252405999999
2026-10-03 01:28:54,21103.217,70,multi_enable,560,1,500,254.086,38.896509635
2026-10-03 01:28:57,21105.316,70,multi_enable,560,1,500,256.182,38.630119900000004
2026-10-03 01:28:59,21107.414,70,multi_enable,560,1,500,258.282,38.88145518
2026-10-03 01:29:01,21109.512,70,multi_enable,560,1,500,260.377,38.90569992499999
2026-10-03 01:29:03,21111.61,70,multi_enable,560,1,500,262.478,38.607933745000004
2026-10-03 01:29:05,21113.71,70,multi_enable,560,1,500,264.576,38.90380021
2026-10-03 01:29:07,21115.815,70,multi_enable,560,1,500,266.681,38.77607212
2026-10-03 01:29:09,21117.918,70,multi_enable,560,1,500,268.784,38.147895045000006
2026-10-03 01:29:11,21120.021,70,multi_enable,560,1,500,270.889,38.395584174999996
2026-10-03 01:29:13,21122.127,70,multi_enable,560,1,500,272.992,38.61205428
2026-10-03 01:29:15,21124.226,70,multi_enable,560,1,500,275.093,38.60682528499999
2026-10-03 01:29:18,21126.328,70,multi_enable,560,1,500,277.197,38.342337310000005
2026-10-03 01:29:20,21128.425,70,multi_enable,560,1,500,279.298,39.09602500999999
2026-10-03 01:29:22,21130.526,70,multi_enable,560,1,500,281.392,38.095757185
2026-10-03 01:29:24,21132.624,70,multi_enable,560,1,500,283.492,38.38575837
2026-10-03 01:29:26,21134.728,70,multi_enable,560,1,500,285.598,38.55880816
2026-10-03 01:29:28,21136.826,70,multi_enable,560,1,500,287.695,38.545181039999996
2026-10-03 01:29:30,21138.928,70,multi_enable,560,1,500,289.8,38.721715845000006
2026-10-03 01:29:32,21141.023,70,multi_enable,560,1,500,291.891,38.647552024999996
2026-10-03 01:29:34,21143.128,70,multi_enable,560,1,500,293.995,38.809509199999994
2026-10-03 01:29:36,21145.224,70,multi_enable,560,1,500,296.099,39.001576785000005
2026-10-03 01:29:39,21147.32,70,multi_enable,560,1,500,298.186,38.811410769999995
2026-10-03 01:29:43,21151.562,70,multi_enable,560,2,1000,0.0,76.78847759000001
2026-10-03 01:29:45,21153.668,70,multi_enable,560,2,1000,2.105,77.73233054999999
2026-10-03 01:29:47,21155.774,70,multi_enable,560,2,1000,4.211,77.593510225
2026-10-03 01:29:49,21157.878,70,multi_enable,560,2,1000,6.316,77.187031885
2026-10-03 01:29:51,21160.017,70,multi_enable,560,2,1000,8.428,77.466257655
2026-10-03 01:29:53,21162.176,70,multi_enable,560,2,1000,10.558,77.325694265
2026-10-03 01:29:56,21164.362,70,multi_enable,560,2,1000,12.717,77.41554826
2026-10-03 01:29:58,21166.496,70,multi_enable,560,2,1000,14.906,77.500011775
2026-10-03 01:30:00,21168.61,70,multi_enable,560,2,1000,17.033,77.434881775
2026-10-03 01:30:02,21170.723,70,multi_enable,560,2,1000,19.16,76.95946767999999
2026-10-03 01:30:04,21172.825,70,multi_enable,560,2,1000,21.263,77.059779685
2026-10-03 01:30:06,21174.959,70,multi_enable,560,2,1000,23.371,77.72488184000001
2026-10-03 01:30:08,21177.07,70,multi_enable,560,2,1000,25.508,77.488761405
2026-10-03 01:30:10,21179.175,70,multi_enable,560,2,1000,27.611,77.175462985
2026-10-03 01:30:13,21181.274,70,multi_enable,560,2,1000,29.714,77.63946727000001
2026-10-03 01:30:15,21183.381,70,multi_enable,560,2,1000,31.822,77.68415399499999
2026-10-03 01:30:17,21185.51,70,multi_enable,560,2,1000,33.923,77.73961947500001
2026-10-03 01:30:19,21187.671,70,multi_enable,560,2,1000,36.056,77.14487911
2026-10-03 01:30:21,21189.861,70,multi_enable,560,2,1000,38.219,77.33013184
2026-10-03 01:30:23,21191.992,70,multi_enable,560,2,1000,40.4,77.68367939
2026-10-03 01:30:25,21194.105,70,multi_enable,560,2,1000,42.533,77.52203978499999
2026-10-03 01:30:27,21196.213,70,multi_enable,560,2,1000,44.652,78.16812582000001
2026-10-03 01:30:30,21198.324,70,multi_enable,560,2,1000,46.762,76.94425658499999
2026-10-03 01:30:32,21200.427,70,multi_enable,560,2,1000,48.866,76.88562012
2026-10-03 01:30:34,21202.529,70,multi_enable,560,2,1000,50.968,77.83850729
2026-10-03 01:30:36,21204.628,70,multi_enable,560,2,1000,53.067,77.68193706
2026-10-03 01:30:38,21206.729,70,multi_enable,560,2,1000,55.172,77.79555991500001
2026-10-03 01:30:40,21208.829,70,multi_enable,560,2,1000,57.268,77.42204517499998
2026-10-03 01:30:42,21210.93,70,multi_enable,560,2,1000,59.38,77.80015580999999
2026-10-03 01:30:44,21213.028,70,multi_enable,560,2,1000,61.473,77.45231315999999
2026-10-03 01:30:46,21215.129,70,multi_enable,560,2,1000,63.571,76.850757
2026-10-03 01:30:48,21217.226,70,multi_enable,560,2,1000,65.667,77.1039933
2026-10-03 01:30:51,21219.328,70,multi_enable,560,2,1000,67.771,77.92962714499998
2026-10-03 01:30:53,21221.425,70,multi_enable,560,2,1000,69.876,76.83490960000002
2026-10-03 01:30:55,21223.527,70,multi_enable,560,2,1000,71.966,77.104151245
2026-10-03 01:30:57,21225.627,70,multi_enable,560,2,1000,74.067,77.38353685000001
2026-10-03 01:30:59,21227.728,70,multi_enable,560,2,1000,76.171,77.1415513
2026-10-03 01:31:01,21229.827,70,multi_enable,560,2,1000,78.274,77.75435782999999
2026-10-03 01:31:03,21231.928,70,multi_enable,560,2,1000,80.375,76.79434158000001
2026-10-03 01:31:05,21234.025,70,multi_enable,560,2,1000,82.468,77.47719325
2026-10-03 01:31:07,21236.127,70,multi_enable,560,2,1000,84.569,76.97990984
2026-10-03 01:31:09,21238.224,70,multi_enable,560,2,1000,86.672,77.39684693500001
2026-10-03 01:31:12,21240.327,70,multi_enable,560,2,1000,88.774,76.943620665
2026-10-03 01:31:14,21242.426,70,multi_enable,560,2,1000,90.876,77.25961209000002
2026-10-03 01:31:16,21244.528,70,multi_enable,560,2,1000,92.967,77.28797793
2026-10-03 01:31:18,21246.626,70,multi_enable,560,2,1000,95.07,77.21872590500001
2026-10-03 01:31:20,21248.727,70,multi_enable,560,2,1000,97.174,78.48728485
2026-10-03 01:31:22,21250.827,70,multi_enable,560,2,1000,99.276,77.37497762000002
2026-10-03 01:31:24,21252.925,70,multi_enable,560,2,1000,101.366,77.250738075
2026-10-03 01:31:26,21255.024,70,multi_enable,560,2,1000,103.468,77.62979976000001
2026-10-03 01:31:28,21257.154,70,multi_enable,560,2,1000,105.573,77.302557225
2026-10-03 01:31:31,21259.262,70,multi_enable,560,2,1000,107.7,77.58146597500001
2026-10-03 01:31:33,21261.375,70,multi_enable,560,2,1000,109.81,77.62060910999999
2026-10-03 01:31:35,21263.51,70,multi_enable,560,2,1000,111.918,77.516651155
2026-10-03 01:31:37,21265.664,70,multi_enable,560,2,1000,114.049,77.68098601
2026-10-03 01:31:39,21267.824,70,multi_enable,560,2,1000,116.21,77.20113656999997
2026-10-03 01:31:41,21269.982,70,multi_enable,560,2,1000,118.364,77.96528116000002
2026-10-03 01:31:43,21272.102,70,multi_enable,560,2,1000,120.524,76.897981015
2026-10-03 01:31:45,21274.202,70,multi_enable,560,2,1000,122.639,76.815417785
2026-10-03 01:31:48,21276.307,70,multi_enable,560,2,1000,124.744,77.25438289
2026-10-03 01:31:50,21278.406,70,multi_enable,560,2,1000,126.846,77.844052385
2026-10-03 01:31:52,21280.512,70,multi_enable,560,2,1000,128.948,77.63471229999999
2026-10-03 01:31:54,21282.615,70,multi_enable,560,2,1000,131.054,77.30350830000002
2026-10-03 01:31:56,21284.722,70,multi_enable,560,2,1000,133.159,77.29716785
2026-10-03 01:31:58,21286.821,70,multi_enable,560,2,1000,135.259,77.830739705
2026-10-03 01:32:00,21288.924,70,multi_enable,560,2,1000,137.36,77.977008375
2026-10-03 01:32:02,21291.021,70,multi_enable,560,2,1000,139.469,77.82107406
2026-10-03 01:32:04,21293.124,70,multi_enable,560,2,1000,141.568,77.65785007000001
2026-10-03 01:32:06,21295.222,70,multi_enable,560,2,1000,143.673,77.62884833500001
2026-10-03 01:32:09,21297.353,70,multi_enable,560,2,1000,145.764,78.04515175000002
2026-10-03 01:32:11,21299.461,70,multi_enable,560,2,1000,147.899,77.15359516000001
2026-10-03 01:32:13,21301.569,70,multi_enable,560,2,1000,150.005,77.22934484999999
2026-10-03 01:32:15,21303.704,70,multi_enable,560,2,1000,152.114,77.613161135
2026-10-03 01:32:17,21305.861,70,multi_enable,560,2,1000,154.245,77.11413578000001
2026-10-03 01:32:19,21308.052,70,multi_enable,560,2,1000,156.408,77.25327313999999
2026-10-03 01:32:21,21310.192,70,multi_enable,560,2,1000,158.601,77.230295165
2026-10-03 01:32:24,21312.302,70,multi_enable,560,2,1000,160.738,77.616963915
2026-10-03 01:32:26,21314.411,70,multi_enable,560,2,1000,162.849,77.58447713999998
2026-10-03 01:32:28,21316.551,70,multi_enable,560,2,1000,164.962,77.72361487500001
2026-10-03 01:32:30,21318.656,70,multi_enable,560,2,1000,167.094,77.485907075
2026-10-03 01:32:32,21320.759,70,multi_enable,560,2,1000,169.193,77.95498221999999
2026-10-03 01:32:34,21322.861,70,multi_enable,560,2,1000,171.298,77.604920045
2026-10-03 01:32:36,21324.973,70,multi_enable,560,2,1000,173.409,78.058147805
2026-10-03 01:32:38,21327.072,70,multi_enable,560,2,1000,175.513,77.76687703
2026-10-03 01:32:40,21329.203,70,multi_enable,560,2,1000,177.616,78.24704499
2026-10-03 01:32:43,21331.366,70,multi_enable,560,2,1000,179.748,77.518553655
2026-10-03 01:32:45,21333.552,70,multi_enable,560,2,1000,181.912,77.366420625
2026-10-03 01:32:47,21335.684,70,multi_enable,560,2,1000,184.096,77.72995270999999
2026-10-03 01:32:49,21337.802,70,multi_enable,560,2,1000,186.231,77.79318391999999
2026-10-03 01:32:51,21339.913,70,multi_enable,560,2,1000,188.349,77.962112795
2026-10-03 01:32:53,21342.014,70,multi_enable,560,2,1000,190.453,77.56609358
2026-10-03 01:32:55,21344.121,70,multi_enable,560,2,1000,192.558,77.49208919
2026-10-03 01:32:57,21346.218,70,multi_enable,560,2,1000,194.662,77.56704539500001
2026-10-03 01:33:00,21348.32,70,multi_enable,560,2,1000,196.765,77.40334459500001
2026-10-03 01:33:02,21350.419,70,multi_enable,560,2,1000,198.868,76.79513506999999
2026-10-03 01:33:04,21352.519,70,multi_enable,560,2,1000,200.959,77.65911631
2026-10-03 01:33:06,21354.618,70,multi_enable,560,2,1000,203.057,77.211277195
2026-10-03 01:33:08,21356.721,70,multi_enable,560,2,1000,205.162,78.02391647500001
2026-10-03 01:33:10,21358.818,70,multi_enable,560,2,1000,207.267,78.43055129499999
2026-10-03 01:33:12,21360.921,70,multi_enable,560,2,1000,209.358,77.671478685
2026-10-03 01:33:14,21363.018,70,multi_enable,560,2,1000,211.461,77.494940905
2026-10-03 01:33:16,21365.121,70,multi_enable,560,2,1000,213.569,77.42632292
2026-10-03 01:33:18,21367.219,70,multi_enable,560,2,1000,215.665,77.522831785
2026-10-03 01:33:21,21369.32,70,multi_enable,560,2,1000,217.761,77.51855291500001
2026-10-03 01:33:23,21371.416,70,multi_enable,560,2,1000,219.857,76.93839184499998
2026-10-03 01:33:25,21373.52,70,multi_enable,560,2,1000,221.956,77.163894845
2026-10-03 01:33:27,21375.617,70,multi_enable,560,2,1000,224.063,77.35437677499998
2026-10-03 01:33:29,21377.72,70,multi_enable,560,2,1000,226.164,77.08450182999998
2026-10-03 01:33:31,21379.819,70,multi_enable,560,2,1000,228.268,77.29701101500001
2026-10-03 01:33:33,21381.92,70,multi_enable,560,2,1000,230.358,77.191310745
2026-10-03 01:33:35,21384.018,70,multi_enable,560,2,1000,232.462,77.75293179500001
2026-10-03 01:33:37,21386.119,70,multi_enable,560,2,1000,234.565,76.725565645
2026-10-03 01:33:39,21388.215,70,multi_enable,560,2,1000,236.657,77.40588039000001
2026-10-03 01:33:42,21390.319,70,multi_enable,560,2,1000,238.763,77.67290361
2026-10-03 01:33:44,21392.416,70,multi_enable,560,2,1000,240.869,77.88129373999999
2026-10-03 01:33:46,21394.52,70,multi_enable,560,2,1000,242.956,77.00574137499997
2026-10-03 01:33:48,21396.615,70,multi_enable,560,2,1000,245.062,77.21175365500001
2026-10-03 01:33:50,21398.717,70,multi_enable,560,2,1000,247.154,77.442488065
2026-10-03 01:33:52,21400.815,70,multi_enable,560,2,1000,249.266,77.441060915
2026-10-03 01:33:54,21402.915,70,multi_enable,560,2,1000,251.353,77.60301754000001
2026-10-03 01:33:56,21405.015,70,multi_enable,560,2,1000,253.462,78.07399444
2026-10-03 01:33:58,21407.117,70,multi_enable,560,2,1000,255.564,77.02650167
2026-10-03 01:34:00,21409.214,70,multi_enable,560,2,1000,257.658,77.12031490999999
2026-10-03 01:34:03,21411.318,70,multi_enable,560,2,1000,259.762,77.275617425
2026-10-03 01:34:05,21413.414,70,multi_enable,560,2,1000,261.867,77.38480455499999
2026-10-03 01:34:07,21415.517,70,multi_enable,560,2,1000,263.956,78.364946315
2026-10-03 01:34:09,21417.615,70,multi_enable,560,2,1000,266.064,77.601274105
2026-10-03 01:34:11,21419.717,70,multi_enable,560,2,1000,268.159,77.45152004000002
2026-10-03 01:34:13,21421.814,70,multi_enable,560,2,1000,270.257,77.35691294499999
2026-10-03 01:34:15,21423.915,70,multi_enable,560,2,1000,272.352,76.89338625
2026-10-03 01:34:17,21426.014,70,multi_enable,560,2,1000,274.464,77.70031951499999
2026-10-03 01:34:19,21428.145,70,multi_enable,560,2,1000,276.559,77.00288818499999
2026-10-03 01:34:22,21430.254,70,multi_enable,560,2,1000,278.694,77.54723616
2026-10-03 01:34:24,21432.362,70,multi_enable,560,2,1000,280.799,77.35643758500001
2026-10-03 01:34:26,21434.467,70,multi_enable,560,2,1000,282.907,77.77020483499999
2026-10-03 01:34:28,21436.599,70,multi_enable,560,2,1000,285.01,77.37006766999998
2026-10-03 01:34:30,21438.761,70,multi_enable,560,2,1000,287.144,77.277202905
2026-10-03 01:34:32,21440.942,70,multi_enable,560,2,1000,289.307,76.87658779
2026-10-03 01:34:34,21443.077,70,multi_enable,560,2,1000,291.489,77.19796597500002
2026-10-03 01:34:36,21445.195,70,multi_enable,560,2,1000,293.626,77.228868755
2026-10-03 01:34:39,21447.309,70,multi_enable,560,2,1000,295.746,76.92729681500002
2026-10-03 01:34:41,21449.411,70,multi_enable,560,2,1000,297.851,77.78494208000001
2026-10-03 01:34:43,21451.515,70,multi_enable,560,2,1000,299.959,77.55246535999999
2026-10-03 01:34:47,21455.727,70,multi_enable,560,3,2000,0.0,151.87213775
2026-10-03 01:34:49,21457.826,70,multi_enable,560,3,2000,2.094,152.9078156
2026-10-03 01:34:51,21459.928,70,multi_enable,560,3,2000,4.201,153.47474809999997
2026-10-03 01:34:53,21462.024,70,multi_enable,560,3,2000,6.297,153.24987699999997
2026-10-03 01:34:55,21464.125,70,multi_enable,560,3,2000,8.389,153.30689030000002
2026-10-03 01:34:57,21466.223,70,multi_enable,560,3,2000,10.495,153.74079205
2026-10-03 01:35:00,21468.324,70,multi_enable,560,3,2000,12.588,153.8215601
2026-10-03 01:35:02,21470.421,70,multi_enable,560,3,2000,14.695,153.60618759999997
2026-10-03 01:35:04,21472.524,70,multi_enable,560,3,2000,16.799,153.89598985000003
2026-10-03 01:35:06,21474.623,70,multi_enable,560,3,2000,18.888,153.71704175
2026-10-03 01:35:08,21476.724,70,multi_enable,560,3,2000,20.99,153.77246595
2026-10-03 01:35:10,21478.823,70,multi_enable,560,3,2000,23.095,153.9925896
2026-10-03 01:35:12,21480.925,70,multi_enable,560,3,2000,25.187,153.76613145000002
2026-10-03 01:35:14,21483.021,70,multi_enable,560,3,2000,27.293,153.58085334999998
2026-10-03 01:35:16,21485.124,70,multi_enable,560,3,2000,29.399,154.4518338
2026-10-03 01:35:18,21487.222,70,multi_enable,560,3,2000,31.489,154.38214920000001
2026-10-03 01:35:21,21489.323,70,multi_enable,560,3,2000,33.59,154.22220979999997
2026-10-03 01:35:23,21491.421,70,multi_enable,560,3,2000,35.695,154.46924935
2026-10-03 01:35:25,21493.523,70,multi_enable,560,3,2000,37.789,154.06226445
2026-10-03 01:35:27,21495.621,70,multi_enable,560,3,2000,39.892,154.10818840000002
2026-10-03 01:35:29,21497.723,70,multi_enable,560,3,2000,41.998,154.29663499999998
2026-10-03 01:35:31,21499.821,70,multi_enable,560,3,2000,44.089,153.9989218
2026-10-03 01:35:33,21501.923,70,multi_enable,560,3,2000,46.195,154.21587605000002
2026-10-03 01:35:35,21504.02,70,multi_enable,560,3,2000,48.299,154.45183065
2026-10-03 01:35:37,21506.122,70,multi_enable,560,3,2000,50.384,154.18102974999996
2026-10-03 01:35:39,21508.22,70,multi_enable,560,3,2000,52.494,154.24913025000004
2026-10-03 01:35:42,21510.323,70,multi_enable,560,3,2000,54.593,154.54367919999999
2026-10-03 01:35:44,21512.42,70,multi_enable,560,3,2000,56.695,154.2966359
2026-10-03 01:35:46,21514.522,70,multi_enable,560,3,2000,58.795,154.40907715000003
2026-10-03 01:35:48,21516.62,70,multi_enable,560,3,2000,60.886,154.39165385
2026-10-03 01:35:50,21518.723,70,multi_enable,560,3,2000,62.991,154.28713564999998
2026-10-03 01:35:52,21520.823,70,multi_enable,560,3,2000,65.101,154.37265119999998
2026-10-03 01:35:54,21522.924,70,multi_enable,560,3,2000,67.2,154.49141785
2026-10-03 01:35:56,21525.019,70,multi_enable,560,3,2000,69.289,154.31563934999997
2026-10-03 01:35:58,21527.123,70,multi_enable,560,3,2000,71.396,154.36631225000002
2026-10-03 01:36:00,21529.219,70,multi_enable,560,3,2000,73.497,154.26337809999995
2026-10-03 01:36:03,21531.321,70,multi_enable,560,3,2000,75.586,154.38532089999995
2026-10-03 01:36:05,21533.419,70,multi_enable,560,3,2000,77.691,154.21112035
2026-10-03 01:36:07,21535.521,70,multi_enable,560,3,2000,79.785,154.36789774999997
2026-10-03 01:36:09,21537.619,70,multi_enable,560,3,2000,81.889,154.61968919999998
2026-10-03 01:36:11,21539.72,70,multi_enable,560,3,2000,83.994,154.44232609999997
2026-10-03 01:36:13,21541.819,70,multi_enable,560,3,2000,86.094,154.4993402
2026-10-03 01:36:15,21543.921,70,multi_enable,560,3,2000,88.188,154.6751202
2026-10-03 01:36:17,21546.019,70,multi_enable,560,3,2000,90.293,154.2253778
2026-10-03 01:36:19,21548.12,70,multi_enable,560,3,2000,92.394,154.42332405
2026-10-03 01:36:21,21550.22,70,multi_enable,560,3,2000,94.485,154.76379855
2026-10-03 01:36:24,21552.321,70,multi_enable,560,3,2000,96.589,154.72262800000004
2026-10-03 01:36:26,21554.419,70,multi_enable,560,3,2000,98.696,154.6497837
2026-10-03 01:36:28,21556.522,70,multi_enable,560,3,2000,100.794,154.47716865
2026-10-03 01:36:30,21558.619,70,multi_enable,560,3,2000,102.889,154.1873671
2026-10-03 01:36:32,21560.72,70,multi_enable,560,3,2000,104.995,154.340981
2026-10-03 01:36:34,21562.819,70,multi_enable,560,3,2000,107.086,154.3378145
2026-10-03 01:36:36,21564.92,70,multi_enable,560,3,2000,109.185,154.7495499
2026-10-03 01:36:38,21567.019,70,multi_enable,560,3,2000,111.29,154.42808134999999
2026-10-03 01:36:40,21569.121,70,multi_enable,560,3,2000,113.395,154.358396
2026-10-03 01:36:42,21571.218,70,multi_enable,560,3,2000,115.495,154.61018604999998
2026-10-03 01:36:45,21573.32,70,multi_enable,560,3,2000,117.584,154.25388219999996
2026-10-03 01:36:47,21575.416,70,multi_enable,560,3,2000,119.685,154.39324000000002
2026-10-03 01:36:49,21577.519,70,multi_enable,560,3,2000,121.79,154.34889415000004
2026-10-03 01:36:51,21579.618,70,multi_enable,560,3,2000,123.897,154.45024675
2026-10-03 01:36:53,21581.72,70,multi_enable,560,3,2000,125.987,154.6482012
2026-10-03 01:36:55,21583.819,70,multi_enable,560,3,2000,128.09,154.70204125
2026-10-03 01:36:57,21585.918,70,multi_enable,560,3,2000,130.193,154.44074575000002
2026-10-03 01:36:59,21588.017,70,multi_enable,560,3,2000,132.295,154.1556985
2026-10-03 01:37:01,21590.118,70,multi_enable,560,3,2000,134.386,154.24912575
2026-10-03 01:37:03,21592.216,70,multi_enable,560,3,2000,136.489,154.3362305
2026-10-03 01:37:06,21594.317,70,multi_enable,560,3,2000,138.59,154.68462180000003
2026-10-03 01:37:08,21596.415,70,multi_enable,560,3,2000,140.685,154.52626125
2026-10-03 01:37:10,21598.517,70,multi_enable,560,3,2000,142.792,154.71946455000003
2026-10-03 01:37:12,21600.615,70,multi_enable,560,3,2000,144.891,154.5705967
2026-10-03 01:37:14,21602.719,70,multi_enable,560,3,2000,146.993,154.58802004999998
2026-10-03 01:37:16,21604.819,70,multi_enable,560,3,2000,149.097,154.6196923
2026-10-03 01:37:18,21606.916,70,multi_enable,560,3,2000,151.19,154.00209060000003
2026-10-03 01:37:20,21609.015,70,multi_enable,560,3,2000,153.294,154.443916
2026-10-03 01:37:22,21611.119,70,multi_enable,560,3,2000,155.385,154.46133170000002
2026-10-03 01:37:24,21613.216,70,multi_enable,560,3,2000,157.487,154.43124319999998
2026-10-03 01:37:27,21615.318,70,multi_enable,560,3,2000,159.592,154.36948105
2026-10-03 01:37:29,21617.415,70,multi_enable,560,3,2000,161.685,154.64977924999997
2026-10-03 01:37:31,21619.515,70,multi_enable,560,3,2000,163.788,154.42807679999999
2026-10-03 01:37:33,21621.617,70,multi_enable,560,3,2000,165.88,154.45499875000002
2026-10-03 01:37:35,21623.717,70,multi_enable,560,3,2000,167.984,154.60385614999998
2026-10-03 01:37:37,21625.814,70,multi_enable,560,3,2000,170.088,154.30772305000002
2026-10-03 01:37:39,21627.918,70,multi_enable,560,3,2000,172.179,154.4217438
2026-10-03 01:37:41,21630.017,70,multi_enable,560,3,2000,174.296,154.70045955000003
2026-10-03 01:37:43,21632.116,70,multi_enable,560,3,2000,176.392,154.70837729999997
2026-10-03 01:37:45,21634.212,70,multi_enable,560,3,2000,178.481,154.4470795
2026-10-03 01:37:48,21636.316,70,multi_enable,560,3,2000,180.58,154.5104258
2026-10-03 01:37:50,21638.413,70,multi_enable,560,3,2000,182.682,154.5389288
2026-10-03 01:37:52,21640.514,70,multi_enable,560,3,2000,184.79,154.42966005000002
2026-10-03 01:37:54,21642.613,70,multi_enable,560,3,2000,186.881,154.58960095
2026-10-03 01:37:56,21644.716,70,multi_enable,560,3,2000,188.986,154.38215065
2026-10-03 01:37:58,21646.813,70,multi_enable,560,3,2000,191.09,154.2665489
2026-10-03 01:38:00,21648.914,70,multi_enable,560,3,2000,193.182,154.64028050000002
2026-10-03 01:38:02,21651.011,70,multi_enable,560,3,2000,195.287,154.3077231
2026-10-03 01:38:04,21653.115,70,multi_enable,560,3,2000,197.388,154.35523175
2026-10-03 01:38:06,21655.212,70,multi_enable,560,3,2000,199.49,154.91582835
2026-10-03 01:38:09,21657.315,70,multi_enable,560,3,2000,201.584,154.3615699
2026-10-03 01:38:11,21659.415,70,multi_enable,560,3,2000,203.693,154.80022369999998
2026-10-03 01:38:13,21661.514,70,multi_enable,560,3,2000,205.788,154.2823881
2026-10-03 01:38:15,21663.611,70,multi_enable,560,3,2000,207.885,154.0495955
2026-10-03 01:38:17,21665.716,70,multi_enable,560,3,2000,209.987,154.42649505
2026-10-03 01:38:19,21667.816,70,multi_enable,560,3,2000,212.094,154.17945245
2026-10-03 01:38:21,21669.913,70,multi_enable,560,3,2000,214.179,154.20954079999998
2026-10-03 01:38:23,21672.011,70,multi_enable,560,3,2000,216.287,154.26813135
2026-10-03 01:38:25,21674.112,70,multi_enable,560,3,2000,218.379,154.24279435
2026-10-03 01:38:27,21676.211,70,multi_enable,560,3,2000,220.484,154.2570473
2026-10-03 01:38:30,21678.312,70,multi_enable,560,3,2000,222.575,153.94508094999998
2026-10-03 01:38:32,21680.41,70,multi_enable,560,3,2000,224.686,154.32355710000002
2026-10-03 01:38:34,21682.512,70,multi_enable,560,3,2000,226.775,154.07651969999998
2026-10-03 01:38:36,21684.611,70,multi_enable,560,3,2000,228.881,154.1192762
2026-10-03 01:38:38,21686.712,70,multi_enable,560,3,2000,230.984,154.2237924
2026-10-03 01:38:40,21688.813,70,multi_enable,560,3,2000,233.091,154.04167404999995
2026-10-03 01:38:42,21690.913,70,multi_enable,560,3,2000,235.18,154.37265424999998
2026-10-03 01:38:44,21693.01,70,multi_enable,560,3,2000,237.286,154.5373493
2026-10-03 01:38:46,21695.112,70,multi_enable,560,3,2000,239.375,154.4724189
2026-10-03 01:38:48,21697.212,70,multi_enable,560,3,2000,241.483,154.451833
2026-10-03 01:38:51,21699.311,70,multi_enable,560,3,2000,243.585,153.89915185
2026-10-03 01:38:53,21701.41,70,multi_enable,560,3,2000,245.675,154.0638476
2026-10-03 01:38:55,21703.511,70,multi_enable,560,3,2000,247.783,154.10977085
2026-10-03 01:38:57,21705.609,70,multi_enable,560,3,2000,249.883,154.19053735
2026-10-03 01:38:59,21707.711,70,multi_enable,560,3,2000,251.974,154.24279645
2026-10-03 01:39:01,21709.81,70,multi_enable,560,3,2000,254.088,154.2903006
2026-10-03 01:39:03,21711.911,70,multi_enable,560,3,2000,256.178,154.18578910000002
2026-10-03 01:39:05,21714.009,70,multi_enable,560,3,2000,258.286,154.1889534
2026-10-03 01:39:07,21716.11,70,multi_enable,560,3,2000,260.381,154.30930864999996
2026-10-03 01:39:09,21718.208,70,multi_enable,560,3,2000,262.482,154.41382674999997
2026-10-03 01:39:12,21720.31,70,multi_enable,560,3,2000,264.584,154.2697147
2026-10-03 01:39:14,21722.408,70,multi_enable,560,3,2000,266.686,154.01950705
2026-10-03 01:39:16,21724.51,70,multi_enable,560,3,2000,268.774,154.11136005
2026-10-03 01:39:18,21726.608,70,multi_enable,560,3,2000,270.882,154.07176554999998
2026-10-03 01:39:20,21728.71,70,multi_enable,560,3,2000,272.974,154.21587540000002
2026-10-03 01:39:22,21730.808,70,multi_enable,560,3,2000,275.079,154.22062889999998
2026-10-03 01:39:24,21732.91,70,multi_enable,560,3,2000,277.184,154.07651745
2026-10-03 01:39:26,21735.007,70,multi_enable,560,3,2000,279.276,154.36789835000002
2026-10-03 01:39:28,21737.11,70,multi_enable,560,3,2000,281.384,154.07651895
2026-10-03 01:39:30,21739.207,70,multi_enable,560,3,2000,283.474,153.8373895
2026-10-03 01:39:33,21741.309,70,multi_enable,560,3,2000,285.577,154.3013893
2026-10-03 01:39:35,21743.407,70,multi_enable,560,3,2000,287.679,154.37106864999998
2026-10-03 01:39:37,21745.508,70,multi_enable,560,3,2000,289.773,154.23487945
2026-10-03 01:39:39,21747.606,70,multi_enable,560,3,2000,291.878,154.28396984999998
2026-10-03 01:39:41,21749.708,70,multi_enable,560,3,2000,293.973,154.21587315000002
2026-10-03 01:39:43,21751.807,70,multi_enable,560,3,2000,296.077,153.962499
2026-10-03 01:39:45,21753.908,70,multi_enable,560,3,2000,298.183,154.03851060000002
