iso_time,elapsed_s,cycle,laser,laser_power,model_variant,step,run,n_points,rms_pct,max_pct,drift_pct,ref_angle,predicted,measured,dev_pct,model
2026-10-01 16:40:16,76.341,0,405,50,sinus,5,0,14,16.71167961049317,56.75815751746759,-0.12659166173414413,75.0,0.04143166419829025,0.03907192003,-5.695509012132881,bkg=3.1464e-12;amp=0.065677;phi=108.79
2026-10-01 16:41:08,128.418,0,405,50,sinus,5,1,14,19.99172390894554,66.77030738448487,-2.098869708000536,75.0,0.04053118964198584,0.03754218123999999,-7.374588380918298,bkg=4.4409e-16;amp=0.064829;phi=108.63
2026-10-01 16:42:00,180.48,0,405,50,sinus,5,2,14,18.668685853713754,62.47266738116329,0.011264553100349276,75.0,0.03947645111902214,0.03693839864999999,-6.4292822608848095,bkg=1.4231e-12;amp=0.062937;phi=108.69
2026-10-01 16:42:52,232.567,0,405,50,poly deg 5,5,0,14,26.56478221061473,89.77339774095834,0.9736949914162417,75.0,0.038124455222985604,0.03586262646,-5.932750382284616,p0=-0.025784;p1=0.0082396;p2=-0.00038366;p3=6.3981e-06;p4=-3.9378e-08;p5=6.3537e-11;i0=49.322;i1=2424.2;i2=-2.8408e+05;i3=2.4451e+07;i4=-1.165e+09;i5=2.9969e+10;i6=-3.8834e+11;i7=1.9802e+12
2026-10-01 16:43:44,284.57,0,405,50,poly deg 5,5,1,14,19.28161084704105,60.58745737021981,0.36710001876275644,75.0,0.037334991228532996,0.03511690778,-5.941031122669299,p0=-0.071647;p1=0.012325;p2=-0.00052719;p3=8.8778e-06;p4=-6.0393e-08;p5=1.33e-10;i0=49.323;i1=2463.3;i2=-2.8401e+05;i3=2.4125e+07;i4=-1.1529e+09;i5=3.0105e+10;i6=-3.9855e+11;i7=2.0827e+12
2026-10-01 16:44:36,336.563,0,405,50,poly deg 5,5,2,14,18.347429911588524,53.379701105869174,0.006441185232376514,75.0,0.03703151416611558,0.034795302410000006,-6.038672213305671,p0=-0.083957;p1=0.01331;p2=-0.0005572;p3=9.3098e-06;p4=-6.3285e-08;p5=1.3983e-10;i0=49.337;i1=2456.1;i2=-2.8157e+05;i3=2.4173e+07;i4=-1.1748e+09;i5=3.1225e+10;i6=-4.2041e+11;i7=2.2313e+12
2026-10-01 16:45:49,410.111,0,405,100,sinus,5,0,14,14.410179149419328,44.64232822446955,-0.575271032232324,75.0,0.0798277470629862,0.07562507889,-5.26467090405318,bkg=8.0758e-13;amp=0.12298;phi=109.34
2026-10-01 16:46:42,462.271,0,405,100,sinus,5,1,14,14.30023676463508,38.67852940912348,1.1691352881974126,75.0,0.08007770917122313,0.07579574230000001,-5.347264445424339,bkg=1.1271e-11;amp=0.12269;phi=109.44
2026-10-01 16:47:34,514.363,0,405,100,sinus,5,2,14,16.023542242581772,53.26108403221167,-1.0330617489541447,75.0,0.07944582530745974,0.07666593299999999,-3.49910432260148,bkg=4.5126e-12;amp=0.12328;phi=109.2
2026-10-01 16:48:26,566.411,0,405,100,poly deg 5,5,0,14,28.432371403203437,100.46795707390888,-0.14083644860384695,75.0,0.07720776844809216,0.07690530691,-0.39175013625151867,p0=0.12299;p1=0.0031662;p2=-0.000386;p3=7.6971e-06;p4=-4.6849e-08;p5=5.1872e-11;i0=49.074;i1=1048.2;i2=-51030;i3=2.0252e+06;i4=-4.7785e+07;i5=6.338e+08;i6=-4.2934e+09;i7=1.1448e+10
2026-10-01 16:49:18,618.358,0,405,100,poly deg 5,5,1,14,23.600069959645626,80.80083551762388,0.5526891809279215,75.0,0.0779973646436318,0.0751626656,-3.6343523355993868,p0=0.049914;p1=0.01001;p2=-0.00063002;p3=1.1845e-05;p4=-8.058e-08;p5=1.5737e-10;i0=49.084;i1=1063.9;i2=-51245;i3=1.8873e+06;i4=-3.9931e+07;i5=4.7171e+08;i6=-2.8723e+09;i7=6.9866e+09
2026-10-01 16:50:10,670.459,0,405,100,poly deg 5,5,2,14,15.18030304259005,41.683741134831436,3.3581705473230152,75.0,0.0786480535866716,0.07556087220999999,-3.925311862002376,p0=-0.23434;p1=0.034873;p2=-0.0014708;p3=2.5585e-05;p4=-1.8908e-07;p5=4.8881e-10;i0=49.053;i1=1070.4;i2=-49855;i3=1.7314e+06;i4=-3.4616e+07;i5=3.9095e+08;i6=-2.3037e+09;i7=5.4762e+09
2026-10-01 16:51:23,743.907,0,405,150,sinus,5,0,14,10.790688831628783,37.43829953697089,0.8954986289873827,75.0,0.12388432611230024,0.1204785848,-2.749130111272483,bkg=0.0013915;amp=0.1843;phi=109.81
2026-10-01 16:52:15,796.106,0,405,150,sinus,5,1,14,11.720982867446025,40.07841589780897,-0.2797496398758177,75.0,0.12629613663083972,0.12274784379999996,-2.809502274175907,bkg=0.0013749;amp=0.18736;phi=109.87
2026-10-01 16:53:07,848.131,0,405,150,sinus,5,2,14,9.572124937581822,32.93751399923855,1.1414699984752779,75.0,0.12805301018580467,0.1232226498,-3.7721568425418726,bkg=0.0014533;amp=0.19151;phi=109.7
2026-10-01 16:54:00,900.261,0,405,150,poly deg 5,5,0,14,18.067435405777278,53.72991415925408,1.0873732712812447,75.0,0.12809686164807965,0.12364338180000001,-3.476650240124293,p0=-0.17525;p1=0.039573;p2=-0.001852;p3=3.3547e-05;p4=-2.5009e-07;p5=6.3762e-10;i0=48.795;i1=659.2;i2=-21353;i3=5.2856e+05;i4=-7.3452e+06;i5=5.6062e+07;i6=-2.1861e+08;i7=3.3915e+08
2026-10-01 16:54:52,952.33,0,405,150,poly deg 5,5,1,14,18.57020925662802,64.49108922971067,-1.4578863120696217,75.0,0.13137102851136795,0.12683183869999998,-3.455244175830732,p0=0.047181;p1=0.021834;p2=-0.0013055;p3=2.5349e-05;p4=-1.8947e-07;p5=4.5968e-10;i0=48.864;i1=603.97;i2=-15348;i3=2.752e+05;i4=-2.6106e+06;i5=1.2682e+07;i6=-2.763e+07;i7=1.6742e+07
2026-10-01 16:55:44,1004.466,0,405,150,poly deg 5,5,2,14,17.28103739738943,55.924575124119194,0.051967438976093024,75.0,0.13187287027556335,0.12992285479999996,-1.4787086013132305,p0=-0.021845;p1=0.028166;p2=-0.0015208;p3=2.8796e-05;p4=-2.1583e-07;p5=5.3804e-10;i0=48.874;i1=607.25;i2=-17144;i3=3.8235e+05;i4=-4.9233e+06;i5=3.5468e+07;i6=-1.319e+08;i7=1.9623e+08
2026-10-01 16:56:44,1064.756,0,488,50,sinus,5,0,14,19.67301153746365,60.16047876639161,-0.2395442733945275,75.0,9.153127462998073,8.953612296,-2.1797485919935333,bkg=1.3323e-15;amp=13.46;phi=110.28
2026-10-01 16:57:36,1116.853,0,488,50,sinus,5,1,14,16.41795803838726,46.16616050012007,0.022626085440632188,75.0,9.100136313135682,8.973901908,-1.3871704861548868,bkg=5.7274e-11;amp=13.502;phi=110.09
2026-10-01 16:58:28,1168.851,0,488,50,sinus,5,2,14,17.627791310148186,50.434307272785084,-0.4615485029454149,75.0,9.080627306228294,8.931665679999998,-1.6404332124293306,bkg=1.2998e-10;amp=13.499;phi=110.05
2026-10-01 16:59:20,1220.903,0,488,50,poly deg 5,5,0,14,3.7505090475855543,13.12619701760427,0.2497637620318438,75.0,8.9664455748743,8.950296511000001,-0.18010552497581694,p0=-20.553;p1=3.4633;p2=-0.15642;p3=0.0028867;p4=-2.2768e-05;p5=6.4137e-08;i0=45.596;i1=16.792;i2=-9.3982;i3=3.0448;i4=-0.5333;i5=0.051267;i6=-0.0025455;i7=5.107e-05
2026-10-01 17:00:12,1272.947,0,488,50,poly deg 5,5,1,14,2.3577314202102477,6.592520612286523,-0.17505981615655744,75.0,9.02657569150227,8.998553918999999,-0.3104363543824369,p0=-21.352;p1=3.5427;p2=-0.15938;p3=0.002938;p4=-2.3176e-05;p5=6.533e-08;i0=45.55;i1=17.135;i2=-9.8034;i3=3.2304;i4=-0.57506;i5=0.056112;i6=-0.0028226;i7=5.7253e-05
2026-10-01 17:01:04,1324.998,0,488,50,poly deg 5,5,2,14,5.491283449914057,19.5571104667686,-0.5312959658699709,75.0,9.016894253066809,8.936857898,-0.8876266352972666,p0=-22.042;p1=3.5686;p2=-0.15898;p3=0.00291;p4=-2.2786e-05;p5=6.3641e-08;i0=45.417;i1=18.531;i2=-11.796;i3=4.2645;i4=-0.82613;i5=0.08706;i6=-0.0046983;i7=0.00010158
2026-10-01 17:02:04,1384.503,0,488,100,sinus,5,0,14,17.311967090513917,49.68563941933275,-0.5290077338686601,75.0,17.665064225956616,17.36139078,-1.7190622240161748,bkg=5.2847e-14;amp=26.2;phi=110.1
2026-10-01 17:02:56,1436.475,0,488,100,sinus,5,1,14,17.33173102631107,49.24444283280344,-0.3804282684139276,75.0,17.673740065939207,17.374219359999998,-1.694721687779285,bkg=4.3743e-14;amp=26.214;phi=110.1
2026-10-01 17:03:48,1488.545,0,488,100,sinus,5,2,14,15.966070467607734,44.79441142969602,0.08971770606874067,75.0,17.699917983177905,17.46719777,-1.3148095567396672,bkg=1.3275e-11;amp=26.209;phi=110.13
2026-10-01 17:04:40,1540.464,0,488,100,poly deg 5,5,0,14,3.246875599665107,10.483176821248364,0.09125000614651584,75.0,17.440990107476786,17.32382384,-0.6717867893667261,p0=-41.319;p1=6.8357;p2=-0.30732;p3=0.0056645;p4=-4.4687e-05;p5=1.26e-07;i0=45.537;i1=8.7998;i2=-2.5761;i3=0.43432;i4=-0.039594;i5=0.0019823;i6=-5.1273e-05;i7=5.3573e-07
2026-10-01 17:05:32,1592.443,0,488,100,poly deg 5,5,1,14,1.0947913428003535,2.6533220007449527,-0.48787628243762854,75.0,17.442470709570905,17.35955755,-0.4753521502283969,p0=-28.712;p1=5.7786;p2=-0.27297;p3=0.005123;p4=-4.054e-05;p5=1.1364e-07;i0=45.578;i1=8.6441;i2=-2.4731;i3=0.40838;i4=-0.036481;i5=0.0017908;i6=-4.5452e-05;i7=4.6658e-07
2026-10-01 17:06:24,1644.385,0,488,100,poly deg 5,5,2,14,5.039406607647077,15.985387054574629,-0.09622662767178257,75.0,17.51223582156444,17.41745787,-0.5412098862198372,p0=-51.412;p1=7.7125;p2=-0.33663;p3=0.0061353;p4=-4.8325e-05;p5=1.3684e-07;i0=45.542;i1=8.7651;i2=-2.5689;i3=0.43527;i4=-0.039894;i5=0.002007;i6=-5.213e-05;i7=5.468e-07
2026-10-01 17:07:24,1704.34,0,560,100,sinus,5,0,14,10.330676148366827,37.96735846045772,-0.8897708137002103,75.0,19.461944620665363,19.294215740000002,-0.861830017167252,bkg=1.9917e-13;amp=26.946;phi=111.6
2026-10-01 17:08:16,1756.341,0,560,100,sinus,5,1,14,10.86273142678658,40.19600803048783,0.05433579183366395,75.0,19.415449849806578,19.303767199999996,-0.5752256613703677,bkg=1.0485e-09;amp=26.869;phi=111.61
2026-10-01 17:09:08,1808.336,0,560,100,sinus,5,2,14,12.295763642111632,45.628056835376285,0.4522995335513368,75.0,19.433333907912495,19.334625270000004,-0.5079346569159745,bkg=4.4409e-16;amp=26.846;phi=111.65
2026-10-01 17:10:00,1860.284,0,560,100,poly deg 5,5,0,14,2.5112525602329567,8.368356438311126,0.21455788661409272,75.0,19.301070315685973,19.377971629999998,0.3984303101135653,p0=-21.921;p1=5.415;p2=-0.27115;p3=0.0052663;p4=-4.2669e-05;p5=1.2164e-07;i0=45.197;i1=8.0805;i2=-2.4531;i3=0.43245;i4=-0.040884;i5=0.0021017;i6=-5.5302e-05;i7=5.8311e-07
2026-10-01 17:10:52,1912.451,0,560,100,poly deg 5,5,1,14,4.057110726804472,14.728503101332752,-0.25789331965533596,75.0,19.381799092901215,19.374297579999997,-0.03870390393204225,p0=-25.618;p1=5.7355;p2=-0.28183;p3=0.0054372;p4=-4.3978e-05;p5=1.2552e-07;i0=45.21;i1=8.0023;i2=-2.393;i3=0.41592;i4=-0.038843;i5=0.0019764;i6=-5.1557e-05;i7=5.3957e-07
2026-10-01 17:11:44,1964.457,0,560,100,poly deg 5,5,2,14,2.882315341680007,10.318228152385116,0.5363777104658362,75.0,19.3824387520038,19.28944047,-0.4798069179720068,p0=-32.43;p1=6.3497;p2=-0.30327;p3=0.0057989;p4=-4.6928e-05;p5=1.3481e-07;i0=45.23;i1=7.9459;i2=-2.353;i3=0.40584;i4=-0.037681;i5=0.0019093;i6=-4.9666e-05;i7=5.1889e-07
2026-10-01 17:12:43,2024.093,0,560,200,sinus,5,0,14,11.220738605723884,41.50382071655893,0.03484795696797108,75.0,39.387553167101885,39.022646849999994,-0.9264508398218445,bkg=2.8821e-13;amp=54.476;phi=111.62
2026-10-01 17:13:35,2076.134,0,560,200,sinus,5,1,14,9.945598543753809,36.565276054135424,-0.3387306062000779,75.0,39.37144852502769,39.090606580000006,-0.7133137223771577,bkg=1.5055e-13;amp=54.53;phi=111.59
2026-10-01 17:14:27,2128.133,0,560,200,sinus,5,2,14,9.915616496183588,36.45218240759587,0.26351665185815604,75.0,39.41624658565086,39.12366739000001,-0.7422807116225084,bkg=3.9968e-15;amp=54.591;phi=111.59
2026-10-01 17:15:20,2180.202,0,560,200,poly deg 5,5,0,14,2.243856440520782,7.718687165335199,-0.03143543042550753,75.0,39.32796314807824,39.15966863,-0.4279258436155874,p0=-65.772;p1=12.848;p2=-0.61297;p3=0.011707;p4=-9.4591e-05;p5=2.7111e-07;i0=45.228;i1=3.9457;i2=-0.58146;i3=0.04981;i4=-0.0022931;i5=5.7525e-05;i6=-7.3996e-07;i7=3.8196e-09
2026-10-01 17:16:12,2232.233,0,560,200,poly deg 5,5,1,14,0.9976838932765174,2.7429193179985103,-0.03542692029814969,75.0,39.278364514700954,39.234974220000005,-0.11046868991887028,p0=-58.399;p1=12.206;p2=-0.59136;p3=0.011357;p4=-9.185e-05;p5=2.6287e-07;i0=45.218;i1=3.9672;i2=-0.58966;i3=0.050926;i4=-0.0023604;i5=5.952e-05;i6=-7.6855e-07;i7=3.9784e-09
2026-10-01 17:17:04,2284.34,0,560,200,poly deg 5,5,2,14,3.3187409116907456,11.965832641893838,0.29180004147086636,75.0,39.20312707912387,39.29705731,0.2395988225290112,p0=-56.433;p1=12.021;p2=-0.58484;p3=0.011248;p4=-9.1013e-05;p5=2.6043e-07;i0=45.22;i1=3.9524;i2=-0.58386;i3=0.050115;i4=-0.0023099;i5=5.7981e-05;i6=-7.4594e-07;i7=3.8497e-09
2026-10-01 17:18:03,2344.08,0,560,500,sinus,5,0,14,9.52383284684317,34.85174926517827,-0.01209696884393265,75.0,100.15157677961137,99.21851532000001,-0.9316492956118058,bkg=1.6727e-09;amp=138.73;phi=111.59
2026-10-01 17:18:55,2396.136,0,560,500,sinus,5,1,14,9.94783886131075,36.632504057576895,0.04885173083073608,75.0,100.39826656092349,99.62774067,-0.76746931726747,bkg=2.3995e-09;amp=138.97;phi=111.6
2026-10-01 17:19:48,2448.178,0,560,500,sinus,5,2,14,9.870474934026062,36.395545178767435,-0.03731923706054942,75.0,100.3225125234193,99.79157746,-0.529228236080476,bkg=2.8846e-10;amp=138.86;phi=111.6
2026-10-01 17:20:40,2500.33,0,560,500,poly deg 5,5,0,14,1.0567006584889853,2.6142564264366586,-0.2447163803024214,75.0,100.32567384107182,99.71958026,-0.6041261003957415,p0=-145.35;p1=30.816;p2=-1.4975;p3=0.028783;p4=-0.00023274;p5=6.6538e-07;i0=45.227;i1=1.55;i2=-0.089863;i3=0.003025;i4=-5.4642e-05;i5=5.3707e-07;i6=-2.7041e-09;i7=5.46e-12
2026-10-01 17:21:32,2552.424,0,560,500,poly deg 5,5,1,14,2.0871731460914456,6.705957729588152,0.004456787973935769,75.0,100.1577976458467,99.92382152999998,-0.2336074887289796,p0=-132.7;p1=29.698;p2=-1.4597;p3=0.02817;p4=-0.00022799;p5=6.5121e-07;i0=45.23;i1=1.5498;i2=-0.089794;i3=0.0030232;i4=-5.4661e-05;i5=5.3814e-07;i6=-2.7151e-09;i7=5.495e-12
2026-10-01 17:22:24,2604.478,0,560,500,poly deg 5,5,2,14,0.9585657047697694,2.382223992097792,0.1464741207341028,75.0,100.26369538765579,99.88157525,-0.3811151545715271,p0=-153.47;p1=31.505;p2=-1.5203;p3=0.02915;p4=-0.00023564;p5=6.7437e-07;i0=45.233;i1=1.5476;i2=-0.089514;i3=0.0030084;i4=-5.4266e-05;i5=5.3272e-07;i6=-2.6791e-09;i7=5.4038e-12
2026-10-01 17:23:24,2664.226,0,560,1000,sinus,5,0,14,5.143995237612421,14.963533638388595,0.08824709278387154,75.0,207.0197860794084,205.962488,-0.5107232015991101,bkg=8.6495e-12;amp=288.02;phi=111.49
2026-10-01 17:24:16,2716.375,0,560,1000,sinus,5,1,14,4.515955860368767,10.99367780481724,0.6981395257248811,75.0,207.13462704784115,206.46119729999998,-0.32511693358041455,bkg=4.399e-11;amp=288.35;phi=111.47
2026-10-01 17:25:08,2768.487,0,560,1000,sinus,5,2,14,4.198680579751509,8.631663018325671,0.3810659117646903,75.0,207.32561946405352,206.5345481,-0.38155986997577956,bkg=1.0123e-10;amp=288.76;phi=111.46
2026-10-01 17:26:00,2820.673,0,560,1000,poly deg 5,5,0,14,1.1890319096308986,2.958791392181334,0.41499203079908104,75.0,206.16117877103213,206.54554829999998,0.1864412743752997,p0=-251.66;p1=58.633;p2=-2.8996;p3=0.055949;p4=-0.00045088;p5=1.2783e-06;i0=45.253;i1=0.75203;i2=-0.021094;i3=0.00034388;i4=-3.0113e-06;i5=1.436e-08;i6=-3.5097e-11;i7=3.4405e-14
2026-10-01 17:26:52,2872.92,0,560,1000,poly deg 5,5,1,14,1.2451821308882771,3.7950471698629995,0.34753704352282117,75.0,205.95839269426853,206.9415793,0.4773714694845917,p0=-183.09;p1=52.394;p2=-2.68;p3=0.052212;p4=-0.00042019;p5=1.1809e-06;i0=45.251;i1=0.75316;i2=-0.021185;i3=0.00034612;i4=-3.034e-06;i5=1.4468e-08;i6=-3.5325e-11;i7=3.457e-14
2026-10-01 17:27:44,2924.938,0,560,1000,poly deg 5,5,2,14,1.4001562149639488,3.690308680381317,0.4355504228695419,75.0,206.33766358497087,207.6163216,0.6196920100835421,p0=-182.98;p1=52.4;p2=-2.6802;p3=0.052202;p4=-0.00041987;p5=1.1789e-06;i0=45.257;i1=0.74937;i2=-0.020941;i3=0.0003403;i4=-2.969e-06;i5=1.4098e-08;i6=-3.4292e-11;i7=3.344e-14
2026-10-01 17:28:44,2984.769,0,642,100,sinus,5,0,14,11.929431794815091,42.6878437369359,-0.14166762832227223,75.0,16.89527554545753,16.66951533,-1.3362328116526527,bkg=5.4357e-13;amp=26.793;phi=108.79
2026-10-01 17:29:36,3036.736,0,642,100,sinus,5,1,14,10.393513435240157,37.15104169930173,0.6039707108732352,75.0,16.8429900214771,16.71201939,-0.7775972752468295,bkg=0.0039213;amp=26.695;phi=108.79
2026-10-01 17:30:28,3088.765,0,642,100,sinus,5,2,14,11.165613273385283,39.84050195882718,-1.7730163792814728,75.0,16.855953915643344,16.65701384,-1.1802362336712027,bkg=6.4384e-10;amp=26.699;phi=108.81
2026-10-01 17:31:20,3140.784,0,642,100,poly deg 5,5,0,14,12.077236596727953,44.88221362939064,-0.08565669420294333,75.0,16.790889525459022,16.59700703,-1.1546886492526156,p0=-68.121;p1=9.6054;p2=-0.40338;p3=0.0071488;p4=-5.5299e-05;p5=1.5478e-07;i0=49.528;i1=5.6751;i2=-1.3296;i3=0.20673;i4=-0.018035;i5=0.00088161;i6=-2.2539e-05;i7=2.3494e-07
2026-10-01 17:32:12,3192.695,0,642,100,poly deg 5,5,1,14,11.891738997017368,44.23493193529291,-0.016463941365478907,75.0,16.802405191777396,16.59169383,-1.254054758068276,p0=-66.902;p1=9.4689;p2=-0.39777;p3=0.0070405;p4=-5.4305e-05;p5=1.5129e-07;i0=49.525;i1=5.7097;i2=-1.3561;i3=0.21321;i4=-0.018747;i5=0.00092067;i6=-2.3589e-05;i7=2.4594e-07
2026-10-01 17:33:04,3244.755,0,642,100,poly deg 5,5,2,14,9.988088285483169,36.93577994058926,0.47396510144925685,75.0,16.743509952631882,16.577317559999997,-0.992577978584242,p0=-63.156;p1=9.1602;p2=-0.38807;p3=0.0068961;p4=-5.3295e-05;p5=1.4865e-07;i0=49.544;i1=5.5738;i2=-1.2659;i3=0.19226;i4=-0.016521;i5=0.00080268;i6=-2.0546e-05;i7=2.1548e-07
2026-10-01 17:34:04,3304.282,0,642,200,sinus,5,0,14,12.388780942348255,45.75182634053085,0.3037849293030235,75.0,33.78187613470415,33.37185271,-1.213737872547974,bkg=9.8088e-12;amp=53.664;phi=108.75
2026-10-01 17:34:56,3356.236,0,642,200,sinus,5,1,14,12.595130673660094,46.684330819055845,0.09212683921369239,75.0,33.75589385609719,33.34841355,-1.2071382492026357,bkg=2.5355e-12;amp=53.653;phi=108.74
2026-10-01 17:35:48,3408.23,0,642,200,sinus,5,2,14,12.224224237684602,45.22023314072266,0.2912911161185928,75.0,33.743038068324466,33.34310016999999,-1.185245672054369,bkg=1.3648e-10;amp=53.582;phi=108.76
2026-10-01 17:36:40,3460.244,0,642,200,poly deg 5,5,0,14,12.15477882308069,45.20799757704725,0.26404841578660176,75.0,33.68210600096609,33.34403782,-1.0037026216721523,p0=-132.47;p1=18.871;p2=-0.79536;p3=0.014115;p4=-0.00010919;p5=3.0533e-07;i0=49.512;i1=2.8468;i2=-0.33866;i3=0.026747;i4=-0.0011829;i5=2.9224e-05;i6=-3.7627e-07;i7=1.9681e-09
2026-10-01 17:37:32,3512.369,0,642,200,poly deg 5,5,1,14,11.320576212557338,42.10693093663788,-0.217410231807526,75.0,33.685220938300404,33.32184703,-1.0787339319103104,p0=-126.97;p1=18.339;p2=-0.77578;p3=0.013771;p4=-0.00010627;p5=2.9582e-07;i0=49.523;i1=2.8124;i2=-0.32699;i3=0.025316;i4=-0.0011008;i5=2.6839e-05;i6=-3.4239e-07;i7=1.7811e-09
2026-10-01 17:38:24,3564.316,0,642,200,poly deg 5,5,2,14,8.526921672645999,31.67472644450139,-0.1962375400237465,75.0,33.58743812955798,33.30590800000001,-0.8382006644032084,p0=-113.79;p1=17.172;p2=-0.73614;p3=0.013124;p4=-0.00010121;p5=2.8052e-07;i0=49.513;i1=2.8314;i2=-0.33334;i3=0.026035;i4=-0.0011368;i5=2.7715e-05;i6=-3.5237e-07;i7=1.8223e-09
2026-10-01 17:39:23,3623.788,0,642,500,sinus,5,0,14,13.325841953385586,49.54392946944995,0.09632407995139058,75.0,85.101363669979,84.077058,-1.2036301485734502,bkg=1.1191e-13;amp=135.54;phi=108.7
2026-10-01 17:40:15,3675.815,0,642,500,sinus,5,1,14,13.392854068945775,49.76106784934231,-0.07320752166355954,75.0,85.05294294587146,83.96266549999999,-1.281880918059875,bkg=1.8623e-12;amp=135.48;phi=108.7
2026-10-01 17:41:07,3727.669,0,642,500,sinus,5,2,14,13.399414341732937,49.76793405629216,0.1441822054816191,75.0,84.96395618615838,84.03266968,-1.096095977590676,bkg=8.3447e-12;amp=135.3;phi=108.71
2026-10-01 17:41:59,3779.722,0,642,500,poly deg 5,5,0,14,8.517187406762991,31.583178023848763,0.06580309932997595,75.0,84.48249539482947,83.95985663,-0.6186355675065119,p0=-275.07;p1=42.044;p2=-1.8078;p3=0.032228;p4=-0.00024794;p5=6.8438e-07;i0=49.523;i1=1.1164;i2=-0.051457;i3=0.0015789;i4=-2.7146e-05;i5=2.6106e-07;i6=-1.3108e-09;i7=2.679e-12
2026-10-01 17:42:51,3831.819,0,642,500,poly deg 5,5,1,14,8.443730879057659,31.34456384052436,0.1677130514265429,75.0,84.38671831794221,83.8754721,-0.6058373025195775,p0=-261.98;p1=40.896;p2=-1.7691;p3=0.031597;p4=-0.00024297;p5=6.6915e-07;i0=49.516;i1=1.1206;i2=-0.052104;i3=0.0016163;i4=-2.8115e-05;i5=2.7348e-07;i6=-1.3879e-09;i7=2.8641e-12
2026-10-01 17:43:43,3883.82,0,642,500,poly deg 5,5,2,14,10.102878569016323,37.48046463585516,0.19317946109456471,75.0,84.37475293960603,83.90141055000001,-0.5610000303584031,p0=-297.22;p1=43.988;p2=-1.8749;p3=0.033364;p4=-0.00025732;p5=7.1453e-07;i0=49.514;i1=1.1169;i2=-0.051631;i3=0.0015927;i4=-2.7563e-05;i5=2.67e-07;i6=-1.351e-09;i7=2.7831e-12
2026-10-01 17:44:43,3943.465,0,642,1000,sinus,5,0,14,14.43785721812125,52.99804647038705,0.03967590768073084,75.0,171.79633374953715,169.91548680000002,-1.094812041960818,bkg=7.0677e-13;amp=274.25;phi=108.66
2026-10-01 17:45:35,3995.445,0,642,1000,sinus,5,1,14,14.30800801258584,52.485021191362236,-0.08978435534239489,75.0,171.27344592734198,169.22600110000002,-1.1954245541428146,bkg=1.299e-13;amp=273.31;phi=108.67
2026-10-01 17:46:27,4047.518,0,642,1000,sinus,5,2,14,14.415442220761964,52.77106130913454,0.22937749623988188,75.0,170.98352664786995,168.92960829999998,-1.2012375625517921,bkg=1.517e-12;amp=272.84;phi=108.67
2026-10-01 17:47:19,4099.568,0,642,1000,poly deg 5,5,0,14,7.622911916638256,28.178763021680886,0.21839849715135679,75.0,168.90101574003546,168.6394722,-0.15485018777981588,p0=-484.31;p1=77.91;p2=-3.3954;p3=0.060705;p4=-0.00046528;p5=1.2729e-06;i0=49.522;i1=0.55386;i2=-0.012613;i3=0.0001917;i4=-1.6328e-06;i5=7.7852e-09;i6=-1.9404e-11;i7=1.9711e-14
2026-10-01 17:48:11,4151.544,0,642,1000,poly deg 5,5,1,14,6.6763384344856815,24.30984194630269,0.24852740900615042,75.0,168.6263425388354,168.5521098,-0.04402202984286459,p0=-457.39;p1=75.135;p2=-3.2874;p3=0.05871;p4=-0.00044773;p5=1.2138e-06;i0=49.502;i1=0.56201;i2=-0.013094;i3=0.0002021;i4=-1.7364e-06;i5=8.3055e-09;i6=-2.0692e-11;i7=2.0962e-14
2026-10-01 17:49:03,4203.482,0,642,1000,poly deg 5,5,2,14,8.91943904608955,32.96055833688819,0.429448549826021,75.0,168.44787986325565,168.00302130000003,-0.26409270548062314,p0=-489.93;p1=78.072;p2=-3.3913;p3=0.060508;p4=-0.00046288;p5=1.2635e-06;i0=49.516;i1=0.55594;i2=-0.012682;i3=0.00019365;i4=-1.6613e-06;i5=7.9824e-09;i6=-2.0035e-11;i7=2.0464e-14
2026-10-01 18:17:21,5901.173,1,405,50,sinus,5,0,14,9.479621208428359,27.8090086161372,-0.0849329914165402,75.0,619.9394339890234,618.8990233999999,-0.1678245538163217,bkg=1.5267e-10;amp=914.46;phi=110.21
2026-10-01 18:18:13,5953.234,1,405,50,sinus,5,1,14,9.445696638070624,28.01208642383503,0.11334566282596384,75.0,619.1409287882955,617.8748607,-0.2044878685008368,bkg=1.7302e-11;amp=913.17;phi=110.21
2026-10-01 18:19:05,6005.207,1,405,50,sinus,5,2,14,9.378302508149867,27.470927936687218,-0.024026319170601093,75.0,619.8489434713852,618.7076628000001,-0.1841223871405611,bkg=2.2793e-11;amp=913.75;phi=110.22
2026-10-01 18:19:57,6057.354,1,405,50,poly deg 5,5,0,14,3.170867926586271,9.829556915113201,0.10480104671280767,75.0,615.6905196693501,617.6497994,0.3182247684603122,p0=-1518.3;p1=250.25;p2=-11.196;p3=0.20539;p4=-0.0016127;p5=4.5177e-06;i0=45.01;i1=0.27517;i2=-0.0024871;i3=1.2893e-05;i4=-3.6164e-08;i5=5.5505e-11;i6=-4.3783e-14;i7=1.387e-17
2026-10-01 18:20:49,6109.607,1,405,50,poly deg 5,5,1,14,3.42391796231266,10.104180513252876,0.12331568511094829,75.0,615.3112713134526,616.3386226,0.16696448357827104,p0=-1563;p1=254.16;p2=-11.329;p3=0.20759;p4=-0.0016305;p5=4.5737e-06;i0=45.014;i1=0.27482;i2=-0.0024804;i3=1.2851e-05;i4=-3.6057e-08;i5=5.5404e-11;i6=-4.3777e-14;i7=1.3896e-17
2026-10-01 18:21:41,6161.658,1,405,50,poly deg 5,5,2,14,2.271531863490054,6.310512048750374,0.05112420729230792,75.0,614.3690966668698,616.9182301999998,0.41491890574570933,p0=-1315.2;p1=232.45;p2=-10.598;p3=0.19577;p4=-0.0015384;p5=4.2964e-06;i0=45.009;i1=0.27557;i2=-0.0024988;i3=1.2991e-05;i4=-3.6547e-08;i5=5.6284e-11;i6=-4.4563e-14;i7=1.4173e-17
2026-10-01 18:22:54,6235.134,1,405,100,sinus,5,0,14,9.454693895473103,28.627033317776128,0.10926623740697321,75.0,621.5790699129128,619.6361480999999,-0.3125783841442939,bkg=2.5302e-11;amp=916.82;phi=110.21
2026-10-01 18:23:47,6287.259,1,405,100,sinus,5,1,14,9.464377175392293,28.767504320914394,0.05645981462959425,75.0,621.4235607334537,619.0959692,-0.374557979537569,bkg=1.6057e-11;amp=916.67;phi=110.21
2026-10-01 18:24:39,6339.381,1,405,100,sinus,5,2,14,9.509375895693259,29.629154820865466,0.13262196285853375,75.0,620.3676985877614,618.3194220999999,-0.3301713632776736,bkg=1.363e-11;amp=915.79;phi=110.2
2026-10-01 18:25:31,6391.304,1,405,100,poly deg 5,5,0,14,2.025752420159883,5.612532382627315,0.33174111362437475,75.0,615.3434441777652,617.5147354,0.35285843097526204,p0=-1241.8;p1=226.51;p2=-10.412;p3=0.19295;p4=-0.0015176;p5=4.2367e-06;i0=45.01;i1=0.27478;i2=-0.002495;i3=1.3003e-05;i4=-3.6648e-08;i5=5.6493e-11;i6=-4.474e-14;i7=1.4226e-17
2026-10-01 18:26:23,6443.353,1,405,100,poly deg 5,5,1,14,2.546624112757721,7.2038511323274985,0.2976267877579735,75.0,615.4669031815906,616.3723946000001,0.1471226825892108,p0=-1364.1;p1=236.75;p2=-10.745;p3=0.19821;p4=-0.0015579;p5=4.3572e-06;i0=45.011;i1=0.27453;i2=-0.0024835;i3=1.2881e-05;i4=-3.6132e-08;i5=5.5456e-11;i6=-4.3749e-14;i7=1.3864e-17
2026-10-01 18:27:15,6495.397,1,405,100,poly deg 5,5,2,14,1.7200439781283752,4.584305286388273,-0.03194696604376105,75.0,614.804569098131,616.0573063999999,0.2037618724445393,p0=-1210.6;p1=223.47;p2=-10.305;p3=0.19119;p4=-0.0015041;p5=4.1979e-06;i0=45.006;i1=0.27518;i2=-0.0024957;i3=1.2971e-05;i4=-3.6461e-08;i5=5.6087e-11;i6=-4.4349e-14;i7=1.4085e-17
2026-10-01 18:28:28,6568.805,1,405,150,sinus,5,0,14,9.656730265101903,30.695072008139885,0.3180789674805549,75.0,621.4288514028885,618.3137773999998,-0.501276050485325,bkg=1.6114e-08;amp=917.98;phi=110.18
2026-10-01 18:29:20,6620.852,1,405,150,sinus,5,1,14,9.803831957847354,31.96350697789035,0.3356380607195295,75.0,620.9433513109975,618.2012557999999,-0.4416015575669229,bkg=1.792e-11;amp=918.21;phi=110.16
2026-10-01 18:30:12,6672.953,1,405,150,sinus,5,2,14,9.628940218572076,30.79916586469022,0.40052440911654613,75.0,621.2301972138107,617.9592488,-0.5265275945182314,bkg=8.5995e-11;amp=917.81;phi=110.18
2026-10-01 18:31:04,6724.95,1,405,150,poly deg 5,5,0,14,1.448082304019977,4.049664207496299,0.1793649851064989,75.0,614.4174315586522,618.1393324000001,0.6057609452756173,p0=-1099.1;p1=213.89;p2=-9.99;p3=0.18625;p4=-0.001467;p5=4.0914e-06;i0=44.986;i1=0.27555;i2=-0.0025028;i3=1.3033e-05;i4=-3.6699e-08;i5=5.6533e-11;i6=-4.4751e-14;i7=1.4226e-17
2026-10-01 18:31:56,6776.998,1,405,150,poly deg 5,5,1,14,1.699787128904966,4.625997901021478,0.10759001591356576,75.0,614.2692754343755,614.9599969999999,0.11244605472673748,p0=-1160.3;p1=219.05;p2=-10.158;p3=0.18891;p4=-0.0014874;p5=4.1524e-06;i0=44.989;i1=0.2754;i2=-0.0025011;i3=1.3013e-05;i4=-3.6586e-08;i5=5.625e-11;i6=-4.4436e-14;i7=1.4096e-17
2026-10-01 18:32:48,6828.945,1,405,150,poly deg 5,5,2,14,1.8837763094443596,5.05859190058328,0.12856649670213763,75.0,613.9478269967228,617.0420227999999,0.5039835092198509,p0=-1238.6;p1=225.76;p2=-10.384;p3=0.19262;p4=-0.0015174;p5=4.2474e-06;i0=45.185;i1=0.25239;i2=-0.0020375;i3=9.5348e-06;i4=-2.4272e-08;i5=3.4062e-11;i6=-2.4761e-14;i7=7.2891e-18
2026-10-01 18:33:48,6889.09,1,488,50,sinus,5,0,14,32.97622075521788,110.89127384374784,0.24136186718686928,75.0,7.729486371389292,7.744486490999999,0.1940636012533739,bkg=0.090715;amp=11.047;phi=110.63
2026-10-01 18:34:40,6941.087,1,488,50,sinus,5,1,14,30.119674489847593,100.71783181844825,0.14053695726154022,75.0,7.751388226346535,7.744268328,-0.09185320278933048,bkg=0.084215;amp=11.085;phi=110.64
2026-10-01 18:35:33,6993.239,1,488,50,sinus,5,2,14,32.35179932089415,108.71119935366684,0.35000746216788364,75.0,7.722538029191056,7.8018615030000005,1.0271684452585825,bkg=0.089835;amp=11.031;phi=110.64
2026-10-01 18:36:25,7045.164,1,488,50,poly deg 5,5,0,14,4.989105043661913,15.352473057043598,0.24213852107436082,75.0,7.771728331026619,7.790735551999999,0.244568777545901,p0=-13.398;p1=2.8978;p2=-0.14149;p3=0.0027492;p4=-2.2802e-05;p5=6.799e-08;i0=45.405;i1=19.894;i2=-13.823;i3=5.5456;i4=-1.2042;i5=0.1436;i6=-0.0088406;i7=0.00021981
2026-10-01 18:37:17,7097.237,1,488,50,poly deg 5,5,1,14,8.51575869048959,28.978694859066483,0.4040648502963517,75.0,7.7855171138777095,7.749503803999999,-0.4625679881111151,p0=-10.086;p1=2.6346;p2=-0.13356;p3=0.0026358;p4=-2.2028e-05;p5=6.5964e-08;i0=45.3;i1=20.817;i2=-15.392;i3=6.5418;i4=-1.5038;i5=0.18934;i6=-0.012263;i7=0.00031939
2026-10-01 18:38:09,7149.26,1,488,50,poly deg 5,5,2,14,8.963815067307383,28.51625717337113,0.19345589252167325,75.0,7.759575783473408,7.8172197589999985,0.7428753469920701,p0=-6.3137;p1=2.3001;p2=-0.12212;p3=0.0024474;p4=-2.0534e-05;p5=6.1403e-08;i0=45.3;i1=20.852;i2=-15.258;i3=6.391;i4=-1.4491;i5=0.18034;i6=-0.01157;i7=0.00029903
2026-10-01 18:39:08,7208.84,1,488,100,sinus,5,0,14,32.11309385666815,108.03363571991946,-0.2399976319187717,75.0,14.983749536796969,15.036858249999998,0.35444207788314314,bkg=0.17181;amp=21.328;phi=110.72
2026-10-01 18:40:00,7260.758,1,488,100,sinus,5,1,14,34.214603961358215,115.08444586948,0.3674733587936034,75.0,14.989234776874477,14.952648530000001,-0.24408348670955363,bkg=0.18087;amp=21.319;phi=110.73
2026-10-01 18:40:52,7312.802,1,488,100,sinus,5,2,14,36.67498362544384,124.52198969061837,0.12863378970168715,75.0,14.967864668158331,15.07390133,0.7084287852177378,bkg=0.19177;amp=21.279;phi=110.72
2026-10-01 18:41:44,7364.837,1,488,100,poly deg 5,5,0,14,5.682996821004084,19.926115725513114,-0.4368800160507342,75.0,15.07615132032376,15.027433830000003,-0.323142752342117,p0=-25.537;p1=5.5924;p2=-0.27392;p3=0.0053311;p4=-4.4262e-05;p5=1.3206e-07;i0=45.265;i1=10.925;i2=-4.2384;i3=0.94122;i4=-0.11278;i5=0.0073931;i6=-0.00024927;i7=3.3806e-06
2026-10-01 18:42:36,7416.81,1,488,100,poly deg 5,5,1,14,10.278434719633355,35.20072188568519,-0.3332691544218492,75.0,14.988372299756094,15.054878050000001,0.44371562778027274,p0=-9.5505;p1=4.2204;p2=-0.22883;p3=0.0046212;p4=-3.8895e-05;p5=1.1643e-07;i0=45.385;i1=10.145;i2=-3.5705;i3=0.72671;i4=-0.079995;i5=0.0048292;i6=-0.00015034;i7=1.8897e-06
2026-10-01 18:43:28,7468.762,1,488,100,poly deg 5,5,2,14,7.541264197734561,24.781740433398333,0.27290812036013645,75.0,15.010938154100195,15.013689900000001,0.01833160507062803,p0=-17.323;p1=4.8743;p2=-0.24997;p3=0.0049495;p4=-4.1348e-05;p5=1.2348e-07;i0=45.384;i1=10.183;i2=-3.5885;i3=0.73167;i4=-0.081113;i5=0.0049612;i6=-0.00015724;i7=2.0183e-06
2026-10-01 18:44:28,7528.773,1,560,100,sinus,5,0,14,4.504019619087201,12.202499159964548,0.9727973727521257,75.0,19.6121032944847,19.577074800000002,-0.17860651638801897,bkg=9.2095e-08;amp=27.265;phi=111.5
2026-10-01 18:45:20,7580.954,1,560,100,sinus,5,1,14,5.24217350631362,13.461681065320988,0.6083761425405393,75.0,19.60277887492215,19.58442127,-0.09364797225579244,bkg=9.3503e-10;amp=27.308;phi=111.46
2026-10-01 18:46:12,7633.007,1,560,100,sinus,5,2,14,4.739619627574739,13.344631970776202,0.922603940918793,75.0,19.58464562197142,19.61013526,0.13015113227264805,bkg=4.0456e-08;amp=27.266;phi=111.47
2026-10-01 18:47:04,7685.005,1,560,100,poly deg 5,5,0,14,11.306125105902092,41.53310163898131,-0.052747558113697114,75.0,19.491669858240382,19.559809379999997,0.34958278205604076,p0=-21.348;p1=5.5306;p2=-0.28163;p3=0.0055566;p4=-4.5949e-05;p5=1.3481e-07;i0=45.281;i1=7.5565;i2=-2.1393;i3=0.35626;i4=-0.032038;i5=0.0015769;i6=-3.9958e-05;i7=4.0791e-07
2026-10-01 18:47:56,7737.051,1,560,100,poly deg 5,5,1,14,12.144096430331969,44.92557996577437,0.8063498835668377,75.0,19.494120435528444,19.58846264,0.48395209613876566,p0=-27.665;p1=6.1208;p2=-0.30285;p3=0.0059235;p4=-4.9006e-05;p5=1.4463e-07;i0=45.231;i1=7.8292;i2=-2.3251;i3=0.40247;i4=-0.037417;i5=0.0018944;i6=-4.9168e-05;i7=5.1229e-07
2026-10-01 18:48:48,7789.027,1,560,100,poly deg 5,5,2,14,13.024422910186258,47.60296576366138,0.17697600364180704,75.0,19.469161981802674,19.53850257,0.3561559981992805,p0=-15.457;p1=5.0208;p2=-0.26468;p3=0.0052858;p4=-4.3867e-05;p5=1.2862e-07;i0=45.278;i1=7.5507;i2=-2.1333;i3=0.35412;i4=-0.031729;i5=0.0015556;i6=-3.9261e-05;i7=3.992e-07
2026-10-01 18:49:48,7848.643,1,560,200,sinus,5,0,14,11.477227413562021,39.8434705651148,0.8705485071872795,75.0,39.60586404575127,39.61407653,0.020735526030295836,bkg=0.026913;amp=55.118;phi=111.46
2026-10-01 18:50:40,7900.79,1,560,200,sinus,5,1,14,7.386138625231214,20.58819952076901,0.5799538159701355,75.0,39.60472616944686,39.58505728,-0.04966298558083651,bkg=0.0088751;amp=55.222;phi=111.43
2026-10-01 18:51:32,7952.776,1,560,200,sinus,5,2,14,8.7509516800446,27.752254206298982,0.6411709274007311,75.0,39.61248702129044,39.71877063,0.2683083459325248,bkg=0.015848;amp=55.196;phi=111.44
2026-10-01 18:52:24,8004.824,1,560,200,poly deg 5,5,0,14,13.514043180006876,49.75227616800223,0.6603843533741522,75.0,39.3692577555837,39.620689299999995,0.6386494405793858,p0=-36.241;p1=10.618;p2=-0.55178;p3=0.01097;p4=-9.0997e-05;p5=2.673e-07;i0=45.23;i1=3.8767;i2=-0.57108;i3=0.049049;i4=-0.0022648;i5=5.6994e-05;i6=-7.3556e-07;i7=3.8105e-09
2026-10-01 18:53:16,8056.938,1,560,200,poly deg 5,5,1,14,10.138551069853259,37.10395762511034,0.47354484232369914,75.0,39.42369174304665,39.726486050000005,0.76805162978365,p0=-45.741;p1=11.42;p2=-0.57774;p3=0.011372;p4=-9.3987e-05;p5=2.7582e-07;i0=45.225;i1=3.8819;i2=-0.57179;i3=0.04903;i4=-0.0022572;i5=5.6596e-05;i6=-7.2757e-07;i7=3.755e-09
2026-10-01 18:54:08,8108.945,1,560,200,poly deg 5,5,2,14,9.049046026430645,33.069035691578826,0.6084221790903563,75.0,39.37624194581834,39.745956289999995,0.9389274494259218,p0=-49.865;p1=11.775;p2=-0.58958;p3=0.011566;p4=-9.5537e-05;p5=2.8072e-07;i0=45.223;i1=3.8879;i2=-0.5745;i3=0.049478;i4=-0.0022885;i5=5.7645e-05;i6=-7.4436e-07;i7=3.8581e-09
2026-10-01 18:55:08,8168.62,1,560,500,sinus,5,0,14,5.815236060656689,14.536874804049313,0.3183473971809013,75.0,101.05615912644676,101.50525340000002,0.4444006950544466,bkg=3.6189e-10;amp=140.99;phi=111.42
2026-10-01 18:56:00,8220.643,1,560,500,sinus,5,1,14,6.149679668581948,14.692518638500108,0.35503075818702057,75.0,100.96704658449697,101.4156253,0.44428229870785335,bkg=6.4217e-08;amp=140.9;phi=111.42
2026-10-01 18:56:52,8272.788,1,560,500,sinus,5,2,14,5.8706276830983946,14.330871140272425,0.3510093440750986,75.0,101.02763618283346,101.53427480000002,0.5014851740663077,bkg=3.7279e-08;amp=140.94;phi=111.42
2026-10-01 18:57:44,8324.927,1,560,500,poly deg 5,5,0,14,5.196501855610174,18.253481545642433,0.22446162257526608,75.0,100.3390055063571,101.53832,1.1952624879931841,p0=-131.85;p1=30.229;p2=-1.5033;p3=0.029377;p4=-0.00024186;p5=7.0808e-07;i0=45.232;i1=1.5275;i2=-0.0887;i3=0.0030005;i4=-5.4497e-05;i5=5.3904e-07;i6=-2.7336e-09;i7=5.5644e-12
2026-10-01 18:58:36,8376.839,1,560,500,poly deg 5,5,1,14,3.0908672862127253,10.238546709101978,0.22618501358652796,75.0,100.2673608269802,101.5419922,1.2712325950408583,p0=-144.56;p1=31.342;p2=-1.5406;p3=0.029977;p4=-0.00024653;p5=7.2218e-07;i0=45.234;i1=1.5285;i2=-0.088752;i3=0.0030001;i4=-5.4424e-05;i5=5.3753e-07;i6=-2.7217e-09;i7=5.5315e-12
2026-10-01 18:59:28,8428.919,1,560,500,poly deg 5,5,2,14,6.108764311122267,21.92655546926202,0.3670533415345172,75.0,100.29740512380383,101.5945227,1.2932713210227647,p0=-141.08;p1=31.122;p2=-1.5364;p3=0.029965;p4=-0.00024689;p5=7.2459e-07;i0=45.236;i1=1.5287;i2=-0.088884;i3=0.003011;i4=-5.4782e-05;i5=5.4281e-07;i6=-2.7573e-09;i7=5.6207e-12
2026-10-01 19:00:28,8488.572,1,560,1000,sinus,5,0,14,3.763019725227153,10.372591613814066,-0.14241428037164602,75.0,207.11569716078782,208.97678739999998,0.8985751754814416,bkg=3.3851e-09;amp=287.73;phi=111.52
2026-10-01 19:01:20,8540.732,1,560,1000,sinus,5,1,14,3.80531120345066,10.638280384281714,-0.1616670988612007,75.0,206.87720587154652,209.0647964,1.0574342974313926,bkg=1.2149e-10;amp=287.63;phi=111.5
2026-10-01 19:02:12,8592.823,1,560,1000,sinus,5,2,14,3.7493858845204917,10.339565739679388,-0.28868829066053314,75.0,206.9192165920267,208.7750895,0.8969069855084858,bkg=2.7088e-10;amp=287.64;phi=111.51
2026-10-01 19:03:04,8645.065,1,560,1000,poly deg 5,5,0,14,5.894093571184018,21.51846037606785,-0.1515927056944317,75.0,206.3411063256625,208.9144481,1.247129968507605,p0=-557.57;p1=86.766;p2=-3.9072;p3=0.073469;p4=-0.00059844;p5=1.759e-06;i0=45.254;i1=0.74301;i2=-0.020905;i3=0.00034324;i4=-3.0293e-06;i5=1.4572e-08;i6=-3.5971e-11;i7=3.5673e-14
2026-10-01 19:03:56,8697.117,1,560,1000,poly deg 5,5,1,14,6.784207278126694,24.92648254745754,-0.14662448516926152,75.0,206.30128162310643,209.22980139999996,1.4195354259813378,p0=-579.95;p1=88.796;p2=-3.9784;p3=0.074681;p4=-0.00060839;p5=1.7907e-06;i0=45.254;i1=0.74612;i2=-0.02113;i3=0.00034843;i4=-3.083e-06;i5=1.4851e-08;i6=-3.6683e-11;i7=3.6383e-14
2026-10-01 19:04:49,8749.411,1,560,1000,poly deg 5,5,2,14,5.987011191171925,21.78571149785429,-0.24038313439345274,75.0,206.44874301558252,209.0721338,1.2707225755399518,p0=-573.41;p1=88.286;p2=-3.9629;p3=0.074444;p4=-0.0006066;p5=1.7853e-06;i0=45.258;i1=0.7415;i2=-0.020825;i3=0.00034141;i4=-3.0077e-06;i5=1.444e-08;i6=-3.557e-11;i7=3.5204e-14
2026-10-01 19:05:49,8809.41,1,642,100,sinus,5,0,14,13.30218965397576,47.034835451488505,0.542709017421623,75.0,15.547652250171549,15.31593893,-1.4903428276059636,bkg=3.1974e-14;amp=24.462;phi=108.93
2026-10-01 19:06:41,8861.461,1,642,100,sinus,5,1,14,13.113330414025443,46.329943499583024,-0.07617815538520537,75.0,15.586878567255066,15.37813263,-1.3392414417957972,bkg=7.9936e-15;amp=24.499;phi=108.95
2026-10-01 19:07:33,8913.467,1,642,100,sinus,5,2,14,12.020316804038538,43.20229481671036,-0.07472297251922069,75.0,15.625865064314034,15.407197180000002,-1.399396983232756,bkg=2.9132e-13;amp=24.502;phi=109
2026-10-01 19:08:25,8965.469,1,642,100,poly deg 5,5,0,14,2.690309782876966,9.163212764515857,-0.1270371507266986,75.0,15.468383981649108,15.37219434,-0.6218467408309901,p0=-31.553;p1=5.9546;p2=-0.27111;p3=0.0049325;p4=-3.7932e-05;p5=1.0314e-07;i0=49.368;i1=5.7993;i2=-1.3915;i3=0.2303;i4=-0.021594;i5=0.0011386;i6=-3.1429e-05;i7=3.5375e-07
2026-10-01 19:09:17,9017.454,1,642,100,poly deg 5,5,1,14,4.591428042485432,16.395881167603054,-0.04292681587276499,75.0,15.533712807631787,15.38219488,-0.9754134733155692,p0=-38.906;p1=6.6086;p2=-0.29344;p3=0.0052981;p4=-4.0807e-05;p5=1.1184e-07;i0=49.376;i1=5.756;i2=-1.3621;i3=0.22277;i4=-0.020714;i5=0.0010866;i6=-2.9912e-05;i7=3.3633e-07
2026-10-01 19:10:09,9069.453,1,642,100,poly deg 5,5,2,14,4.43107088091426,16.098000172716926,-0.3875230125210353,75.0,15.540795290332795,15.380632690000002,-1.0305946210643586,p0=-37.615;p1=6.4972;p2=-0.28971;p3=0.0052376;p4=-4.0331e-05;p5=1.104e-07;i0=49.357;i1=5.8911;i2=-1.4542;i3=0.24699;i4=-0.023771;i5=0.0012832;i6=-3.6115e-05;i7=4.1239e-07
2026-10-01 19:11:08,9129.105,1,642,200,sinus,5,0,14,13.8501328449301,48.98188872945951,-0.3206793090236503,75.0,31.669422683986674,31.132248610000005,-1.6961915578533302,bkg=1.3323e-15;amp=49.918;phi=108.9
2026-10-01 19:12:00,9181.121,1,642,200,sinus,5,1,14,13.317765311194634,47.510269601455796,-0.12045895476354329,75.0,31.7231586105138,31.24069665,-1.5208509544629636,bkg=1.3989e-14;amp=49.966;phi=108.91
2026-10-01 19:12:52,9233.145,1,642,200,sinus,5,2,14,13.203562800568516,47.25589639261508,-0.019216977922146924,75.0,31.75654183235463,31.29007668000001,-1.4688789315194537,bkg=1.9569e-12;amp=50.014;phi=108.91
2026-10-01 19:13:44,9285.072,1,642,200,poly deg 5,5,0,14,4.132148546172957,15.107143727482894,0.2097598723365949,75.0,31.46640351058676,31.1400626,-1.0371090247951655,p0=-72.457;p1=12.927;p2=-0.58161;p3=0.010563;p4=-8.1612e-05;p5=2.2418e-07;i0=49.382;i1=2.8707;i2=-0.33897;i3=0.027294;i4=-0.0012398;i5=3.1629e-05;i6=-4.2257e-07;i7=2.3055e-09
2026-10-01 19:14:36,9337.054,1,642,200,poly deg 5,5,1,14,2.9530251506290695,10.40142418702584,-0.043324728266169094,75.0,31.438165597013068,31.18381575,-0.8090479905011789,p0=-64.157;p1=12.209;p2=-0.55745;p3=0.010168;p4=-7.8494e-05;p5=2.1467e-07;i0=49.381;i1=2.8821;i2=-0.3436;i3=0.028055;i4=-0.0012963;i5=3.3661e-05;i6=-4.5703e-07;i7=2.5262e-09
2026-10-01 19:15:28,9389.02,1,642,200,poly deg 5,5,2,14,2.4328475166849035,8.39086985920378,-0.4218746068462094,75.0,31.45636147490184,31.35914617,-0.30904815542448016,p0=-57.674;p1=11.617;p2=-0.53647;p3=0.0098083;p4=-7.5511e-05;p5=2.0514e-07;i0=49.387;i1=2.8568;i2=-0.33388;i3=0.026775;i4=-0.0012184;i5=3.1263e-05;i6=-4.2092e-07;i7=2.3147e-09
2026-10-01 19:16:28,9448.646,1,642,500,sinus,5,0,14,15.452236589740373,53.837356349303356,0.09461325898861485,75.0,80.33426076478798,79.10998389000001,-1.5239785156828116,bkg=6.1136e-12;amp=127.26;phi=108.8
2026-10-01 19:17:20,9500.645,1,642,500,sinus,5,1,14,15.188016874639423,53.09929440358763,0.03801093668803641,75.0,80.32202581164756,79.21093031,-1.3833011436402884,bkg=1.0097e-10;amp=127.21;phi=108.81
2026-10-01 19:18:12,9552.705,1,642,500,sinus,5,2,14,14.822265759409442,51.9026475530961,0.3684317399229219,75.0,80.4619250371059,78.93777340999999,-1.89425200354457,bkg=1.6215e-11;amp=127.33;phi=108.82
2026-10-01 19:19:04,9604.762,1,642,500,poly deg 5,5,0,14,5.150197937242586,18.51193373805752,0.00024112845817747725,75.0,79.57713447058606,79.18249146,-0.4959251337856816,p0=-188.97;p1=32.922;p2=-1.4684;p3=0.026494;p4=-0.00020328;p5=5.5362e-07;i0=49.406;i1=1.1378;i2=-0.053009;i3=0.001691;i4=-3.0574e-05;i5=3.1148e-07;i6=-1.6646e-09;i7=3.6325e-12
2026-10-01 19:19:56,9656.748,1,642,500,poly deg 5,5,1,14,2.4599889139446924,8.644494162079097,0.3061136864629037,75.0,79.35262456297409,79.23437285,-0.14902054421683503,p0=-154.66;p1=30.17;p2=-1.3845;p3=0.025284;p4=-0.00019503;p5=5.3231e-07;i0=49.411;i1=1.1334;i2=-0.052291;i3=0.0016352;i4=-2.875e-05;i5=2.8351e-07;i6=-1.4636e-09;i7=3.0874e-12
2026-10-01 19:20:48,9708.745,1,642,500,poly deg 5,5,2,14,3.8055226209689668,13.7322048010383,-0.23081740342011836,75.0,79.46806193858899,79.34937925,-0.1493463986585015,p0=-161.33;p1=30.652;p2=-1.3964;p3=0.025395;p4=-0.00019519;p5=5.306e-07;i0=49.402;i1=1.1459;i2=-0.054255;i3=0.001757;i4=-3.2178e-05;i5=3.3078e-07;i6=-1.7762e-09;i7=3.879e-12
2026-10-01 19:21:48,9768.279,1,642,1000,sinus,5,0,14,16.818722497829402,57.186031178107,-0.10469642180627721,75.0,163.18936207151756,160.5123,-1.6404635924395208,bkg=3.234e-09;amp=259.58;phi=108.73
2026-10-01 19:22:40,9820.295,1,642,1000,sinus,5,1,14,16.22331591356984,55.66576660448317,-0.24255480771709667,75.0,162.59423246767238,160.3563173,-1.3763804125815684,bkg=4.1637e-11;amp=258.38;phi=108.75
2026-10-01 19:23:32,9872.296,1,642,1000,sinus,5,2,14,15.878007023259123,54.4923127060495,0.12447981759138309,75.0,162.56848492519774,160.49358549999997,-1.276323283785593,bkg=1.6334e-11;amp=258.14;phi=108.76
2026-10-01 19:24:24,9924.395,1,642,1000,poly deg 5,5,0,14,4.899371975138461,17.78641771539754,0.2770311787167512,75.0,160.1032061881146,160.19095779999998,0.05480940324347784,p0=-361.53;p1=64.708;p2=-2.905;p3=0.052534;p4=-0.00040323;p5=1.0978e-06;i0=49.427;i1=0.56733;i2=-0.013166;i3=0.00020835;i4=-1.8644e-06;i5=9.3813e-09;i6=-2.4717e-11;i7=2.6552e-14
2026-10-01 19:25:16,9976.344,1,642,1000,poly deg 5,5,1,14,3.095180520474543,11.044498615365764,0.299389251395141,75.0,159.78517280116426,160.25648109999997,0.2949637257157784,p0=-293.16;p1=58.956;p2=-2.7189;p3=0.049634;p4=-0.00038141;p5=1.034e-06;i0=49.412;i1=0.57415;i2=-0.013649;i3=0.00022001;i4=-1.9954e-06;i5=1.0126e-08;i6=-2.679e-11;i7=2.8789e-14
2026-10-01 19:26:08,10028.407,1,642,1000,poly deg 5,5,2,14,4.736193939469143,17.255551729804104,0.32679229878160426,75.0,159.86188986245378,159.74170560000002,-0.07518005858505065,p0=-335.15;p1=62.403;p2=-2.8278;p3=0.051287;p4=-0.00039348;p5=1.068e-06;i0=49.435;i1=0.56207;i2=-0.012762;i3=0.00019695;i4=-1.7132e-06;i5=8.3717e-09;i6=-2.1449e-11;i7=2.2482e-14
2026-10-01 19:54:25,11725.863,2,405,50,sinus,5,0,14,9.594332614350472,32.110948027229576,-0.1340988095445266,75.0,608.6513446158244,606.1197101,-0.41594166154719564,bkg=8.1268e-14;amp=898.39;phi=110.2
2026-10-01 19:55:17,11777.911,2,405,50,sinus,5,1,14,9.685686617398211,32.515883038893165,-0.18068252606963778,75.0,608.587670514362,606.5361141999998,-0.3371011957288368,bkg=3.9218e-11;amp=898.65;phi=110.19
2026-10-01 19:56:09,11830.018,2,405,50,sinus,5,2,14,9.530965011021914,31.64774649175044,-0.008144470100014052,75.0,608.8764384581739,605.6751728,-0.5257660595769211,bkg=5.1619e-12;amp=898.2;phi=110.21
2026-10-01 19:57:01,11882.126,2,405,50,poly deg 5,5,0,14,1.5184920741708805,4.407152056203194,0.26789907227686216,75.0,603.4467138431803,604.932338,0.24618978324666588,p0=-1058.5;p1=208.79;p2=-9.8036;p3=0.18355;p4=-0.0014525;p5=4.0751e-06;i0=45.182;i1=0.25718;i2=-0.0021346;i3=1.0261e-05;i4=-2.6798e-08;i5=3.8539e-11;i6=-2.8684e-14;i7=8.6383e-18
2026-10-01 19:57:54,11934.209,2,405,50,poly deg 5,5,1,14,1.095204778870534,2.690743344064736,-0.061351664908839754,75.0,603.6728041651725,606.2491297,0.42677515320412635,p0=-1002.3;p1=203.86;p2=-9.6381;p3=0.18089;p4=-0.0014318;p5=4.0126e-06;i0=45.186;i1=0.25681;i2=-0.002131;i3=1.0236e-05;i4=-2.6695e-08;i5=3.8326e-11;i6=-2.8477e-14;i7=8.5634e-18
2026-10-01 19:58:46,11986.162,2,405,50,poly deg 5,5,2,14,1.3499535292460094,4.142510827158841,-0.055136386637130955,75.0,602.8237735110279,606.5417351000001,0.6167576250879586,p0=-965.77;p1=200.33;p2=-9.5077;p3=0.1786;p4=-0.0014128;p5=3.9528e-06;i0=45.174;i1=0.25803;i2=-0.0021469;i3=1.0316e-05;i4=-2.6885e-08;i5=3.8539e-11;i6=-2.8572e-14;i7=8.5683e-18
2026-10-01 19:59:59,12059.507,2,405,100,sinus,5,0,14,9.767024025770198,32.750835233585526,-0.14947850081027347,75.0,611.8238304971283,609.9067866,-0.31333266237285307,bkg=1.8856e-07;amp=903.25;phi=110.19
2026-10-01 20:00:51,12111.552,2,405,100,sinus,5,1,14,9.907567189456632,33.320130275579416,0.13158845038865433,75.0,611.2460078940895,609.4453514,-0.29458785347216204,bkg=4.7078e-10;amp=902.84;phi=110.18
2026-10-01 20:01:43,12163.482,2,405,100,sinus,5,2,14,9.84723996795165,33.08398795330828,0.0124732210997768,75.0,611.091200639463,608.0441772,-0.4986200809755447,bkg=3.3529e-14;amp=902.38;phi=110.19
2026-10-01 20:02:35,12215.615,2,405,100,poly deg 5,5,0,14,1.1933685531895213,3.1700993773003896,-0.2325690269315313,75.0,605.5495299001759,608.1792354,0.43426761478249853,p0=-1039;p1=207.78;p2=-9.7918;p3=0.18371;p4=-0.0014562;p5=4.0939e-06;i0=45.175;i1=0.25593;i2=-0.0021167;i3=1.0144e-05;i4=-2.6401e-08;i5=3.7819e-11;i6=-2.8023e-14;i7=8.3984e-18
2026-10-01 20:03:27,12267.572,2,405,100,poly deg 5,5,1,14,1.3244371166519175,3.880999701668761,0.2781628147412386,75.0,604.4698406528737,608.6125376,0.6853438614326675,p0=-1052.8;p1=209.23;p2=-9.8522;p3=0.18493;p4=-0.0014681;p5=4.1375e-06;i0=45.169;i1=0.25694;i2=-0.0021339;i3=1.0258e-05;i4=-2.6787e-08;i5=3.8528e-11;i6=-2.8687e-14;i7=8.6441e-18
2026-10-01 20:04:19,12319.707,2,405,100,poly deg 5,5,2,14,1.6919397912534107,4.657598467718939,0.1327142724036685,75.0,604.8678407812718,607.6559246,0.4609409908662187,p0=-1182;p1=220.51;p2=-10.232;p3=0.19108;p4=-0.0015163;p5=4.2834e-06;i0=45.165;i1=0.25762;i2=-0.0021472;i3=1.036e-05;i4=-2.7143e-08;i5=3.913e-11;i6=-2.9172e-14;i7=8.7933e-18
2026-10-01 20:05:32,12393.108,2,405,150,sinus,5,0,14,9.919513468451498,33.30930683309698,-0.09394472114593011,75.0,613.1118958300826,611.9381964999999,-0.1914331361151764,bkg=7.7457e-10;amp=905.3;phi=110.19
2026-10-01 20:06:24,12445.13,2,405,150,sinus,5,1,14,9.970117766505735,33.68551985949481,0.18064890129560465,75.0,612.0012834007686,611.25167,-0.12248559293913819,bkg=7.0426e-11;amp=904.05;phi=110.18
2026-10-01 20:07:17,12497.25,2,405,150,sinus,5,2,14,10.045126861204476,34.18338832378222,0.009971449341091886,75.0,611.8675152819138,608.3649277000001,-0.572442153641702,bkg=1.0141e-07;amp=904.27;phi=110.17
2026-10-01 20:08:09,12549.297,2,405,150,poly deg 5,5,0,14,2.1262901897324515,5.707323870676733,-0.06607363113042791,75.0,606.6226093004905,611.2910746999999,0.7695831523478319,p0=-1338.5;p1=234.21;p2=-10.694;p3=0.1986;p4=-0.0015753;p5=4.4632e-06;i0=45.16;i1=0.25617;i2=-0.002116;i3=1.0125e-05;i4=-2.6319e-08;i5=3.7658e-11;i6=-2.7878e-14;i7=8.3504e-18
2026-10-01 20:09:01,12601.442,2,405,150,poly deg 5,5,1,14,2.243661349042564,6.296083437032098,-0.03742249109750707,75.0,606.475833776871,610.7227384,0.700259497015918,p0=-1324.1;p1=233.04;p2=-10.655;p3=0.19793;p4=-0.0015696;p5=4.4442e-06;i0=45.143;i1=0.25731;i2=-0.0021389;i3=1.03e-05;i4=-2.6937e-08;i5=3.8762e-11;i6=-2.8844e-14;i7=8.6791e-18
2026-10-01 20:09:53,12653.496,2,405,150,poly deg 5,5,2,14,1.8282114837988948,5.232919587226897,0.12234935566612125,75.0,607.060097530587,611.026591,0.6533938708124737,p0=-1394;p1=239.69;p2=-10.903;p3=0.20241;p4=-0.0016084;p5=4.573e-06;i0=45.161;i1=0.25636;i2=-0.0021222;i3=1.0177e-05;i4=-2.653e-08;i5=3.8093e-11;i6=-2.8313e-14;i7=8.5179e-18
2026-10-01 20:10:53,12713.791,2,488,50,sinus,5,0,14,30.513185543783262,99.15286111719647,0.35333969472028265,75.0,7.8167015937487365,7.956842798,1.7928432161634404,bkg=0.094987;amp=11.087;phi=110.78
2026-10-01 20:11:45,12765.792,2,488,50,sinus,5,1,14,28.90140362810394,91.93740234840429,0.633175517495609,75.0,7.854537593375618,8.051174971999998,2.5034876501224117,bkg=0.092969;amp=11.121;phi=110.83
2026-10-01 20:12:37,12817.842,2,488,50,sinus,5,2,14,26.746608204262873,84.7277687196144,-0.5143481763777876,75.0,7.872167490656271,7.9373824399999995,0.8284243116160054,bkg=0.087587;amp=11.161;phi=110.82
2026-10-01 20:13:29,12869.892,2,488,50,poly deg 5,5,0,14,8.811869988765999,31.909945465295237,-0.3709580076402849,75.0,7.913286913950577,7.955970057999998,0.5393857762717298,p0=-12.596;p1=2.8601;p2=-0.14118;p3=0.0027558;p4=-2.29e-05;p5=6.8305e-08;i0=45.34;i1=19.292;i2=-12.705;i3=4.8509;i4=-1.0072;i5=0.11527;i6=-0.0068341;i7=0.0001642
2026-10-01 20:14:21,12922.088,2,488,50,poly deg 5,5,1,14,8.658010104259187,31.53679471192828,-0.1404180642145239,75.0,7.924192877038891,7.957540732999998,0.4208359952688172,p0=-16.09;p1=3.1626;p2=-0.15136;p3=0.0029222;p4=-2.4217e-05;p5=7.2341e-08;i0=45.225;i1=20.494;i2=-14.689;i3=6.0773;i4=-1.3653;i5=0.16847;i6=-0.01072;i7=0.00027497
2026-10-01 20:15:13,12974.086,2,488,50,poly deg 5,5,2,14,7.932761368972933,29.04921363559696,0.006691152157129391,75.0,7.918320884083528,7.9654382550000005,0.5950424541544217,p0=-17.379;p1=3.2873;p2=-0.15588;p3=0.0029996;p4=-2.4853e-05;p5=7.4353e-08;i0=45.194;i1=20.73;i2=-15.051;i3=6.2883;i4=-1.422;i5=0.17606;i6=-0.011213;i7=0.00028725
2026-10-01 20:16:13,13033.689,2,488,100,sinus,5,0,14,27.364462239487736,87.28379083824325,-0.0914450649777088,75.0,15.20544655943426,15.452844740000003,1.6270365990155369,bkg=0.16785;amp=21.493;phi=110.88
2026-10-01 20:17:05,13085.79,2,488,100,sinus,5,1,14,25.90509674666231,83.56794035070806,-0.2670131844538782,75.0,15.233271603946875,15.40847131,1.1501121401113272,bkg=0.16303;amp=21.573;phi=110.85
2026-10-01 20:17:57,13137.763,2,488,100,sinus,5,2,14,25.926049797717653,81.97087946931529,0.19491199986469349,75.0,15.214838776211653,15.46763563,1.6615151662572574,bkg=0.164;amp=21.511;phi=110.88
2026-10-01 20:18:49,13189.795,2,488,100,poly deg 5,5,0,14,9.911741579107279,36.374753659638046,-0.10729276801799627,75.0,15.325505571796874,15.451099339999999,0.8195081566134524,p0=-37.224;p1=6.6518;p2=-0.31122;p3=0.005964;p4=-4.9405e-05;p5=1.4811e-07;i0=45.291;i1=10.192;i2=-3.5845;i3=0.73059;i4=-0.080822;i5=0.0049108;i6=-0.00015398;i7=1.9499e-06
2026-10-01 20:19:41,13241.843,2,488,100,poly deg 5,5,1,14,10.827585063426298,39.49393951549261,0.2893338335274577,75.0,15.349478743970835,15.422826349999998,0.4778507938451872,p0=-40.476;p1=6.9542;p2=-0.32205;p3=0.0061498;p4=-5.0937e-05;p5=1.5296e-07;i0=45.302;i1=10.065;i2=-3.44;i3=0.68172;i4=-0.073601;i5=0.0043844;i6=-0.00013537;i7=1.6955e-06
2026-10-01 20:20:33,13293.748,2,488,100,poly deg 5,5,2,14,9.532341627593452,34.041905365474584,0.30914921014701263,75.0,15.432687092646397,15.492418330000001,0.3870436625522342,p0=-51.019;p1=7.9002;p2=-0.35455;p3=0.006685;p4=-5.5166e-05;p5=1.6583e-07;i0=45.293;i1=10.139;i2=-3.5172;i3=0.70575;i4=-0.076908;i5=0.0046108;i6=-0.00014297;i7=1.7954e-06
2026-10-01 20:21:33,13353.731,2,560,100,sinus,5,0,14,23.106543789839844,85.9931590819442,0.8382137437318501,75.0,19.692352972047203,19.770299669999996,0.3958221654031723,bkg=0.03022;amp=27.225;phi=111.6
2026-10-01 20:22:25,13405.724,2,560,100,sinus,5,1,14,14.603194603741553,53.74913984638343,0.20085140245431019,75.0,19.700857440789544,19.79307513,0.46808972395040105,bkg=0.021257;amp=27.258;phi=111.59
2026-10-01 20:23:17,13457.704,2,560,100,sinus,5,2,14,14.428046928955803,53.07186745008593,0.7507250462301299,75.0,19.694812821146083,19.82797291,0.6761175648795403,bkg=0.021442;amp=27.254;phi=111.59
2026-10-01 20:24:09,13509.779,2,560,100,poly deg 5,5,0,14,1.9848089938813793,5.3613643945973335,0.31610653032009484,75.0,19.701572916712024,19.837892059999998,0.6919201013252091,p0=-58.65;p1=8.8801;p2=-0.3977;p3=0.0074956;p4=-6.1562e-05;p5=1.8334e-07;i0=45.227;i1=7.7521;i2=-2.2896;i3=0.39592;i4=-0.036853;i5=0.0018707;i6=-4.8739e-05;i7=5.1025e-07
2026-10-01 20:25:01,13561.843,2,560,100,poly deg 5,5,1,14,4.9619774866485145,17.926048304336796,0.6322117293531907,75.0,19.669623646735687,19.75119766,0.4147207629864841,p0=-49.066;p1=8.0361;p2=-0.36901;p3=0.0070245;p4=-5.7819e-05;p5=1.718e-07;i0=45.22;i1=7.7864;i2=-2.3128;i3=0.40081;i4=-0.037318;i5=0.0018927;i6=-4.9239e-05;i7=5.1456e-07
2026-10-01 20:25:53,13613.895,2,560,100,poly deg 5,5,2,14,5.382728753442146,19.72500055143148,0.18147225202915826,75.0,19.66190987965357,19.783524049999997,0.6185267407428923,p0=-54.779;p1=8.5161;p2=-0.38443;p3=0.0072622;p4=-5.9587e-05;p5=1.769e-07;i0=45.225;i1=7.8112;i2=-2.3342;i3=0.40625;i4=-0.037912;i5=0.0019246;i6=-5.0056e-05;i7=5.2246e-07
2026-10-01 20:26:53,13673.398,2,560,200,sinus,5,0,14,15.796729813726271,58.56194505530063,0.8565293355926078,75.0,39.79952512995023,39.94469084,0.3647423168386645,bkg=0.052357;amp=55.03;phi=111.6
2026-10-01 20:27:45,13725.47,2,560,200,sinus,5,1,14,15.911450736274519,58.80519730700215,0.9580661619188408,75.0,39.738616982182,40.08832348000001,0.8800167805910465,bkg=0.050661;amp=54.993;phi=111.58
2026-10-01 20:28:37,13777.571,2,560,200,sinus,5,2,14,15.686511688199808,58.03635366555802,0.5615421769068893,75.0,39.81569789280444,40.075099449999996,0.6515057400072322,bkg=0.051328;amp=55.09;phi=111.58
2026-10-01 20:29:29,13829.517,2,560,200,poly deg 5,5,0,14,1.2560620949811026,3.7588737481198184,0.5329205211807381,75.0,39.745707864483265,40.07473102,0.827820595467999,p0=-104.34;p1=16.666;p2=-0.75883;p3=0.014385;p4=-0.00011815;p5=3.5068e-07;i0=45.227;i1=3.8493;i2=-0.56429;i3=0.04828;i4=-0.0022195;i5=5.5594e-05;i6=-7.1435e-07;i7=3.6872e-09
2026-10-01 20:30:21,13881.476,2,560,200,poly deg 5,5,1,14,3.5905871721529987,12.813963585220659,0.6216400432134138,75.0,39.738577062762005,40.108159930000014,0.9300354832894492,p0=-105.04;p1=16.696;p2=-0.75892;p3=0.014373;p4=-0.00011796;p5=3.4981e-07;i0=45.223;i1=3.8491;i2=-0.56412;i3=0.048226;i4=-0.0022143;i5=5.5381e-05;i6=-7.1033e-07;i7=3.6585e-09
2026-10-01 20:31:13,13933.441,2,560,200,poly deg 5,5,2,14,3.8945095781100765,13.620710621010781,0.8766430248264454,75.0,39.81989268022642,40.04056901,0.5541861489826775,p0=-114.22;p1=17.521;p2=-0.7872;p3=0.014837;p4=-0.0001216;p5=3.6078e-07;i0=45.227;i1=3.8423;i2=-0.56187;i3=0.047984;i4=-0.0022022;i5=5.5071e-05;i6=-7.0652e-07;i7=3.6411e-09
2026-10-01 20:32:13,13993.17,2,560,500,sinus,5,0,14,6.657827430036553,21.840395584764256,0.4134183050110226,75.0,101.36716263662333,102.4067268,1.0255433183063951,bkg=0.050973;amp=140.67;phi=111.53
2026-10-01 20:33:05,14045.223,2,560,500,sinus,5,1,14,3.3581365760704203,9.87109496200088,0.4174542272189309,75.0,101.30096699659755,102.32407210000001,1.0099657819029713,bkg=0.0118;amp=140.56;phi=111.55
2026-10-01 20:33:57,14097.38,2,560,500,sinus,5,2,14,3.240450518856585,9.209391689879487,0.2375320079965959,75.0,101.37469717808503,102.5206077,1.1303713390156405,bkg=0.023618;amp=140.6;phi=111.55
2026-10-01 20:34:49,14149.277,2,560,500,poly deg 5,5,0,14,9.448426172803536,34.87971983112187,0.31808083971562123,75.0,101.30866470987223,102.4467721,1.1234057751990747,p0=-298.62;p1=44.997;p2=-2.0069;p3=0.037644;p4=-0.00030722;p5=9.0746e-07;i0=45.238;i1=1.5099;i2=-0.086649;i3=0.0029059;i4=-5.2367e-05;i5=5.1401e-07;i6=-2.5871e-09;i7=5.2276e-12
2026-10-01 20:35:41,14201.38,2,560,500,poly deg 5,5,1,14,8.527320836504874,31.475929682754128,0.20534629352195619,75.0,101.3474668118198,102.4812988,1.1187571074524087,p0=-297.72;p1=44.905;p2=-2.0038;p3=0.037599;p4=-0.00030693;p5=9.0684e-07;i0=45.237;i1=1.5102;i2=-0.086617;i3=0.0029009;i4=-5.22e-05;i5=5.1165e-07;i6=-2.5718e-09;i7=5.1907e-12
2026-10-01 20:36:33,14253.484,2,560,500,poly deg 5,5,2,14,9.921676769073697,36.62651925504425,0.597152258020431,75.0,101.38338460165676,102.4621971,1.0640920132840093,p0=-313.35;p1=46.314;p2=-2.0526;p3=0.038412;p4=-0.00031346;p5=9.2712e-07;i0=45.238;i1=1.5091;i2=-0.086524;i3=0.0028991;i4=-5.2224e-05;i5=5.1272e-07;i6=-2.5826e-09;i7=5.2255e-12
2026-10-01 20:37:32,14313.091,2,560,1000,sinus,5,0,14,7.327795556575779,26.383115856152433,-0.014162914124604914,75.0,208.1373232896587,211.0963344,1.421662901959839,bkg=7.2375e-09;amp=287.49;phi=111.65
2026-10-01 20:38:24,14365.071,2,560,1000,sinus,5,1,14,6.11596614867752,21.473603069838557,-0.26626799511794763,75.0,207.96011888039465,210.95698780000004,1.4410786720741382,bkg=2.1709e-10;amp=287.5;phi=111.63
2026-10-01 20:39:17,14417.231,2,560,1000,sinus,5,2,14,6.902550640364553,24.816855845501898,-0.15971162574274592,75.0,207.97933886296323,210.8836427,1.3964386332386594,bkg=9.3389e-10;amp=287.25;phi=111.65
2026-10-01 20:40:09,14469.219,2,560,1000,poly deg 5,5,0,14,21.052871015375473,77.78388446575524,-0.11204315069682286,75.0,208.62802787541557,210.7919694,1.0372247423422183,p0=-856.85;p1=113.15;p2=-4.8019;p3=0.088045;p4=-0.00071255;p5=2.1032e-06;i0=45.258;i1=0.73526;i2=-0.020496;i3=0.00033424;i4=-2.9295e-06;i5=1.3988e-08;i6=-3.4265e-11;i7=3.3716e-14
2026-10-01 20:41:01,14521.258,2,560,1000,poly deg 5,5,1,14,23.64477363914311,87.4185503451676,-0.20873848615310656,75.0,208.89255433766743,211.0009938,1.0093416057923976,p0=-904.79;p1=117.27;p2=-4.9383;p3=0.090226;p4=-0.00072938;p5=2.1535e-06;i0=45.258;i1=0.73513;i2=-0.020478;i3=0.0003336;i4=-2.9208e-06;i5=1.3933e-08;i6=-3.4104e-11;i7=3.3539e-14
2026-10-01 20:41:53,14573.329,2,560,1000,poly deg 5,5,2,14,20.757133838634996,76.67145492067814,0.06192541606876861,75.0,208.6733242606607,210.9239832,1.0785561342416392,p0=-870.53;p1=114.34;p2=-4.8424;p3=0.088724;p4=-0.00071806;p5=2.1205e-06;i0=45.258;i1=0.73629;i2=-0.020564;i3=0.00033567;i4=-2.9451e-06;i5=1.4083e-08;i6=-3.456e-11;i7=3.4082e-14
2026-10-01 20:42:53,14633.3,2,642,100,sinus,5,0,14,13.486771719425361,46.840246552950866,-0.42253532797122895,75.0,15.191820454401153,14.9705911,-1.4562399224318219,bkg=0;amp=23.877;phi=108.95
2026-10-01 20:43:45,14685.3,2,642,100,sinus,5,1,14,14.022160483585203,48.99076709336752,-0.5387340183102934,75.0,15.200969177038873,14.997155210000003,-1.3407958707444287,bkg=3.5198e-10;amp=23.922;phi=108.93
2026-10-01 20:44:37,14737.311,2,642,100,sinus,5,2,14,14.450602274274122,50.31566078726601,-0.5223590101016128,75.0,15.21773178425052,15.05247438,-1.085952930393685,bkg=5.0144e-11;amp=23.973;phi=108.91
2026-10-01 20:45:29,14789.224,2,642,100,poly deg 5,5,0,14,4.765446680560067,17.356811746508413,-0.6862631001220173,75.0,15.099151198055168,15.033408999999997,-0.4354032699774444,p0=-35.57;p1=6.2724;p2=-0.28184;p3=0.0051253;p4=-3.9731e-05;p5=1.0975e-07;i0=49.35;i1=5.9397;i2=-1.4431;i3=0.24172;i4=-0.023056;i5=0.0012425;i6=-3.515e-05;i7=4.0602e-07
2026-10-01 20:46:20,14841.149,2,642,100,poly deg 5,5,1,14,5.128611607676201,18.74251019605519,0.31327728992476556,75.0,15.134241419171225,15.15623488,0.14532251878124725,p0=-37.643;p1=6.4599;p2=-0.28828;p3=0.0052305;p4=-4.0552e-05;p5=1.1222e-07;i0=49.363;i1=5.8965;i2=-1.4286;i3=0.23969;i4=-0.022878;i5=0.0012306;i6=-3.4667e-05;i7=3.981e-07
2026-10-01 20:47:12,14893.124,2,642,100,poly deg 5,5,2,14,5.492781929862564,19.422442191969015,0.7616123149645728,75.0,15.178475295912527,15.072789219999999,-0.6962891453332526,p0=-41.208;p1=6.7476;p2=-0.297;p3=0.0053539;p4=-4.1358e-05;p5=1.1414e-07;i0=49.363;i1=5.8773;i2=-1.4143;i3=0.23524;i4=-0.02223;i5=0.0011843;i6=-3.3094e-05;i7=3.7776e-07
2026-10-01 20:48:12,14952.658,2,642,200,sinus,5,0,14,14.711251980283272,51.476944524344226,-0.054660645834539195,75.0,30.92131167275678,30.62938415,-0.9440981218593719,bkg=3.5527e-15;amp=48.788;phi=108.88
2026-10-01 20:49:04,15004.664,2,642,200,sinus,5,1,14,15.323371412170184,53.30187419819965,-0.3845641246267485,75.0,31.021418980765407,30.647823400000004,-1.2043149315543842,bkg=6.8388e-12;amp=49.027;phi=108.85
2026-10-01 20:49:56,15056.705,2,642,200,sinus,5,2,14,14.429810096663292,50.76672667282327,-0.10673162336371765,75.0,31.086452927854918,30.629696140000004,-1.4693113714676616,bkg=1.139e-10;amp=49.051;phi=108.88
2026-10-01 20:50:48,15108.65,2,642,200,poly deg 5,5,0,14,3.0217951604293503,10.030969364796217,-0.4203442330305505,75.0,30.771702765092613,30.63438423,-0.44624938743522596,p0=-66.654;p1=12.204;p2=-0.5519;p3=0.010024;p4=-7.7193e-05;p5=2.1072e-07;i0=49.371;i1=2.924;i2=-0.34906;i3=0.028526;i4=-0.0013219;i5=3.4562e-05;i6=-4.7471e-07;i7=2.6667e-09
2026-10-01 20:51:40,15160.602,2,642,200,poly deg 5,5,1,14,4.32983273696395,15.87229076720939,-0.01575720360786303,75.0,30.821238260479873,30.64782303,-0.5626484861324711,p0=-67.565;p1=12.312;p2=-0.55635;p3=0.010106;p4=-7.7891e-05;p5=2.1295e-07;i0=49.368;i1=2.952;i2=-0.35993;i3=0.030004;i4=-0.0014145;i5=3.7473e-05;i6=-5.1936e-07;i7=2.9329e-09
2026-10-01 20:52:32,15212.55,2,642,200,poly deg 5,5,2,14,3.9516647068017545,14.258671283075458,0.3496500957039969,75.0,30.85322451098166,30.746271829999998,-0.3466499293893763,p0=-67.843;p1=12.371;p2=-0.55923;p3=0.010165;p4=-7.8424e-05;p5=2.1476e-07;i0=49.373;i1=2.9301;i2=-0.35123;i3=0.028653;i4=-0.0013188;i5=3.4129e-05;i6=-4.6315e-07;i7=2.5696e-09
2026-10-01 20:53:31,15272.052,2,642,500,sinus,5,0,14,14.882592282623797,52.11287140524862,0.42553848448017667,75.0,78.8040512072407,77.73452922999999,-1.3571916175071481,bkg=2.4188e-11;amp=124.59;phi=108.84
2026-10-01 20:54:23,15324.142,2,642,500,sinus,5,1,14,15.400647417344974,53.715812118622495,0.06642734507037579,75.0,78.72785792104625,77.87454200000002,-1.0838805266389897,bkg=1.2554e-10;amp=124.64;phi=108.82
2026-10-01 20:55:15,15376.153,2,642,500,sinus,5,2,14,15.42179590051612,53.84086474418312,0.04870579747495735,75.0,78.79054297799657,77.74890811,-1.3220303206787847,bkg=7.9714e-14;amp=124.78;phi=108.81
2026-10-01 20:56:07,15428.161,2,642,500,poly deg 5,5,0,14,4.0984662991584795,14.683453017510784,0.3358367341660032,75.0,77.76128421845382,77.69046053999999,-0.09107832922983912,p0=-171.38;p1=31.183;p2=-1.408;p3=0.025567;p4=-0.00019706;p5=5.3922e-07;i0=49.391;i1=1.1663;i2=-0.055804;i3=0.001819;i4=-3.3481e-05;i5=3.4632e-07;i6=-1.8756e-09;i7=4.1428e-12
2026-10-01 20:56:59,15480.11,2,642,500,poly deg 5,5,1,14,4.4297885621568005,16.187702277059152,-0.22131106389762725,75.0,77.81098385674898,77.92767285,0.1499646803924794,p0=-165.16;p1=30.708;p2=-1.394;p3=0.025368;p4=-0.00019567;p5=5.3533e-07;i0=49.392;i1=1.1729;i2=-0.056372;i3=0.0018409;i4=-3.3969e-05;i5=3.5241e-07;i6=-1.9143e-09;i7=4.2406e-12
2026-10-01 20:57:51,15532.108,2,642,500,poly deg 5,5,2,14,4.387583432685335,15.68355733115693,0.26536371376303697,75.0,77.81077822573442,77.64420659000001,-0.2140727024361304,p0=-174.46;p1=31.387;p2=-1.4121;p3=0.025578;p4=-0.00019664;p5=5.3622e-07;i0=49.384;i1=1.175;i2=-0.0571;i3=0.0018891;i4=-3.5203e-05;i5=3.6753e-07;i6=-2.0043e-09;i7=4.4508e-12
2026-10-01 20:58:51,15591.731,2,642,1000,sinus,5,0,14,16.56515415086123,56.220680980356974,0.5363882444051078,75.0,159.44924219224995,157.86981130000004,-0.9905540286893163,bkg=6.668e-13;amp=253.28;phi=108.75
2026-10-01 20:59:43,15643.742,2,642,1000,sinus,5,1,14,16.10069269880971,55.33506764942897,-0.37584652711994926,75.0,159.56969298136858,157.79181269999998,-1.114171650111642,bkg=3.4417e-13;amp=253.38;phi=108.76
2026-10-01 21:00:35,15695.698,2,642,1000,sinus,5,2,14,16.5831652667355,56.32173180197951,0.0988624942819042,75.0,159.1609245934434,157.7200517,-0.9052931158347698,bkg=2.8294e-11;amp=252.92;phi=108.75
2026-10-01 21:01:27,15747.614,2,642,1000,poly deg 5,5,0,14,6.252176873355461,22.80584604924528,0.009795820184108007,75.0,157.2800675973773,157.65141260000001,0.2361042999888119,p0=-389.97;p1=66.526;p2=-2.952;p3=0.053196;p4=-0.00040861;p5=1.1165e-06;i0=49.425;i1=0.57429;i2=-0.013429;i3=0.00021482;i4=-1.9462e-06;i5=9.9225e-09;i6=-2.651e-11;i7=2.8903e-14
2026-10-01 21:02:19,15799.639,2,642,1000,poly deg 5,5,1,14,6.74569587214139,24.603758431316407,0.25736789079857014,75.0,157.32692727355305,156.7965849,-0.3370957424414186,p0=-421.25;p1=69.209;p2=-3.0419;p3=0.05466;p4=-0.00042016;p5=1.1518e-06;i0=49.41;i1=0.58138;i2=-0.013895;i3=0.00022604;i4=-2.0766e-06;i5=1.0707e-08;i6=-2.8843e-11;i7=3.1616e-14
2026-10-01 21:03:11,15851.686,2,642,1000,poly deg 5,5,2,14,5.277444153721689,19.51021575070262,0.1334467373721766,75.0,156.74426382128422,156.8776978,0.08512846050169316,p0=-335.4;p1=62.07;p2=-2.8141;p3=0.051177;p4=-0.00039464;p5=1.08e-06;i0=49.435;i1=0.56943;i2=-0.012991;i3=0.00020146;i4=-1.7598e-06;i5=8.6223e-09;i6=-2.2099e-11;i7=2.3133e-14
2026-10-01 21:31:29,17549.459,3,405,50,sinus,5,0,14,9.792761240163227,33.249878018051575,-0.07147349341657051,75.0,603.0773534820266,600.8582949,-0.36795587982441774,bkg=5.2567e-10;amp=890.74;phi=110.18
2026-10-01 21:32:21,17601.457,3,405,50,sinus,5,1,14,9.810149969937363,33.047320260951466,0.28092742819852323,75.0,602.4076187770609,600.9089350999999,-0.2487823245169813,bkg=3.2789e-10;amp=889.43;phi=110.19
2026-10-01 21:33:13,17653.561,3,405,50,sinus,5,2,14,9.877138941414252,33.418549763396385,0.06767374223942882,75.0,602.5949649508634,599.5190441999999,-0.5104458101660856,bkg=6.8307e-10;amp=889.9;phi=110.19
2026-10-01 21:34:05,17705.622,3,405,50,poly deg 5,5,0,14,1.6204535799288138,4.063931743375152,-0.15713235568632739,75.0,597.8559492927257,601.1115252999999,0.5445418768727947,p0=-1133.8;p1=214.35;p2=-9.9726;p3=0.18628;p4=-0.0014759;p5=4.1569e-06;i0=44.98;i1=0.28417;i2=-0.0026845;i3=1.4493e-05;i4=-4.2199e-08;i5=6.7089e-11;i6=-5.4744e-14;i7=1.7926e-17
2026-10-01 21:34:57,17757.656,3,405,50,poly deg 5,5,1,14,1.2633586346444272,3.448643843082845,0.29595414165672235,75.0,597.3724324026598,600.7120011999999,0.5590430050325923,p0=-1079.9;p1=209.85;p2=-9.8313;p3=0.1842;p4=-0.0014615;p5=4.1194e-06;i0=45.174;i1=0.25965;i2=-0.0021836;i3=1.0646e-05;i4=-2.8208e-08;i5=4.1163e-11;i6=-3.1082e-14;i7=9.4938e-18
2026-10-01 21:35:49,17809.704,3,405,50,poly deg 5,5,2,14,1.1259935593214037,2.5375981320355243,0.17370527090286655,75.0,596.4132612631677,602.1637856000001,0.9641845194141324,p0=-1053.3;p1=208.38;p2=-9.8113;p3=0.18436;p4=-0.0014669;p5=4.1484e-06;i0=45.179;i1=0.25906;i2=-0.0021687;i3=1.0524e-05;i4=-2.7756e-08;i5=4.0326e-11;i6=-3.0331e-14;i7=9.2349e-18
2026-10-01 21:37:02,17883.111,3,405,100,sinus,5,0,14,9.91718350243946,33.39638935931061,0.14501156992779388,75.0,605.7930970114558,605.3093793,-0.07984866678772398,bkg=1.3567e-09;amp=894.42;phi=110.19
2026-10-01 21:37:55,17935.163,3,405,100,sinus,5,1,14,9.933129384020333,33.57941297561416,-0.1760092629724853,75.0,606.0552063855783,604.1558088,-0.3134033938766106,bkg=7.4232e-10;amp=895.02;phi=110.19
2026-10-01 21:38:47,17987.219,3,405,100,sinus,5,2,14,9.929208284143991,33.642729339730806,0.13979710839625123,75.0,605.6888448833286,603.24983,-0.40268446479287556,bkg=1.614e-09;amp=894.46;phi=110.19
2026-10-01 21:39:39,18039.353,3,405,100,poly deg 5,5,0,14,2.0797917942395596,5.8658488852154065,0.03213491201109095,75.0,600.3646300038599,603.9813878,0.6024268611754844,p0=-1331.9;p1=232.42;p2=-10.608;p3=0.19704;p4=-0.0015638;p5=4.4351e-06;i0=45.155;i1=0.25902;i2=-0.0021652;i3=1.0485e-05;i4=-2.759e-08;i5=3.9977e-11;i6=-2.9978e-14;i7=9.0963e-18
2026-10-01 21:40:31,18091.363,3,405,100,poly deg 5,5,1,14,2.614667058381422,7.365828297362375,-0.1255439646399204,75.0,601.2071307434364,604.0657940000001,0.47548725063003056,p0=-1401.2;p1=238.23;p2=-10.792;p3=0.19979;p4=-0.001583;p5=4.4853e-06;i0=45.157;i1=0.25962;i2=-0.0021784;i3=1.058e-05;i4=-2.791e-08;i5=4.0532e-11;i6=-3.0459e-14;i7=9.2606e-18
2026-10-01 21:41:23,18143.314,3,405,100,poly deg 5,5,2,14,2.2825809638602244,6.630131829870731,0.053690008077545856,75.0,600.8763018229661,604.2908848,0.5682672068568139,p0=-1383.5;p1=237.5;p2=-10.796;p3=0.20032;p4=-0.0015909;p5=4.5193e-06;i0=45.155;i1=0.26002;i2=-0.0021878;i3=1.066e-05;i4=-2.8219e-08;i5=4.1124e-11;i6=-3.1006e-14;i7=9.4572e-18
2026-10-01 21:42:36,18216.749,3,405,150,sinus,5,0,14,10.02575313066237,34.026507274926715,0.0709571517841985,75.0,607.7378947373863,607.2451295,-0.0810818679653523,bkg=2.328e-10;amp=897.53;phi=110.19
2026-10-01 21:43:28,18268.705,3,405,150,sinus,5,1,14,9.93873756544267,33.2086499103946,0.08938135025289466,75.0,607.608870926875,606.8624913,-0.12283882981110957,bkg=2.5628e-07;amp=896.56;phi=110.2
2026-10-01 21:44:20,18320.701,3,405,150,sinus,5,2,14,9.803309387944738,32.82443504478276,-0.4221100655816155,75.0,608.4046879847835,608.1285834000001,-0.04538173196823175,bkg=6.2779e-09;amp=897.64;phi=110.21
2026-10-01 21:45:12,18372.702,3,405,150,poly deg 5,5,0,14,2.551589996519364,7.603519601085335,0.22076731336638863,75.0,602.9382323212592,606.9919407000001,0.672325648206863,p0=-1469.7;p1=245.44;p2=-11.074;p3=0.20497;p4=-0.0016278;p5=4.6324e-06;i0=45.146;i1=0.25953;i2=-0.0021762;i3=1.0561e-05;i4=-2.7828e-08;i5=4.0344e-11;i6=-3.0244e-14;i7=9.168e-18
2026-10-01 21:46:04,18424.695,3,405,150,poly deg 5,5,1,14,2.6184479652633508,7.056056947017004,0.05988794626736704,75.0,602.4078897388836,605.5007457999999,0.5134155966079619,p0=-1545.8;p1=251.96;p2=-11.295;p3=0.20866;p4=-0.0016582;p5=4.7307e-06;i0=45.139;i1=0.26018;i2=-0.0021959;i3=1.0734e-05;i4=-2.8499e-08;i5=4.1634e-11;i6=-3.1453e-14;i7=9.6078e-18
2026-10-01 21:46:56,18476.695,3,405,150,poly deg 5,5,2,14,2.6132663862098244,7.480042099762698,0.2965111284098275,75.0,602.826201219159,606.4967095,0.6088833354319572,p0=-1502.2;p1=247.99;p2=-11.153;p3=0.20615;p4=-0.0016365;p5=4.6571e-06;i0=45.135;i1=0.2606;i2=-0.0022003;i3=1.0754e-05;i4=-2.856e-08;i5=4.1754e-11;i6=-3.1581e-14;i7=9.6613e-18
2026-10-01 21:47:56,18536.878,3,488,50,sinus,5,0,14,27.195511617906508,85.26433007037193,0.8790387923303815,75.0,7.903474525805154,8.002524823,1.2532500341646273,bkg=0.089366;amp=11.189;phi=110.84
2026-10-01 21:48:48,18588.898,3,488,50,sinus,5,1,14,23.545425265260832,72.1344322703092,0.372094067623275,75.0,7.9321114644937225,8.035641258000002,1.3051984199882554,bkg=0.080943;amp=11.237;phi=110.85
2026-10-01 21:49:40,18640.947,3,488,50,sinus,5,2,14,21.13447204889494,67.1088116454164,-1.020110920191542,75.0,7.921492470700096,8.021242453,1.2592321796537287,bkg=0.072927;amp=11.269;phi=110.78
2026-10-01 21:50:32,18692.936,3,488,50,poly deg 5,5,0,14,9.776797006794819,35.687124948094926,-0.24390290090886171,75.0,7.9705209390822915,8.085818308,1.4465474690915736,p0=-19.899;p1=3.5125;p2=-0.16369;p3=0.0031304;p4=-2.5902e-05;p5=7.7598e-08;i0=45.267;i1=19.95;i2=-13.608;i3=5.3376;i4=-1.1346;i5=0.13247;i6=-0.0079848;i7=0.00019444
2026-10-01 21:51:24,18744.896,3,488,50,poly deg 5,5,1,14,7.395228845181798,25.004618701610227,0.6176106468719751,75.0,8.00544435049493,8.032979538999998,0.3439557793361655,p0=-27.829;p1=4.1821;p2=-0.18544;p3=0.0034704;p4=-2.8466e-05;p5=8.5089e-08;i0=45.299;i1=19.576;i2=-13.058;i3=5.0376;i4=-1.0539;i5=0.12111;i6=-0.007188;i7=0.00017257
2026-10-01 21:52:16,18796.886,3,488,50,poly deg 5,5,2,14,8.550977775264549,30.20687269107139,0.9022664848762084,75.0,8.001307799858917,8.062257337,0.7617446880640854,p0=-26.755;p1=4.0987;p2=-0.18303;p3=0.0034377;p4=-2.826e-05;p5=8.4595e-08;i0=45.296;i1=19.713;i2=-13.374;i3=5.2664;i4=-1.1287;i5=0.13319;i6=-0.0081241;i7=0.00020034
2026-10-01 21:53:16,18856.509,3,488,100,sinus,5,0,14,20.92528622815917,62.31485393896642,0.04844729712412065,75.0,15.323444268787396,15.534436609999998,1.3769250405561653,bkg=0.14103;amp=21.662;phi=110.92
2026-10-01 21:54:08,18908.587,3,488,100,sinus,5,1,14,23.517808593764936,70.79018938609643,0.661086190836621,75.0,15.306673197566013,15.53513464,1.4925610515439514,bkg=0.15447;amp=21.612;phi=110.93
2026-10-01 21:55:00,18960.643,3,488,100,sinus,5,2,14,25.477348056540215,77.89938442932845,0.9432955586265321,75.0,15.313010517167788,15.55167101,1.5585471750616493,bkg=0.1632;amp=21.61;phi=110.93
2026-10-01 21:55:52,19012.645,3,488,100,poly deg 5,5,0,14,8.7855437435329,29.66653983865804,0.08078049113088308,75.0,15.493063893044962,15.55546689,0.40278022078674613,p0=-57.143;p1=8.376;p2=-0.36855;p3=0.0068788;p4=-5.6419e-05;p5=1.6884e-07;i0=45.292;i1=10.095;i2=-3.456;i3=0.68527;i4=-0.073918;i5=0.0043928;i6=-0.00013519;i7=1.6867e-06
2026-10-01 21:56:44,19064.587,3,488,100,poly deg 5,5,1,14,9.59572134625469,34.47487207691284,-0.6152419800325305,75.0,15.473151600695516,15.43150897,-0.269128305403825,p0=-48.882;p1=7.6717;p2=-0.3455;p3=0.0065166;p4=-5.3683e-05;p5=1.6088e-07;i0=45.263;i1=10.274;i2=-3.6109;i3=0.72986;i4=-0.079855;i5=0.0047958;i6=-0.00014875;i7=1.8661e-06
2026-10-01 21:57:36,19116.579,3,488,100,poly deg 5,5,2,14,8.735287395094188,29.51853083796187,0.39851284936953313,75.0,15.510981164419292,15.569646930000003,0.3782208550113187,p0=-62.731;p1=8.894;p2=-0.38719;p3=0.0072036;p4=-5.9157e-05;p5=1.7779e-07;i0=45.298;i1=10.109;i2=-3.4828;i3=0.69554;i4=-0.075641;i5=0.0045336;i6=-0.00014067;i7=1.768e-06
2026-10-01 21:58:36,19176.481,3,560,100,sinus,5,0,14,22.104225957696805,82.5187569751662,1.0983612329719512,75.0,19.728001604247922,19.81695313,0.45088969241023596,bkg=0.032501;amp=27.208;phi=111.65
2026-10-01 21:59:28,19228.544,3,560,100,sinus,5,1,14,16.25149263159598,60.393999683073375,0.7428507586448849,75.0,19.716266915450436,19.8092388,0.4715491271661901,bkg=0.0257;amp=27.228;phi=111.63
2026-10-01 22:00:20,19280.651,3,560,100,sinus,5,2,14,13.217049442338194,49.0812717825545,0.5700667394414859,75.0,19.736488131109713,19.89483031,0.8022814283798511,bkg=0.023959;amp=27.235;phi=111.65
2026-10-01 22:01:12,19332.785,3,560,100,poly deg 5,5,0,14,10.303756882709393,37.98276851099755,0.3494176310640765,75.0,19.765285100684096,19.88858562,0.6238236316238965,p0=-63.69;p1=9.2879;p2=-0.41002;p3=0.0076678;p4=-6.2658e-05;p5=1.8581e-07;i0=45.225;i1=7.7789;i2=-2.3135;i3=0.40143;i4=-0.037388;i5=0.001895;i6=-4.9211e-05;i7=5.1271e-07
2026-10-01 22:02:04,19384.826,3,560,100,poly deg 5,5,1,14,6.777818717271734,24.253243601008307,0.8192575188220138,75.0,19.786932179788124,19.81768757,0.15543283785695755,p0=-66.143;p1=9.5351;p2=-0.41947;p3=0.0078391;p4=-6.4136e-05;p5=1.9068e-07;i0=45.231;i1=7.7116;i2=-2.2613;i3=0.38764;i4=-0.035735;i5=0.0017963;i6=-4.6357e-05;i7=4.8099e-07
2026-10-01 22:02:56,19436.924,3,560,100,poly deg 5,5,2,14,7.893871967033096,28.967797860953663,0.4135884897039614,75.0,19.770553860175404,19.838258800000002,0.342453430002173,p0=-63.249;p1=9.2755;p2=-0.41055;p3=0.0076927;p4=-6.2986e-05;p5=1.8722e-07;i0=45.23;i1=7.7455;i2=-2.2908;i3=0.39567;i4=-0.036745;i5=0.0018609;i6=-4.8387e-05;i7=5.0577e-07
2026-10-01 22:03:56,19496.58,3,560,200,sinus,5,0,14,12.617591453469757,46.63284889733378,0.4912403189665742,75.0,39.84213575412241,40.1511397,0.7755707369317413,bkg=0.047876;amp=55.04;phi=111.62
2026-10-01 22:04:48,19548.673,3,560,200,sinus,5,1,14,11.351299635310328,42.170217226199796,0.5623986891550158,75.0,39.919446451256555,40.293303869999995,0.9365295663604396,bkg=0.050259;amp=55.04;phi=111.67
2026-10-01 22:05:40,19600.77,3,560,200,sinus,5,2,14,10.655960552970507,39.417060207386214,0.8169530838801793,75.0,39.854597209779264,40.10963030999999,0.6399088639093066,bkg=0.045773;amp=55.01;phi=111.64
2026-10-01 22:06:32,19652.772,3,560,200,poly deg 5,5,0,14,5.953315875107377,21.409502904718984,0.6009954854284333,75.0,39.909961332286926,40.1507735,0.6033886269848576,p0=-127.27;p1=18.675;p2=-0.82655;p3=0.015483;p4=-0.0001267;p5=3.7633e-07;i0=45.222;i1=3.861;i2=-0.56923;i3=0.048953;i4=-0.0022615;i5=5.6907e-05;i6=-7.3444e-07;i7=3.8067e-09
2026-10-01 22:07:24,19704.821,3,560,200,poly deg 5,5,1,14,9.82596077805502,35.89723891012505,0.9785731854520623,75.0,39.97215114333875,40.24958983,0.6940799499790824,p0=-139.2;p1=19.7;p2=-0.86039;p3=0.016018;p4=-0.00013077;p5=3.8824e-07;i0=45.218;i1=3.8617;i2=-0.56909;i3=0.048937;i4=-0.0022603;i5=5.6852e-05;i6=-7.3318e-07;i7=3.7962e-09
2026-10-01 22:08:16,19756.827,3,560,200,poly deg 5,5,2,14,10.8315201101064,39.650201573325845,0.6386837898842824,75.0,40.0215265753489,40.19485489000001,0.4330877142449367,p0=-143.09;p1=20.013;p2=-0.86999;p3=0.016158;p4=-0.00013173;p5=3.9072e-07;i0=45.232;i1=3.8154;i2=-0.55232;i3=0.04681;i4=-0.0021343;i5=5.3047e-05;i6=-6.7645e-07;i7=3.4652e-09
2026-10-01 22:09:16,19816.479,3,560,500,sinus,5,0,14,7.640952547879933,27.268386064716378,0.2646856049732803,75.0,101.72061419663942,102.8126484,1.0735623373739531,bkg=5.8909e-10;amp=140.58;phi=111.64
2026-10-01 22:10:08,19868.623,3,560,500,sinus,5,1,14,7.21676988270892,25.79108294607912,0.4236509050885547,75.0,101.61062289768564,102.657628,1.0304090974509768,bkg=2.9388e-09;amp=140.46;phi=111.63
2026-10-01 22:11:00,19920.674,3,560,500,sinus,5,2,14,7.015973842619823,24.90343362482076,0.38798908187953407,75.0,101.61764898395967,102.695833,1.0610204298374548,bkg=5.3976e-10;amp=140.5;phi=111.63
2026-10-01 22:11:52,19972.676,3,560,500,poly deg 5,5,0,14,17.082225636349076,63.29217688201428,0.25533064637784764,75.0,101.79939422647652,102.7241162,0.9083766957062781,p0=-354.26;p1=49.747;p2=-2.1622;p3=0.040071;p4=-0.00032533;p5=9.5924e-07;i0=45.24;i1=1.5021;i2=-0.085541;i3=0.0028512;i4=-5.1111e-05;i5=4.9937e-07;i6=-2.503e-09;i7=5.0389e-12
2026-10-01 22:12:44,20024.78,3,560,500,poly deg 5,5,1,14,15.949698736438458,59.045356935741644,0.28525129555703693,75.0,101.8686540841436,102.83321889999999,0.9468710709181061,p0=-357.84;p1=50.106;p2=-2.1759;p3=0.040319;p4=-0.00032747;p5=9.662e-07;i0=45.238;i1=1.5094;i2=-0.086524;i3=0.0028961;i4=-5.2072e-05;i5=5.0984e-07;i6=-2.5593e-09;i7=5.157e-12
2026-10-01 22:13:36,20076.887,3,560,500,poly deg 5,5,2,14,14.351250181097578,52.905836713689546,0.47703007370024053,75.0,101.86655689518795,102.72999489999998,0.8476167558116541,p0=-359.75;p1=50.358;p2=-2.1872;p3=0.040547;p4=-0.0003296;p5=9.737e-07;i0=45.237;i1=1.5073;i2=-0.086228;i3=0.0028816;i4=-5.174e-05;i5=5.0601e-07;i6=-2.5377e-09;i7=5.1103e-12
2026-10-01 22:14:36,20136.591,3,560,1000,sinus,5,0,14,9.262205664952768,34.125420239660926,-0.16037210781056555,75.0,208.74100823094787,211.53637930000002,1.3391575966517302,bkg=6.4415e-13;amp=287.73;phi=111.7
2026-10-01 22:15:28,20188.722,3,560,1000,sinus,5,1,14,9.198673735259497,33.901317654500836,-0.1668605540995047,75.0,208.71284732352822,211.48137450000002,1.326476645771722,bkg=2.2446e-12;amp=287.67;phi=111.7
2026-10-01 22:16:20,20240.875,3,560,1000,sinus,5,2,14,8.981328187748366,33.08264988471368,-0.19627957412879615,75.0,208.64002352362937,211.5950555,1.4163303504593232,bkg=3.9486e-11;amp=287.59;phi=111.7
2026-10-01 22:17:12,20292.875,3,560,1000,poly deg 5,5,0,14,28.02501185394148,103.73501484668681,-0.20916455953798557,75.0,209.76627982350476,211.8774042,1.0064174176476406,p0=-948.64;p1=120.95;p2=-5.0541;p3=0.091927;p4=-0.0007409;p5=2.1818e-06;i0=45.26;i1=0.73359;i2=-0.02037;i3=0.00033094;i4=-2.8908e-06;i5=1.3759e-08;i6=-3.3593e-11;i7=3.2942e-14
2026-10-01 22:18:04,20344.973,3,560,1000,poly deg 5,5,1,14,28.274476411826456,104.6954477485751,-0.20796306077625376,75.0,209.58383876891878,211.71606039999998,1.0173597561747694,p0=-931.38;p1=119.42;p2=-5.0017;p3=0.091065;p4=-0.00073407;p5=2.161e-06;i0=45.257;i1=0.73317;i2=-0.020331;i3=0.00032993;i4=-2.8786e-06;i5=1.3685e-08;i6=-3.3374e-11;i7=3.269e-14
2026-10-01 22:18:56,20397.072,3,560,1000,poly deg 5,5,2,14,27.170458814580073,100.57266119849533,-0.005140142031119888,75.0,209.53153135756008,211.378689,0.8815654763138243,p0=-922.66;p1=118.74;p2=-4.9817;p3=0.090784;p4=-0.00073222;p5=2.1563e-06;i0=45.26;i1=0.73426;i2=-0.020426;i3=0.00033223;i4=-2.9038e-06;i5=1.3826e-08;i6=-3.3769e-11;i7=3.3125e-14
2026-10-01 22:19:56,20457.014,3,642,100,sinus,5,0,14,14.868873856464655,51.04515156054683,-0.030387063559016686,75.0,14.894447903604519,14.723377130000001,-1.1485539760296706,bkg=4.1522e-14;amp=23.473;phi=108.9
2026-10-01 22:20:48,20508.994,3,642,100,sinus,5,1,14,13.733648630046277,48.0234801530167,0.9597247246072879,75.0,14.95173038841997,14.784009390000001,-1.121749751118219,bkg=2.9892e-10;amp=23.499;phi=108.95
2026-10-01 22:21:40,20561.025,3,642,100,sinus,5,2,14,14.10179408874153,49.01060143425702,-0.193355581893016,75.0,15.018525376512624,14.79213459,-1.507410220624425,bkg=2.9083e-11;amp=23.628;phi=108.93
2026-10-01 22:22:32,20613.016,3,642,100,poly deg 5,5,0,14,2.697309228373709,9.245915583013975,0.19268193167275022,75.0,14.828361393266398,14.791509510000001,-0.2485229641296163,p0=-29.711;p1=5.6966;p2=-0.26092;p3=0.0047711;p4=-3.6924e-05;p5=1.0132e-07;i0=49.357;i1=5.9855;i2=-1.458;i3=0.24443;i4=-0.023243;i5=0.0012461;i6=-3.5063e-05;i7=4.0327e-07
2026-10-01 22:23:24,20665.034,3,642,100,poly deg 5,5,1,14,3.921902993494834,14.174626394987447,-0.2646838327683905,75.0,14.854083694599453,14.916835720000002,0.42245638768929167,p0=-31.804;p1=5.8674;p2=-0.26621;p3=0.0048485;p4=-3.7459e-05;p5=1.0272e-07;i0=49.356;i1=6.0036;i2=-1.4574;i3=0.24212;i4=-0.022785;i5=0.0012105;i6=-3.3845e-05;i7=3.8819e-07
2026-10-01 22:24:16,20717.019,3,642,100,poly deg 5,5,2,14,6.141718826634374,22.68905929985627,0.1016556531296012,75.0,14.939836446838441,14.901521259999999,-0.25646322819384415,p0=-41.385;p1=6.7362;p2=-0.29653;p3=0.0053577;p4=-4.1575e-05;p5=1.1558e-07;i0=49.336;i1=6.1198;i2=-1.5538;i3=0.27054;i4=-0.026674;i5=0.0014752;i6=-4.2551e-05;i7=4.9844e-07
2026-10-01 22:25:16,20776.567,3,642,200,sinus,5,0,14,15.276281862999582,53.07571047335025,-0.11008567988296694,75.0,30.483061217258346,30.08370213,-1.310101647639788,bkg=2.0488e-11;amp=48.148;phi=108.86
2026-10-01 22:26:08,20828.577,3,642,200,sinus,5,1,14,15.157880528488427,52.837304158855126,-0.5077121711938357,75.0,30.483966193923504,30.221529469999997,-0.8609008494958234,bkg=6.4171e-14;amp=48.148;phi=108.86
2026-10-01 22:27:00,20880.627,3,642,200,sinus,5,2,14,15.643952762497959,54.17829667385408,0.6106062633710104,75.0,30.574245053856956,30.218092360000004,-1.1648781293849915,bkg=7.9639e-12;amp=48.363;phi=108.83
2026-10-01 22:27:52,20932.62,3,642,200,poly deg 5,5,0,14,6.056091579131962,22.373506562145316,-0.03072993524272397,75.0,30.26801583055122,30.315602200000004,0.15721667953124255,p0=-82.044;p1=13.566;p2=-0.59992;p3=0.010865;p4=-8.4471e-05;p5=2.3534e-07;i0=49.343;i1=3.0475;i2=-0.38851;i3=0.03372;i4=-0.0016475;i5=4.4997e-05;i6=-6.4019e-07;i7=3.699e-09
2026-10-01 22:28:44,20984.418,3,642,200,poly deg 5,5,1,14,6.05229035091752,22.223950657746993,-0.2699446658388791,75.0,30.412846205046563,30.317478069999996,-0.31357846090295083,p0=-77.178;p1=13.083;p2=-0.58103;p3=0.010505;p4=-8.1135e-05;p5=2.2346e-07;i0=49.357;i1=3.0026;i2=-0.37372;i3=0.03186;i4=-0.0015326;i5=4.1249e-05;i6=-5.7837e-07;i7=3.294e-09
2026-10-01 22:29:36,21036.514,3,642,200,poly deg 5,5,2,14,6.017296520869874,21.740562669995587,-0.09147497240242344,75.0,30.387869749825583,30.065263619999993,-1.0616279866983513,p0=-83.093;p1=13.6;p2=-0.59853;p3=0.010793;p4=-8.3456e-05;p5=2.3079e-07;i0=49.362;i1=2.9867;i2=-0.3669;i3=0.030956;i4=-0.0014841;i5=4.0136e-05;i6=-5.694e-07;i7=3.2964e-09
2026-10-01 22:30:35,21096.064,3,642,500,sinus,5,0,14,16.02815114002015,55.37888328863097,0.6023438508133149,75.0,77.65817775385108,76.46440119,-1.5372193867784574,bkg=6.6499e-10;amp=123.06;phi=108.8
2026-10-01 22:31:27,21148.067,3,642,500,sinus,5,1,14,16.03000531653618,55.149839572360705,-0.2526485490755424,75.0,77.865485813245,76.93913579,-1.1896798864991271,bkg=5.195e-12;amp=123.4;phi=108.8
2026-10-01 22:32:19,21200.075,3,642,500,sinus,5,2,14,15.771056055434643,54.7230739121516,0.16006637554671221,75.0,77.72706222010376,76.80974676999999,-1.180175120354043,bkg=9.2493e-12;amp=123.16;phi=108.8
2026-10-01 22:33:12,21252.162,3,642,500,poly deg 5,5,0,14,7.17710030674453,26.32147044095773,-0.15799215858632448,75.0,76.91479143735211,77.036646,0.15842799592994916,p0=-218.6;p1=35.096;p2=-1.5358;p3=0.027626;p4=-0.00021348;p5=5.9071e-07;i0=49.381;i1=1.1826;i2=-0.057295;i3=0.0019015;i4=-3.5711e-05;i5=3.7633e-07;i6=-2.0711e-09;i7=4.6385e-12
2026-10-01 22:34:03,21304.069,3,642,500,poly deg 5,5,1,14,5.615159098894671,20.292655532742383,0.34196532367611193,75.0,76.8583648158405,77.36667917,0.6613650386362779,p0=-188.8;p1=32.524;p2=-1.4492;p3=0.026208;p4=-0.00020217;p5=5.5553e-07;i0=49.405;i1=1.1633;i2=-0.054219;i3=0.0017167;i4=-3.0752e-05;i5=3.1154e-07;i6=-1.6659e-09;i7=3.6657e-12
2026-10-01 22:34:55,21356.063,3,642,500,poly deg 5,5,2,14,5.294618825270573,19.18057094728905,0.1474140559137964,75.0,77.0988956228374,76.62910000000001,-0.6093415723301717,p0=-188.22;p1=32.479;p2=-1.4477;p3=0.026179;p4=-0.00020185;p5=5.5417e-07;i0=49.387;i1=1.1792;i2=-0.057265;i3=0.0019072;i4=-3.5993e-05;i5=3.8161e-07;i6=-2.1137e-09;i7=4.7605e-12
2026-10-01 22:35:55,21415.713,3,642,1000,sinus,5,0,14,16.96479290127345,57.29689935497919,0.4133736733859711,75.0,157.93721290342202,156.3379703,-1.0125812492334898,bkg=6.1759e-11;amp=251.03;phi=108.74
2026-10-01 22:36:47,21467.722,3,642,1000,sinus,5,1,14,17.01865248048652,57.66673973131352,0.009860765504360915,75.0,157.61212600188753,155.870004,-1.105322316296066,bkg=3.7481e-13;amp=250.64;phi=108.73
2026-10-01 22:37:39,21519.685,3,642,1000,sinus,5,2,14,16.76263227147939,56.95061334898325,-0.26736104741220634,75.0,157.54160740858833,155.46754,-1.3165204054375115,bkg=2.4644e-11;amp=250.45;phi=108.74
2026-10-01 22:38:31,21571.718,3,642,1000,poly deg 5,5,0,14,7.47865681302282,27.525992748261736,0.40633124100041335,75.0,155.24601995304135,156.7279503,0.9545689785843794,p0=-386.08;p1=65.973;p2=-2.931;p3=0.052894;p4=-0.00040719;p5=1.1164e-06;i0=49.418;i1=0.58138;i2=-0.013576;i3=0.00021481;i4=-1.9167e-06;i5=9.6204e-09;i6=-2.5349e-11;i7=2.7355e-14
2026-10-01 22:39:23,21623.694,3,642,1000,poly deg 5,5,1,14,3.283411881257261,11.649416596085496,-0.4195506795414617,75.0,154.8691929985673,154.7593325,-0.07093760640202415,p0=-313.63;p1=59.663;p2=-2.7218;p3=0.049586;p4=-0.00038217;p5=1.0437e-06;i0=49.407;i1=0.58753;i2=-0.014023;i3=0.00022549;i4=-2.0398e-06;i5=1.037e-08;i6=-2.7659e-11;i7=3.0177e-14
2026-10-01 22:40:15,21675.641,3,642,1000,poly deg 5,5,2,14,6.392263213981542,23.578124984572458,-0.06947823998848121,75.0,154.28278628514505,155.54240940000003,0.8164378834375876,p0=-315.39;p1=59.637;p2=-2.7129;p3=0.049293;p4=-0.00037866;p5=1.0294e-06;i0=49.406;i1=0.58897;i2=-0.013851;i3=0.00021772;i4=-1.9125e-06;i5=9.3998e-09;i6=-2.4195e-11;i7=2.5506e-14
2026-10-01 23:08:33,23373.657,4,405,50,sinus,5,0,14,9.76099528029906,32.645315650712334,0.11203239424935495,75.0,599.2331692055695,596.4128376000001,-0.47065679112998315,bkg=1.7006e-09;amp=883.98;phi=110.21
2026-10-01 23:09:25,23425.673,4,405,50,sinus,5,1,14,9.720288712525017,32.311500545758584,0.018444202282794763,75.0,599.2774741418863,597.4876047,-0.2986712364667456,bkg=1.7362e-10;amp=883.78;phi=110.22
2026-10-01 23:10:17,23477.654,4,405,50,sinus,5,2,14,9.854946895142469,33.16606345529539,0.059192130435112775,75.0,599.2359683377456,597.4032222,-0.3058471511364026,bkg=4.2144e-13;amp=884.43;phi=110.2
2026-10-01 23:11:09,23529.701,4,405,50,poly deg 5,5,0,14,1.134129886575101,3.075079978820408,0.07189091498574733,75.0,592.5684101755397,598.5736667,1.0134283943150624,p0=-923.29;p1=195.52;p2=-9.3357;p3=0.1761;p4=-0.0013992;p5=3.9373e-06;i0=45.181;i1=0.26053;i2=-0.0021931;i3=1.0687e-05;i4=-2.8272e-08;i5=4.1173e-11;i6=-3.1028e-14;i7=9.4618e-18
2026-10-01 23:12:01,23581.748,4,405,50,poly deg 5,5,1,14,1.3908959535124383,3.831082708143928,-0.1901310259963645,75.0,593.6291902905114,597.4482060999999,0.643333561077002,p0=-1149.5;p1=215.62;p2=-10.023;p3=0.18742;p4=-0.0014888;p5=4.2111e-06;i0=45.139;i1=0.26488;i2=-0.002281;i3=1.1364e-05;i4=-3.0723e-08;i5=4.5669e-11;i6=-3.5083e-14;i7=1.089e-17
2026-10-01 23:12:53,23633.851,4,405,50,poly deg 5,5,2,14,1.3251879035699912,3.3324076060065226,-0.462931944027513,75.0,593.7803984409156,596.7166961,0.49450902501905014,p0=-1093.1;p1=210.26;p2=-9.8288;p3=0.18404;p4=-0.0014606;p5=4.1203e-06;i0=45.153;i1=0.26368;i2=-0.0022566;i3=1.1173e-05;i4=-3.0042e-08;i5=4.4448e-11;i6=-3.4009e-14;i7=1.052e-17
2026-10-01 23:14:07,23707.346,4,405,100,sinus,5,0,14,10.130674587508192,34.433760336292934,-0.24751683701969232,75.0,601.2482334644862,599.6034503000001,-0.27356141323005195,bkg=1.0221e-10;amp=888.33;phi=110.18
2026-10-01 23:14:59,23759.455,4,405,100,sinus,5,1,14,10.125955850455842,34.35864698542838,-0.06766036046682121,75.0,602.5489914100601,601.3647197,-0.19654363826727494,bkg=6.235e-13;amp=890.27;phi=110.18
2026-10-01 23:15:51,23811.49,4,405,100,sinus,5,2,14,10.028732578208785,34.10599816867974,0.08175172849898657,75.0,602.4485715337008,600.4643917999999,-0.32935255015205955,bkg=7.0948e-10;amp=889.97;phi=110.18
2026-10-01 23:16:43,23863.51,4,405,100,poly deg 5,5,0,14,1.3715269007706985,3.8991422996010328,0.42586906661713886,75.0,595.8282919796848,597.8758812,0.34365424533835853,p0=-1175.6;p1=219.1;p2=-10.179;p3=0.19056;p4=-0.0015179;p5=4.3124e-06;i0=45.138;i1=0.26365;i2=-0.002256;i3=1.1155e-05;i4=-2.9916e-08;i5=4.4088e-11;i6=-3.3553e-14;i7=1.0311e-17
2026-10-01 23:17:35,23915.593,4,405,100,poly deg 5,5,1,14,2.140648667658701,5.962551976070976,-0.05896245446194604,75.0,597.1061424752347,601.2634635999999,0.6962449100810609,p0=-1364.9;p1=234.48;p2=-10.658;p3=0.19765;p4=-0.0015681;p5=4.4482e-06;i0=45.137;i1=0.26229;i2=-0.0022256;i3=1.0935e-05;i4=-2.9188e-08;i5=4.2884e-11;i6=-3.2591e-14;i7=1.0016e-17
2026-10-01 23:18:27,23967.64,4,405,100,poly deg 5,5,2,14,1.8822414377306425,4.981703304628648,-0.12050386300702626,75.0,595.7339062304818,600.683844,0.8308974388983573,p0=-1202.8;p1=221.14;p2=-10.234;p3=0.19116;p4=-0.0015204;p5=4.3132e-06;i0=45.151;i1=0.26127;i2=-0.0022067;i3=1.0792e-05;i4=-2.8662e-08;i5=4.1899e-11;i6=-3.1686e-14;i7=9.6932e-18
2026-10-01 23:19:40,24041.055,4,405,150,sinus,5,0,14,10.09461259617885,34.11161708249935,0.0974779364762675,75.0,603.7861426818955,603.0022501,-0.1298295085762736,bkg=8.7907e-13;amp=891.55;phi=110.19
2026-10-01 23:20:32,24093.136,4,405,150,sinus,5,1,14,9.955829218255516,33.31437838012119,0.1095122197250845,75.0,604.0041564486404,602.518326,-0.2459967258133831,bkg=3.9322e-10;amp=891.2;phi=110.21
2026-10-01 23:21:25,24145.192,4,405,150,sinus,5,2,14,9.857321787302602,33.0316091354711,0.254213492987776,75.0,603.7025699110734,606.2829138,0.4274197291071087,bkg=4.8252e-10;amp=890.5;phi=110.21
2026-10-01 23:22:17,24197.341,4,405,150,poly deg 5,5,0,14,2.9531455542457103,9.044661758602812,-0.013303173711514236,75.0,599.7891522769239,602.4282870000001,0.4400104125020354,p0=-1565.9;p1=253.19;p2=-11.322;p3=0.20891;p4=-0.0016593;p5=4.7325e-06;i0=45.164;i1=0.25885;i2=-0.0021632;i3=1.0491e-05;i4=-2.7659e-08;i5=4.0153e-11;i6=-3.0165e-14;i7=9.1711e-18
2026-10-01 23:23:09,24249.34,4,405,150,poly deg 5,5,1,14,2.6525611440710786,8.964436069744862,0.25111188276952934,75.0,599.8944122492801,602.3663938,0.4120694409289926,p0=-1532.4;p1=250.44;p2=-11.235;p3=0.20759;p4=-0.0016495;p5=4.7031e-06;i0=45.132;i1=0.26228;i2=-0.0022285;i3=1.0964e-05;i4=-2.9304e-08;i5=4.3089e-11;i6=-3.2755e-14;i7=1.0065e-17
2026-10-01 23:24:01,24301.445,4,405,150,poly deg 5,5,2,14,3.35915785236388,9.91569141918193,-0.13009911263159438,75.0,599.6116401751315,603.8238049,0.7024821472175374,p0=-1592.9;p1=255.09;p2=-11.368;p3=0.20936;p4=-0.0016605;p5=4.7285e-06;i0=45.143;i1=0.26099;i2=-0.0021997;i3=1.0745e-05;i4=-2.852e-08;i5=4.1667e-11;i6=-3.1486e-14;i7=9.6221e-18
2026-10-01 23:25:01,24361.655,4,488,50,sinus,5,0,14,22.20705167149338,69.86631519396632,-0.4169936755285424,75.0,7.912971979604652,7.994802015,1.0341251758032441,bkg=0.075282;amp=11.238;phi=110.81
2026-10-01 23:25:53,24413.701,4,488,50,sinus,5,1,14,20.663682249202715,62.466989111754955,0.3982331684689471,75.0,7.931023526007368,8.003397379,0.9125411462379961,bkg=0.072127;amp=11.253;phi=110.84
2026-10-01 23:26:45,24465.66,4,488,50,sinus,5,2,14,19.383015449841153,58.38681129259239,-0.38743089393982794,75.0,7.924398713637617,8.089047019000002,2.077738782616171,bkg=0.068508;amp=11.255;phi=110.83
2026-10-01 23:27:37,24517.657,4,488,50,poly deg 5,5,0,14,9.30995560974945,33.400202698636456,0.1426545032972891,75.0,7.973099927019579,8.038782791,0.823805854456075,p0=-23.585;p1=3.8157;p2=-0.17328;p3=0.0032759;p4=-2.6967e-05;p5=8.0609e-08;i0=45.327;i1=19.569;i2=-13.08;i3=5.0736;i4=-1.0711;i5=0.12454;i6=-0.0074893;i7=0.00018225
2026-10-01 23:28:29,24569.684,4,488,50,poly deg 5,5,1,14,8.18532350274367,29.633924456152005,-0.4952577818270699,75.0,7.995145607023872,8.109030032999998,1.4244196613014353,p0=-21.056;p1=3.5736;p2=-0.16437;p3=0.0031182;p4=-2.562e-05;p5=7.6175e-08;i0=45.337;i1=19.17;i2=-12.466;i3=4.7011;i4=-0.96159;i5=0.10808;i6=-0.0062789;i7=0.00014772
2026-10-01 23:29:21,24621.733,4,488,50,poly deg 5,5,2,14,7.604263830114527,25.456598283400865,1.297802773252299,75.0,8.04233101327544,8.059770244,0.21684298614135797,p0=-30.681;p1=4.4209;p2=-0.19316;p3=0.00359;p4=-2.9351e-05;p5=8.7577e-08;i0=45.258;i1=20.17;i2=-13.994;i3=5.5822;i4=-1.2061;i5=0.14298;i6=-0.0087445;i7=0.00021587
2026-10-01 23:30:21,24681.289,4,488,100,sinus,5,0,14,23.36936964267904,69.41462245796289,0.8473423724200057,75.0,15.336034010283536,15.588452310000001,1.6459164054227255,bkg=0.15083;amp=21.626;phi=110.96
2026-10-01 23:31:13,24733.278,4,488,100,sinus,5,1,14,20.56719933502431,60.032564346179115,0.38542071383121845,75.0,15.333375641701402,15.60970191,1.802122864237983,bkg=0.13586;amp=21.678;phi=110.93
2026-10-01 23:32:05,24785.238,4,488,100,sinus,5,2,14,20.60298078325067,59.97440101762281,0.6866317037634126,75.0,15.343246775025083,15.560659209999999,1.4169910590815,bkg=0.13642;amp=21.679;phi=110.94
2026-10-01 23:32:57,24837.241,4,488,100,poly deg 5,5,0,14,9.930917810860782,34.941501237337576,-0.07249960346004508,75.0,15.494243254352078,15.643166910000003,0.9611547540800032,p0=-50.046;p1=7.757;p2=-0.34765;p3=0.0065368;p4=-5.3705e-05;p5=1.6049e-07;i0=45.27;i1=10.325;i2=-3.6326;i3=0.736;i4=-0.080918;i5=0.0048877;i6=-0.00015239;i7=1.9191e-06
2026-10-01 23:33:49,24889.178,4,488,100,poly deg 5,5,1,14,9.035998033346832,31.226643471301134,0.43214426855732707,75.0,15.519212348684,15.51894723,-0.001708325642071806,p0=-56.986;p1=8.3518;p2=-0.36747;p3=0.0068572;p4=-5.6218e-05;p5=1.6814e-07;i0=45.184;i1=10.74;i2=-3.9989;i3=0.85328;i4=-0.098504;i5=0.0062282;i6=-0.00020273;i7=2.658e-06
2026-10-01 23:34:41,24941.281,4,488,100,poly deg 5,5,2,14,8.303065347301546,28.988866043130628,-0.15315118326190244,75.0,15.50012421978262,15.620566069999999,0.7770379676290611,p0=-53.437;p1=8.0444;p2=-0.35713;p3=0.006689;p4=-5.4898e-05;p5=1.6414e-07;i0=45.18;i1=10.821;i2=-4.0468;i3=0.86211;i4=-0.099192;i5=0.0062511;i6=-0.00020291;i7=2.6539e-06
2026-10-01 23:35:41,25001.27,4,560,100,sinus,5,0,14,16.24796139266257,60.51079998119051,0.6617580474247766,75.0,19.740283906547504,19.874625650000002,0.6805461567244224,bkg=0.026854;amp=27.215;phi=111.67
2026-10-01 23:36:33,25053.271,4,560,100,sinus,5,1,14,18.490055265628737,68.81688931175995,1.111692586624792,75.0,19.70858131869388,19.8555246,0.7455802065607855,bkg=0.02895;amp=27.2;phi=111.64
2026-10-01 23:37:25,25105.342,4,560,100,sinus,5,2,14,11.17300445593606,41.46089237286443,0.019091357356429244,75.0,19.73641466716117,19.81364655,0.3913166810754872,bkg=0.02314;amp=27.203;phi=111.68
2026-10-01 23:38:17,25157.382,4,560,100,poly deg 5,5,0,14,6.675966109916106,24.13590281204014,0.3606354022338715,75.0,19.755959149886223,19.836053799999995,0.4054202051446986,p0=-62.188;p1=9.1688;p2=-0.40652;p3=0.0076204;p4=-6.2371e-05;p5=1.8523e-07;i0=45.225;i1=7.7575;i2=-2.2996;i3=0.39876;i4=-0.037173;i5=0.0018877;i6=-4.9152e-05;i7=5.1377e-07
2026-10-01 23:39:09,25209.444,4,560,100,poly deg 5,5,1,14,7.378022642472526,26.615162342379524,0.6576782776272645,75.0,19.753760005763823,19.74789182,-0.029706677422987715,p0=-64.033;p1=9.3258;p2=-0.4116;p3=0.0076988;p4=-6.2948e-05;p5=1.8684e-07;i0=45.22;i1=7.7739;i2=-2.3075;i3=0.40026;i4=-0.037309;i5=0.0018944;i6=-4.9332e-05;i7=5.1594e-07
2026-10-01 23:40:01,25261.565,4,560,100,poly deg 5,5,2,14,4.7210865785234155,16.449480920889002,1.1226129356450076,75.0,19.757212185334744,19.877197589999998,0.6072992664132846,p0=-63.25;p1=9.2728;p2=-0.4104;p3=0.0076899;p4=-6.2967e-05;p5=1.8718e-07;i0=45.225;i1=7.7722;i2=-2.3045;i3=0.39919;i4=-0.037164;i5=0.0018843;i6=-4.8975e-05;i7=5.1087e-07
2026-10-01 23:41:01,25321.278,4,560,200,sinus,5,0,14,17.331310092477274,64.59737055931932,0.9690527825239134,75.0,39.81876471172192,40.145998049999996,0.8218068557554867,bkg=0.062211;amp=54.937;phi=111.64
2026-10-01 23:41:53,25373.314,4,560,200,sinus,5,1,14,11.222420565157769,41.41494554834927,0.7581920323924352,75.0,39.82971157321991,40.07877298,0.6253156172678547,bkg=0.045548;amp=55.01;phi=111.63
2026-10-01 23:42:45,25425.266,4,560,200,sinus,5,2,14,5.520227957917815,19.482857574585125,0.5749236100740587,75.0,39.860101949477226,40.23526273,0.9411937305085007,bkg=0.032295;amp=55.041;phi=111.64
2026-10-01 23:43:37,25477.331,4,560,200,poly deg 5,5,0,14,7.796929285326624,28.272759649912338,0.5825957470813192,75.0,39.98613792545632,40.16399755,0.44480320874011753,p0=-136.48;p1=19.469;p2=-0.8529;p3=0.015903;p4=-0.00012992;p5=3.858e-07;i0=45.226;i1=3.8385;i2=-0.56043;i3=0.04777;i4=-0.0021886;i5=5.4648e-05;i6=-7.0013e-07;i7=3.6036e-09
2026-10-01 23:44:29,25529.334,4,560,200,poly deg 5,5,1,14,7.811787919043521,28.572684866678888,0.44071758801883393,75.0,39.91038804797145,40.23085497,0.8029661892621952,p0=-122.86;p1=18.232;p2=-0.80946;p3=0.015166;p4=-0.00012389;p5=3.6675e-07;i0=45.229;i1=3.8247;i2=-0.55508;i3=0.047063;i4=-0.0021446;i5=5.3271e-05;i6=-6.7925e-07;i7=3.4818e-09
2026-10-01 23:45:21,25581.33,4,560,200,poly deg 5,5,2,14,7.8463969679129875,28.537388327752318,0.5534415289055673,75.0,39.974411461865515,40.27052782,0.7407647725269708,p0=-132.87;p1=19.132;p2=-0.84079;p3=0.015693;p4=-0.00012818;p5=3.8024e-07;i0=45.222;i1=3.8469;i2=-0.56394;i3=0.04826;i4=-0.0022186;i5=5.5549e-05;i6=-7.1326e-07;i7=3.6777e-09
2026-10-01 23:46:20,25640.968,4,560,500,sinus,5,0,14,6.87035187441086,23.82041677128511,0.677161603363554,75.0,101.59823691420561,102.7759157,1.159152778201134,bkg=2.1644e-10;amp=140.55;phi=111.62
2026-10-01 23:47:12,25693.014,4,560,500,sinus,5,1,14,6.13011176805409,20.82965235388141,0.4909315028683064,75.0,101.60296185001388,102.63484949999999,1.0156078437057516,bkg=3.5378e-12;amp=140.64;phi=111.6
2026-10-01 23:48:04,25745.113,4,560,500,sinus,5,2,14,5.92687636416575,19.95041579285059,0.46098021421169827,75.0,101.54622318537129,102.63448410000001,1.0716901923985036,bkg=2.2341e-08;amp=140.57;phi=111.6
2026-10-01 23:48:57,25797.179,4,560,500,poly deg 5,5,0,14,15.143294135425181,56.145374604871954,0.3019051645903193,75.0,101.62862672651323,102.62861329999998,0.9839615133025026,p0=-338.19;p1=48.398;p2=-2.119;p3=0.039415;p4=-0.00032062;p5=9.4639e-07;i0=45.234;i1=1.5094;i2=-0.086535;i3=0.0028977;i4=-5.2123e-05;i5=5.1065e-07;i6=-2.5653e-09;i7=5.1744e-12
2026-10-01 23:49:49,25849.272,4,560,500,poly deg 5,5,1,14,13.039592238225776,48.13857591349001,0.5849212305191809,75.0,101.55812970459749,102.7002401,1.124587857933749,p0=-339.13;p1=48.488;p2=-2.1226;p3=0.039486;p4=-0.00032129;p5=9.4882e-07;i0=45.234;i1=1.5114;i2=-0.086826;i3=0.0029125;i4=-5.2463e-05;i5=5.1451e-07;i6=-2.5869e-09;i7=5.2216e-12
2026-10-01 23:50:41,25901.319,4,560,500,poly deg 5,5,2,14,12.243502686225591,45.14737231950338,0.5288416785251498,75.0,101.6508090459489,102.53971150000001,0.8744666790101966,p0=-341.61;p1=48.777;p2=-2.1349;p3=0.039729;p4=-0.00032353;p5=9.5663e-07;i0=45.233;i1=1.51;i2=-0.086693;i3=0.0029091;i4=-5.2467e-05;i5=5.1543e-07;i6=-2.5961e-09;i7=5.2489e-12
2026-10-01 23:51:40,25960.902,4,560,1000,sinus,5,0,14,7.280757848822453,26.22974543710522,-0.1464425394564173,75.0,208.45741962820424,211.6903931,1.5509035262750315,bkg=1.838e-09;amp=287.92;phi=111.65
2026-10-01 23:52:32,26012.952,4,560,1000,sinus,5,1,14,7.301892358710897,26.41780878002315,0.007705469317266444,75.0,208.43511642624537,211.2063348,1.3295352631883548,bkg=6.4479e-09;amp=287.84;phi=111.66
2026-10-01 23:53:24,26065.051,4,560,1000,sinus,5,2,14,6.647199119252706,23.6744381312504,-0.16043797924028694,75.0,208.32013329534928,211.27233819999998,1.417148144997182,bkg=2.3154e-10;amp=287.83;phi=111.65
2026-10-01 23:54:16,26117.109,4,560,1000,poly deg 5,5,0,14,26.374916151400264,97.71177045854436,-0.26572343706934237,75.0,209.07679499767448,211.44836850000002,1.1343073736862623,p0=-892.79;p1=116.05;p2=-4.89;p3=0.0893;p4=-0.00072087;p5=2.1236e-06;i0=45.255;i1=0.73485;i2=-0.020449;i3=0.00033266;i4=-2.9072e-06;i5=1.3838e-08;i6=-3.3788e-11;i7=3.3137e-14
2026-10-01 23:55:08,26169.158,4,560,1000,poly deg 5,5,1,14,24.177321153972684,89.36588383991445,-0.034707463499483074,75.0,209.07596836376365,211.2576694,1.043496798465372,p0=-904.04;p1=117.08;p2=-4.9269;p3=0.089945;p4=-0.00072631;p5=2.1413e-06;i0=45.257;i1=0.73473;i2=-0.020428;i3=0.00033236;i4=-2.9079e-06;i5=1.3866e-08;i6=-3.3929e-11;i7=3.3352e-14
2026-10-01 23:56:01,26221.258,4,560,1000,poly deg 5,5,2,14,24.98117507431779,92.43370456388517,-0.029544812919841235,75.0,209.19825156692684,211.4777057,1.089614332815738,p0=-907.95;p1=117.41;p2=-4.9377;p3=0.090112;p4=-0.00072754;p5=2.1447e-06;i0=45.258;i1=0.7352;i2=-0.020454;i3=0.00033246;i4=-2.9032e-06;i5=1.3812e-08;i6=-3.371e-11;i7=3.3052e-14
2026-10-01 23:57:00,26281.146,4,642,100,sinus,5,0,14,15.61077719889358,53.00092198338753,-0.0610363490530283,75.0,14.772449211755152,14.615866550000003,-1.0599641231499262,bkg=4.0812e-13;amp=23.312;phi=108.88
2026-10-01 23:57:52,26333.145,4,642,100,sinus,5,1,14,15.07671583131559,51.681865076121966,0.7115436547737563,75.0,14.83274542283161,14.61305376,-1.481126093443538,bkg=8.4377e-15;amp=23.374;phi=108.9
2026-10-01 23:58:44,26385.156,4,642,100,sinus,5,2,14,15.021188536185731,51.72741094932173,0.4422527085672872,75.0,14.862076579805963,14.54335916,-2.1445012619503325,bkg=2.893e-11;amp=23.425;phi=108.9
2026-10-01 23:59:36,26437.095,4,642,100,poly deg 5,5,0,14,5.625518162105443,20.72393084942068,-0.6555793430630016,75.0,14.732704687645331,14.740878899999998,0.0554834467124175,p0=-35.404;p1=6.1698;p2=-0.27631;p3=0.0050167;p4=-3.8852e-05;p5=1.0726e-07;i0=49.359;i1=5.981;i2=-1.442;i3=0.24025;i4=-0.022726;i5=0.0012126;i6=-3.3996e-05;i7=3.9056e-07
2026-10-02 00:00:28,26489.089,4,642,100,poly deg 5,5,1,14,5.566803318910042,20.559314616882116,0.2198081931784923,75.0,14.739184440549252,14.67962347,-0.40409949946344026,p0=-34.052;p1=6.0584;p2=-0.27271;p3=0.0049595;p4=-3.8409e-05;p5=1.0592e-07;i0=49.332;i1=6.1748;i2=-1.5734;i3=0.2746;i4=-0.027058;i5=0.0014923;i6=-4.2879e-05;i7=5.0038e-07
2026-10-02 00:01:20,26541.097,4,642,100,poly deg 5,5,2,14,4.894814710010126,17.056037514160295,-0.20220845551685637,75.0,14.78065758370083,14.69587516,-0.5736038685743071,p0=-36.983;p1=6.295;p2=-0.27989;p3=0.0050621;p4=-3.9093e-05;p5=1.0762e-07;i0=49.332;i1=6.134;i2=-1.5662;i3=0.27651;i4=-0.027772;i5=0.0015725;i6=-4.6655e-05;i7=5.6383e-07
2026-10-02 00:02:20,26600.646,4,642,200,sinus,5,0,14,13.977363825413128,49.37837686006725,1.339689602052437,75.0,30.2025572453008,29.62834445,-1.9012058834526013,bkg=1.7542e-12;amp=47.555;phi=108.92
2026-10-02 00:03:12,26652.558,4,642,200,sinus,5,1,14,15.560124810083535,53.76113948040101,0.4164679393122536,75.0,30.365740959413856,29.710227989999996,-2.158725421158017,bkg=3.002e-12;amp=47.989;phi=108.85
2026-10-02 00:04:04,26704.642,4,642,200,sinus,5,2,14,15.335961021704241,53.38241794052665,0.4901964363192992,75.0,30.362694512801617,29.95306589,-1.3491181509892254,bkg=4.0363e-12;amp=47.971;phi=108.85
2026-10-02 00:04:56,26756.644,4,642,200,poly deg 5,5,0,14,3.456491948640856,12.464207170652426,-0.39706986376103215,75.0,30.08533674715241,29.934000780000005,-0.5030223474787255,p0=-67.114;p1=12.081;p2=-0.5444;p3=0.009881;p4=-7.616e-05;p5=2.084e-07;i0=49.364;i1=2.99;i2=-0.36425;i3=0.030432;i4=-0.001445;i5=3.8786e-05;i6=-5.4759e-07;i7=3.1642e-09
2026-10-02 00:05:48,26808.591,4,642,200,poly deg 5,5,1,14,3.99231521827207,14.183054423350155,-0.006429539143221315,75.0,30.11866906398528,30.064637770000004,-0.1793946932730965,p0=-67.721;p1=12.168;p2=-0.548;p3=0.0099449;p4=-7.667e-05;p5=2.0992e-07;i0=49.352;i1=3.0274;i2=-0.38246;i3=0.033346;i4=-0.0016531;i5=4.6123e-05;i6=-6.7259e-07;i7=3.9848e-09
2026-10-02 00:06:40,26860.592,4,642,200,poly deg 5,5,2,14,2.4773603191812725,8.496559928818463,-0.4733638643495712,75.0,30.117260387977005,30.095266360000004,-0.07302798360033307,p0=-51.509;p1=10.704;p2=-0.4966;p3=0.0090687;p4=-6.9428e-05;p5=1.8673e-07;i0=49.392;i1=2.9335;i2=-0.34364;i3=0.027726;i4=-0.0012766;i5=3.3369e-05;i6=-4.6044e-07;i7=2.6077e-09
2026-10-02 00:07:40,26920.202,4,642,500,sinus,5,0,14,17.12617739914164,58.27202714920745,-0.03127161671454463,75.0,77.01462428840692,75.17364026000001,-2.3904343433692925,bkg=2.2521e-11;amp=122.28;phi=108.76
2026-10-02 00:08:32,26972.187,4,642,500,sinus,5,1,14,16.796673182043033,57.33961711265818,-0.06270447286377373,75.0,77.12411304354968,76.49190129,-0.8197329325430192,bkg=1.1952e-10;amp=122.4;phi=108.77
2026-10-02 00:09:23,27024.107,4,642,500,sinus,5,2,14,16.822551229541457,57.23574342902342,0.13058235242849306,75.0,77.15598612359148,76.35844872,-1.0336688618222705,bkg=2.0302e-09;amp=122.47;phi=108.77
2026-10-02 00:10:15,27076.038,4,642,500,poly deg 5,5,0,14,5.7695243642015015,21.187115338867642,-0.013929957100942296,75.0,76.43586378403356,75.84433257,-0.7738922342853338,p0=-181.8;p1=31.634;p2=-1.4115;p3=0.025491;p4=-0.00019587;p5=5.3467e-07;i0=49.402;i1=1.1696;i2=-0.054391;i3=0.0017132;i4=-3.0417e-05;i5=3.0407e-07;i6=-1.5983e-09;i7=3.4493e-12
2026-10-02 00:11:07,27128.055,4,642,500,poly deg 5,5,1,14,5.20885078794827,19.112744823697845,0.31763754264562327,75.0,76.2657280966524,76.21499596000001,-0.06652022857251427,p0=-181.69;p1=31.814;p2=-1.4246;p3=0.025831;p4=-0.00019965;p5=5.498e-07;i0=49.383;i1=1.1893;i2=-0.057944;i3=0.0019273;i4=-3.6224e-05;i5=3.8238e-07;i6=-2.1114e-09;i7=4.7525e-12
2026-10-02 00:11:59,27180.034,4,642,500,poly deg 5,5,2,14,2.4370136665881788,7.866152456416478,-0.16456351585381132,75.0,76.21216831712493,75.87933838,-0.436714955727292,p0=-155.36;p1=29.348;p2=-1.3359;p3=0.0243;p4=-0.00018693;p5=5.0905e-07;i0=49.396;i1=1.1741;i2=-0.05567;i3=0.0018029;i4=-3.3068e-05;i5=3.42e-07;i6=-1.8578e-09;i7=4.1283e-12
2026-10-02 00:12:59,27239.704,4,642,1000,sinus,5,0,14,17.35452493155866,58.5364294558413,0.1302171696064636,75.0,156.81625009252323,155.1305936,-1.0749246277274715,bkg=3.186e-11;amp=249.43;phi=108.73
2026-10-02 00:13:51,27291.75,4,642,1000,sinus,5,1,14,16.89750405247591,57.534452377855615,0.23308805957870612,75.0,156.3619033341664,154.09793430000002,-1.4479032205997053,bkg=9.4076e-11;amp=248.57;phi=108.74
2026-10-02 00:14:43,27343.757,4,642,1000,sinus,5,2,14,17.836084592204767,59.87650108185058,-0.8642996894375091,75.0,156.21137729624135,154.6158302,-1.0214026173109851,bkg=8.1795e-11;amp=248.78;phi=108.71
2026-10-02 00:15:35,27395.69,4,642,1000,poly deg 5,5,0,14,5.4604685318243,19.290855646560644,0.11451410446442234,75.0,153.98116635181344,154.18217350000003,0.13054008678394677,p0=-363.86;p1=63.469;p2=-2.8311;p3=0.051075;p4=-0.00039186;p5=1.0677e-06;i0=49.395;i1=0.59577;i2=-0.014599;i3=0.00024339;i4=-2.2894e-06;i5=1.2077e-08;i6=-3.3281e-11;i7=3.7318e-14
2026-10-02 00:16:27,27447.692,4,642,1000,poly deg 5,5,1,14,3.978985701117127,14.020263011224202,0.0534704487266254,75.0,153.62754127068263,154.4255119,0.5194189939624168,p0=-286.96;p1=56.706;p2=-2.6015;p3=0.047313;p4=-0.00036205;p5=9.761e-07;i0=49.411;i1=0.58338;i2=-0.013696;i3=0.00021961;i4=-1.9921e-06;i5=1.0177e-08;i6=-2.7286e-11;i7=2.9926e-14
2026-10-02 00:17:19,27499.694,4,642,1000,poly deg 5,5,2,14,3.102054061998285,10.497200562466388,-0.1959250856719612,75.0,153.58987400545237,153.18693979999998,-0.2623442515735722,p0=-271.97;p1=55.377;p2=-2.5567;p3=0.04659;p4=-0.00035641;p5=9.5888e-07;i0=49.408;i1=0.5879;i2=-0.013932;i3=0.00022389;i4=-2.0254e-06;i5=1.0266e-08;i6=-2.7175e-11;i7=2.9304e-14
2026-10-02 00:45:37,29197.403,5,405,50,sinus,5,0,14,9.974873214365129,33.700896765271985,0.07275034412591713,75.0,597.0747558947353,592.9296074999999,-0.6942427817976987,bkg=4.6261e-12;amp=881.63;phi=110.19
2026-10-02 00:46:29,29249.403,5,405,50,sinus,5,1,14,9.880428042219332,33.337830606261406,-0.05860202843190758,75.0,597.0119932384073,592.5469578,-0.7478971090994937,bkg=9.7007e-10;amp=881.15;phi=110.2
2026-10-02 00:47:21,29301.309,5,405,50,sinus,5,2,14,9.979659106806492,33.81247352001947,-0.01340629129706022,75.0,596.8538543121177,595.0285615,-0.30581905418393995,bkg=2.242e-12;amp=881.27;phi=110.19
2026-10-02 00:48:13,29353.363,5,405,50,poly deg 5,5,0,14,1.7605529682078815,5.884853290377856,0.2182567128110179,75.0,591.7249029820391,594.6965456,0.5022000262258903,p0=-938.76;p1=195.28;p2=-9.2725;p3=0.17415;p4=-0.0013766;p5=3.8461e-06;i0=45.183;i1=0.26045;i2=-0.0021879;i3=1.0661e-05;i4=-2.8245e-08;i5=4.1244e-11;i6=-3.1195e-14;i7=9.5539e-18
2026-10-02 00:49:05,29405.45,5,405,50,poly deg 5,5,1,14,1.4350880942728703,4.587176435067632,0.05239364853947215,75.0,591.6126765463035,595.7206787,0.6943735853798858,p0=-940.01;p1=195.91;p2=-9.3121;p3=0.17511;p4=-0.0013865;p5=3.8837e-06;i0=44.966;i1=0.2882;i2=-0.0027675;i3=1.5163e-05;i4=-4.4763e-08;i5=7.2124e-11;i6=-5.9629e-14;i7=1.9779e-17
2026-10-02 00:49:57,29457.568,5,405,50,poly deg 5,5,2,14,1.4130347428560626,3.6930875583386147,-0.1962936902471817,75.0,592.1846598490231,595.1804935,0.505895180017109,p0=-1031.9;p1=204.26;p2=-9.6059;p3=0.18011;p4=-0.0014277;p5=4.015e-06;i0=45.179;i1=0.2609;i2=-0.0021928;i3=1.0664e-05;i4=-2.8152e-08;i5=4.092e-11;i6=-3.0795e-14;i7=9.3854e-18
2026-10-02 00:51:10,29530.998,5,405,100,sinus,5,0,14,10.152437870223563,34.42903324350851,-0.03173485880485264,75.0,600.2674204153296,598.8437713,-0.23716914610235673,bkg=4.1926e-08;amp=886.73;phi=110.18
2026-10-02 00:52:02,29582.994,5,405,100,sinus,5,1,14,10.032196027929219,33.920793955214705,-0.10341097371455166,75.0,600.0781473416887,597.6789474000001,-0.39981458287006844,bkg=7.682e-11;amp=886.07;phi=110.19
2026-10-02 00:52:54,29634.996,5,405,100,sinus,5,2,14,10.118301697240122,34.27813583135869,-0.4369814667958336,75.0,600.1521383698964,598.6862004000001,-0.24426105918376848,bkg=2.104e-10;amp=886.31;phi=110.19
2026-10-02 00:53:46,29686.993,5,405,100,poly deg 5,5,0,14,2.422068603211146,7.742584725960107,0.17200087352392096,75.0,594.9397354907649,599.867916,0.8283495310949315,p0=-1270.5;p1=225.12;p2=-10.308;p3=0.19146;p4=-0.0015159;p5=4.2797e-06;i0=45.165;i1=0.26049;i2=-0.002192;i3=1.0686e-05;i4=-2.8289e-08;i5=4.1227e-11;i6=-3.1097e-14;i7=9.4943e-18
2026-10-02 00:54:38,29738.903,5,405,100,poly deg 5,5,1,14,1.5559633239021022,3.9964725156739793,-0.06157378666375591,75.0,594.4326690991857,597.5607694,0.5262329046542392,p0=-1219.8;p1=221.79;p2=-10.24;p3=0.19117;p4=-0.0015206;p5=4.3158e-06;i0=45.119;i1=0.26735;i2=-0.0023327;i3=1.1745e-05;i4=-3.2073e-08;i5=4.8142e-11;i6=-3.7327e-14;i7=1.1687e-17
2026-10-02 00:55:30,29790.94,5,405,100,poly deg 5,5,2,14,2.584793867528103,7.670656908793131,-0.13600127196161071,75.0,594.2687423218499,597.166866,0.48767896942163574,p0=-1321.4;p1=229.77;p2=-10.472;p3=0.1943;p4=-0.00154;p5=4.36e-06;i0=45.14;i1=0.2632;i2=-0.0022415;i3=1.1055e-05;i4=-2.9625e-08;i5=4.3716e-11;i6=-3.3384e-14;i7=1.0313e-17
2026-10-02 00:56:44,29864.404,5,405,150,sinus,5,0,14,9.981957744335917,33.56406911340793,0.08434425627955609,75.0,602.3611981061813,601.6179860000001,-0.12338313100476207,bkg=9.9299e-10;amp=888.8;phi=110.21
2026-10-02 00:57:36,29916.536,5,405,150,sinus,5,1,14,10.002898133111099,33.57652902687645,0.21453844931699975,75.0,601.5224803890069,600.6219564999999,-0.14970743710602774,bkg=4.2867e-11;amp=887.49;phi=110.21
2026-10-02 00:58:28,29968.545,5,405,150,sinus,5,2,14,10.021522878322319,33.53129717557864,0.12115126189307256,75.0,601.6946122988253,600.8020103,-0.1483480125266575,bkg=1.5439e-07;amp=887.63;phi=110.21
2026-10-02 00:59:20,30020.54,5,405,150,poly deg 5,5,0,14,2.4734070514760984,6.812122163631804,0.23322595647998784,75.0,597.1706307357726,599.592185,0.40550458103469245,p0=-1456;p1=242.94;p2=-10.963;p3=0.20301;p4=-0.0016135;p5=4.5967e-06;i0=45.147;i1=0.26124;i2=-0.0022065;i3=1.0785e-05;i4=-2.8616e-08;i5=4.178e-11;i6=-3.1553e-14;i7=9.6404e-18
2026-10-02 01:00:12,30072.584,5,405,150,poly deg 5,5,1,14,2.214692096745784,6.14218214539107,-0.14302994932882257,75.0,595.9209886763092,601.1058867999999,0.8700646935104019,p0=-1309.1;p1=229.53;p2=-10.489;p3=0.19492;p4=-0.0015469;p5=4.3854e-06;i0=45.132;i1=0.26242;i2=-0.0022264;i3=1.0934e-05;i4=-2.9139e-08;i5=4.269e-11;i6=-3.2316e-14;i7=9.885e-18
2026-10-02 01:01:04,30124.591,5,405,150,poly deg 5,5,2,14,2.5585624820799633,8.828774128230304,-0.26039347963614695,75.0,596.8515014164625,599.2208003000002,0.3969662265931816,p0=-1428.7;p1=240.81;p2=-10.899;p3=0.20204;p4=-0.0016063;p5=4.5759e-06;i0=45.122;i1=0.26468;i2=-0.0022733;i3=1.1288e-05;i4=-3.0407e-08;i5=4.5009e-11;i6=-3.4409e-14;i7=1.0624e-17
2026-10-02 01:02:04,30184.755,5,488,50,sinus,5,0,14,21.038386226212396,65.72078556598099,0.26161556452334706,75.0,7.910910492529953,8.011250945,1.2683805810316768,bkg=0.072425;amp=11.242;phi=110.81
2026-10-02 01:02:56,30236.68,5,488,50,sinus,5,1,14,23.966367812588544,72.30978290689876,0.6763309849261161,75.0,7.905430602693487,7.982105203000001,0.969897835551038,bkg=0.079735;amp=11.191;phi=110.87
2026-10-02 01:03:48,30288.73,5,488,50,sinus,5,2,14,21.675645588954364,66.77733859854106,-0.1635802341242603,75.0,7.918044338494352,8.016661273,1.245470854794444,bkg=0.073404;amp=11.239;phi=110.83
2026-10-02 01:04:40,30340.763,5,488,50,poly deg 5,5,0,14,8.077380171747212,29.381614180720284,0.2373080773100204,75.0,7.9678874356277625,8.021766134,0.676198036273997,p0=-20.704;p1=3.5456;p2=-0.16351;p3=0.0031057;p4=-2.554e-05;p5=7.6011e-08;i0=45.333;i1=19.514;i2=-13.092;i3=5.093;i4=-1.0744;i5=0.12444;i6=-0.0074396;i7=0.00017972
2026-10-02 01:05:32,30392.677,5,488,50,poly deg 5,5,1,14,9.353273505329053,34.105940681760735,-0.1452875290867456,75.0,7.942727158214858,8.008153177999999,0.8237223623812061,p0=-17.839;p1=3.3039;p2=-0.15565;p3=0.0029828;p4=-2.4616e-05;p5=7.3326e-08;i0=45.332;i1=19.432;i2=-12.828;i3=4.9029;i4=-1.0164;i5=0.11574;i6=-0.0068037;i7=0.00016169
2026-10-02 01:06:24,30444.721,5,488,50,poly deg 5,5,2,14,7.5996805280331134,26.303093879990058,-0.11201534476667666,75.0,7.977777750073042,8.020413668000002,0.5344335134752233,p0=-23.859;p1=3.8245;p2=-0.17295;p3=0.0032593;p4=-2.6745e-05;p5=7.9673e-08;i0=45.349;i1=19.401;i2=-12.819;i3=4.9231;i4=-1.0298;i5=0.1188;i6=-0.007099;i7=0.00017188
2026-10-02 01:07:24,30504.228,5,488,100,sinus,5,0,14,23.199596209056608,72.44323370908339,0.5276759938925896,75.0,15.299277477103173,15.53308387,1.528218526964695,bkg=0.1485;amp=21.646;phi=110.89
2026-10-02 01:08:16,30556.2,5,488,100,sinus,5,1,14,19.35276288526849,59.111284250579665,0.7201917492169253,75.0,15.314459745963102,15.44547091,0.85547362564606,bkg=0.12906;amp=21.706;phi=110.88
2026-10-02 01:09:08,30608.198,5,488,100,sinus,5,2,14,19.20856879255396,58.45082521714393,0.18780949260788343,75.0,15.307085123616021,15.475271370000002,1.0987477042542855,bkg=0.12933;amp=21.701;phi=110.88
2026-10-02 01:10:00,30660.17,5,488,100,poly deg 5,5,0,14,8.558856960876705,30.302941857758853,0.25899327318071375,75.0,15.442727540483553,15.474529480000003,0.2059347316274309,p0=-47.279;p1=7.4888;p2=-0.33773;p3=0.0063621;p4=-5.2242e-05;p5=1.5581e-07;i0=45.303;i1=10.212;i2=-3.5696;i3=0.72152;i4=-0.079223;i5=0.0047859;i6=-0.00014949;i7=1.8893e-06
2026-10-02 01:10:51,30712.133,5,488,100,poly deg 5,5,1,14,8.86897279346551,29.762294986405806,0.18547560315592193,75.0,15.484553144604305,15.42435343,-0.38877269522809826,p0=-59.432;p1=8.563;p2=-0.37454;p3=0.0069726;p4=-5.7143e-05;p5=1.7106e-07;i0=45.245;i1=10.469;i2=-3.7755;i3=0.78489;i4=-0.088528;i5=0.005482;i6=-0.00017509;i7=2.2563e-06
2026-10-02 01:11:43,30764.118,5,488,100,poly deg 5,5,2,14,10.265475330975123,37.5166049263424,-0.4230984219308515,75.0,15.381328401069382,15.59320808,1.3775122239499626,p0=-39.394;p1=6.8317;p2=-0.31684;p3=0.0060459;p4=-4.9963e-05;p5=1.4955e-07;i0=45.279;i1=10.299;i2=-3.6423;i3=0.74199;i4=-0.081878;i5=0.0049595;i6=-0.00015504;i7=1.9582e-06
2026-10-02 01:12:43,30824.114,5,560,100,sinus,5,0,14,24.784857023869243,92.49659137879493,0.8390613295187246,75.0,19.7218458083376,19.915035,0.9795695268073014,bkg=0.03481;amp=27.217;phi=111.63
2026-10-02 01:13:36,30876.223,5,560,100,sinus,5,1,14,13.63794057868,50.42057182331353,0.4424852763361322,75.0,19.680948893409916,19.923851639999995,1.2342024152677642,bkg=0.022376;amp=27.19;phi=111.62
2026-10-02 01:14:28,30928.334,5,560,100,sinus,5,2,14,22.98866135807811,85.82312942178619,0.3180548722490409,75.0,19.71646774876185,19.78609433,0.35313922415196736,bkg=0.036528;amp=27.181;phi=111.66
2026-10-02 01:15:20,30980.466,5,560,100,poly deg 5,5,0,14,8.055896670880054,29.309174076740764,0.7416850802932893,75.0,19.743438340003635,19.86801364,0.6309706437705658,p0=-65.312;p1=9.4453;p2=-0.41606;p3=0.007781;p4=-6.3687e-05;p5=1.8942e-07;i0=45.221;i1=7.7396;i2=-2.2844;i3=0.39412;i4=-0.036538;i5=0.0018456;i6=-4.783e-05;i7=4.9799e-07
2026-10-02 01:16:12,31032.479,5,560,100,poly deg 5,5,1,14,9.87616149182097,36.23310104801262,0.9817732625450252,75.0,19.755435233954316,19.80923804,0.27234432149189963,p0=-68.802;p1=9.7465;p2=-0.4261;p3=0.0079424;p4=-6.4937e-05;p5=1.9315e-07;i0=45.222;i1=7.7326;i2=-2.274;i3=0.39052;i4=-0.036035;i5=0.0018119;i6=-4.675e-05;i7=4.8466e-07
2026-10-02 01:17:04,31084.476,5,560,100,poly deg 5,5,2,14,1.5780922797492942,4.463775297166818,0.25964400005214683,75.0,19.73384798568724,19.839727670000002,0.536538461173687,p0=-57.055;p1=8.7435;p2=-0.39307;p3=0.0074178;p4=-6.0916e-05;p5=1.8124e-07;i0=45.218;i1=7.7987;i2=-2.3212;i3=0.40217;i4=-0.037396;i5=0.0018933;i6=-4.9149e-05;i7=5.1233e-07
2026-10-02 01:18:03,31144.16,5,560,200,sinus,5,0,14,15.709686371105208,58.00912049107371,0.6036408004427033,75.0,39.766911580379656,40.15334322,0.9717416421420056,bkg=0.051666;amp=55.026;phi=111.58
2026-10-02 01:18:56,31196.224,5,560,200,sinus,5,1,14,12.00684059206173,43.976857766531516,0.42383437878045643,75.0,39.75455906956473,40.082813779999995,0.825703310809885,bkg=0.042496;amp=55.013;phi=111.59
2026-10-02 01:19:48,31248.232,5,560,200,sinus,5,2,14,12.24209549447267,45.05700312763351,0.5249371825191673,75.0,39.78919741537083,40.008608620000004,0.5514341049372736,bkg=0.046124;amp=55.009;phi=111.61
2026-10-02 01:20:40,31300.357,5,560,200,poly deg 5,5,0,14,4.51642622888868,16.13384440656589,0.7549527641034538,75.0,39.766890957898966,39.996854969999994,0.5782800881881622,p0=-114.77;p1=17.556;p2=-0.78816;p3=0.014852;p4=-0.00012174;p5=3.6135e-07;i0=45.219;i1=3.8626;i2=-0.56921;i3=0.048897;i4=-0.0022543;i5=5.6581e-05;i6=-7.2813e-07;i7=3.7626e-09
2026-10-02 01:21:32,31352.408,5,560,200,poly deg 5,5,1,14,5.959642765861474,21.728715900761525,0.6632828609323289,75.0,39.83279137253892,39.96930271,0.34271094933907176,p0=-118.85;p1=17.9;p2=-0.79935;p3=0.015027;p4=-0.00012305;p5=3.6511e-07;i0=45.223;i1=3.8338;i2=-0.55902;i3=0.047625;i4=-0.0021818;i5=5.45e-05;i6=-6.9877e-07;i7=3.6004e-09
2026-10-02 01:22:24,31404.429,5,560,200,poly deg 5,5,2,14,7.5257491103099206,27.688732450963084,0.7988972434103591,75.0,39.8094224073356,40.040936710000004,0.5815565478331085,p0=-119.95;p1=18.005;p2=-0.80321;p3=0.015096;p4=-0.00012365;p5=3.6713e-07;i0=45.221;i1=3.8358;i2=-0.5603;i3=0.047827;i4=-0.0021943;i5=5.4868e-05;i6=-7.0388e-07;i7=3.6273e-09
2026-10-02 01:23:23,31464.058,5,560,500,sinus,5,0,14,5.4963615674410065,16.873774638008015,0.475508053264113,75.0,101.44625148159764,102.28770899999999,0.8294614203216675,bkg=4.3569e-10;amp=140.59;phi=111.58
2026-10-02 01:24:16,31516.223,5,560,500,sinus,5,1,14,4.611541834759059,12.370467610923251,0.3589616765648498,75.0,101.38511611464831,102.3949743,0.9960615759513667,bkg=0.0021002;amp=140.59;phi=111.56
2026-10-02 01:25:08,31568.322,5,560,500,sinus,5,2,14,3.94964931521344,9.922048375254656,0.3572421458082799,75.0,101.38483060671982,102.3564002,0.9582987784918028,bkg=0.0065234;amp=140.62;phi=111.56
2026-10-02 01:26:00,31620.355,5,560,500,poly deg 5,5,0,14,10.39475204872777,38.42207826570201,0.48511034718455215,75.0,101.33996373801762,102.26199319999999,0.9098379632007677,p0=-307.15;p1=45.703;p2=-2.0297;p3=0.038;p4=-0.00030992;p5=9.1546e-07;i0=45.234;i1=1.5078;i2=-0.086248;i3=0.0028839;i4=-5.1835e-05;i5=5.0773e-07;i6=-2.5512e-09;i7=5.1485e-12
2026-10-02 01:26:52,31672.421,5,560,500,poly deg 5,5,1,14,8.92420062163947,32.93200800196333,0.5367811605093349,75.0,101.25610555180805,102.2612602,0.9926854708802288,p0=-297.11;p1=44.868;p2=-2.0031;p3=0.037596;p4=-0.00030699;p5=9.0733e-07;i0=45.231;i1=1.5124;i2=-0.086959;i3=0.0029198;i4=-5.2675e-05;i5=5.1763e-07;i6=-2.6083e-09;i7=5.2763e-12
2026-10-02 01:27:44,31724.519,5,560,500,poly deg 5,5,2,14,8.647459338624957,31.860674160227127,0.2709114359357055,75.0,101.35263155118406,102.34721979999999,0.9813146768800505,p0=-301.2;p1=45.201;p2=-2.0135;p3=0.037749;p4=-0.00030805;p5=9.1007e-07;i0=45.234;i1=1.5096;i2=-0.086462;i3=0.0028937;i4=-5.2067e-05;i5=5.1059e-07;i6=-2.5685e-09;i7=5.1891e-12
2026-10-02 01:28:43,31784.049,5,560,1000,sinus,5,0,14,5.76591012738098,19.759776955405243,-0.03978639933790981,75.0,208.21250636238437,211.10367029999998,1.3885640147780858,bkg=3.611e-10;amp=288.05;phi=111.62
2026-10-02 01:29:36,31836.305,5,560,1000,sinus,5,1,14,5.604692282632867,18.920082497902804,-0.1233289935992187,75.0,208.13656140000288,210.9716566,1.3621322370885838,bkg=7.8042e-12;amp=287.98;phi=111.61
2026-10-02 01:30:28,31888.395,5,560,1000,sinus,5,2,14,5.263222910143968,17.191759935314888,0.048824191907394975,75.0,208.1177854107582,210.7772902,1.2778844364467972,bkg=8.4933e-10;amp=288.02;phi=111.61
2026-10-02 01:31:20,31940.498,5,560,1000,poly deg 5,5,0,14,20.558367930014622,76.06549050422944,-0.07704861610847337,75.0,208.5872750486502,211.21367229999998,1.259135894429418,p0=-821.97;p1=109.87;p2=-4.6839;p3=0.086019;p4=-0.00069589;p5=2.0507e-06;i0=45.253;i1=0.73514;i2=-0.02047;i3=0.00033334;i4=-2.9176e-06;i5=1.3914e-08;i6=-3.4046e-11;i7=3.3465e-14
2026-10-02 01:32:12,31992.546,5,560,1000,poly deg 5,5,1,14,20.98799250119007,77.68991078665135,-0.11165667931034041,75.0,208.7147318178835,210.9349833,1.0637732481930486,p0=-825;p1=110.21;p2=-4.6976;p3=0.086268;p4=-0.00069799;p5=2.0574e-06;i0=45.258;i1=0.73333;i2=-0.020334;i3=0.00032969;i4=-2.8739e-06;i5=1.3655e-08;i6=-3.3302e-11;i7=3.2639e-14
2026-10-02 01:33:04,32044.621,5,560,1000,poly deg 5,5,2,14,21.086195327773133,77.98294929174196,-0.11045204329039081,75.0,208.85956819094588,211.1036719,1.0744557831329455,p0=-855.81;p1=112.9;p2=-4.7888;p3=0.087768;p4=-0.00070993;p5=2.0943e-06;i0=45.258;i1=0.73336;i2=-0.020342;i3=0.00033005;i4=-2.8787e-06;i5=1.3684e-08;i6=-3.3381e-11;i7=3.272e-14
2026-10-02 01:34:04,32104.51,5,642,100,sinus,5,0,14,14.51760316569769,50.02590753119425,0.389299515871911,75.0,14.675087487605195,14.453037159999997,-1.5131107585746566,bkg=1.1708e-10;amp=23.102;phi=108.92
2026-10-02 01:34:56,32156.451,5,642,100,sinus,5,1,14,16.002037930646292,53.92281870715665,-0.6578889807712217,75.0,14.738964469786328,14.56179863,-1.2020236574252114,bkg=4.0856e-14;amp=23.265;phi=108.87
2026-10-02 01:35:48,32208.442,5,642,100,sinus,5,2,14,14.347302344018054,49.695731013274916,0.033302648022144235,75.0,14.81705761390779,14.57836257,-1.6109476667199016,bkg=2.3802e-11;amp=23.316;phi=108.93
2026-10-02 01:36:40,32260.49,5,642,100,poly deg 5,5,0,14,1.6727766142046967,4.33465747472614,-0.23831488232030912,75.0,14.585586480296584,14.552109970000002,-0.22951775262383176,p0=-27.241;p1=5.3863;p2=-0.24795;p3=0.00453;p4=-3.4875e-05;p5=9.4781e-08;i0=49.357;i1=6.0508;i2=-1.4768;i3=0.24709;i4=-0.023394;i5=0.0012499;i6=-3.5142e-05;i7=4.0542e-07
2026-10-02 01:37:32,32312.516,5,642,100,poly deg 5,5,1,14,6.297577147411486,22.943515274557146,-0.15261205562806696,75.0,14.69784622801398,14.60836677,-0.6087929933804339,p0=-39.058;p1=6.4512;p2=-0.28465;p3=0.0051359;p4=-3.9674e-05;p5=1.0944e-07;i0=49.346;i1=6.1205;i2=-1.5324;i3=0.26423;i4=-0.025877;i5=0.0014285;i6=-4.1347e-05;i7=4.8856e-07
2026-10-02 01:38:24,32364.403,5,642,100,poly deg 5,5,2,14,3.002452933966441,10.703392447298347,-0.6289746489024707,75.0,14.680033257019115,14.65712085,-0.15607871329691828,p0=-28.926;p1=5.542;p2=-0.25319;p3=0.0046102;p4=-3.5427e-05;p5=9.614e-08;i0=49.336;i1=6.1537;i2=-1.569;i3=0.27685;i4=-0.027757;i5=0.0015649;i6=-4.611e-05;i7=5.5261e-07
2026-10-02 01:39:23,32423.94,5,642,200,sinus,5,0,14,14.69953817780544,51.25168698092739,0.6318676976849651,75.0,30.02965692113829,29.581777009999996,-1.4914586347572463,bkg=2.2906e-12;amp=47.339;phi=108.9
2026-10-02 01:40:15,32475.885,5,642,200,sinus,5,1,14,15.51799195225401,53.54591864654158,-0.480542019163582,75.0,30.134646944781252,29.51926942,-2.042093029690608,bkg=8.0504e-11;amp=47.601;phi=108.86
2026-10-02 01:41:07,32527.89,5,642,200,sinus,5,2,14,15.66980269846217,53.984492066352416,0.2607868122235074,75.0,30.147560774681462,29.54677362,-1.9928217714582603,bkg=5.1583e-12;amp=47.658;phi=108.84
2026-10-02 01:41:59,32579.935,5,642,200,poly deg 5,5,0,14,4.258745316808499,14.6360241853418,-0.2828620170868493,75.0,29.792167291673593,29.631782310000002,-0.5383461367660077,p0=-68.218;p1=12.121;p2=-0.54403;p3=0.0098539;p4=-7.5856e-05;p5=2.0738e-07;i0=49.351;i1=3.0238;i2=-0.37075;i3=0.031038;i4=-0.0014721;i5=3.9416e-05;i6=-5.5528e-07;i7=3.2047e-09
2026-10-02 01:42:51,32631.837,5,642,200,poly deg 5,5,1,14,3.6010019324969793,12.872499717492367,0.22206689879331357,75.0,29.788275503199024,29.673973649999997,-0.38371423410110495,p0=-61.517;p1=11.579;p2=-0.52725;p3=0.0096043;p4=-7.4067e-05;p5=2.0242e-07;i0=49.357;i1=3.0438;i2=-0.38129;i3=0.032578;i4=-0.0015704;i5=4.2505e-05;i6=-6.0213e-07;i7=3.479e-09
2026-10-02 01:43:43,32683.748,5,642,200,poly deg 5,5,2,14,2.589639759132455,8.666110231364172,-0.005839900438960113,75.0,29.893887785014215,29.93712649,0.14464062117561502,p0=-53.357;p1=10.819;p2=-0.49956;p3=0.009112;p4=-6.9801e-05;p5=1.8805e-07;i0=49.36;i1=3.0174;i2=-0.37135;i3=0.031313;i4=-0.0014964;i5=4.0264e-05;i6=-5.6761e-07;i7=3.2641e-09
2026-10-02 01:44:43,32743.301,5,642,500,sinus,5,0,14,16.501513915192724,56.34397047050847,-0.11258775156373058,75.0,76.6874493740788,75.619936,-1.3920313986080115,bkg=2.9554e-12;amp=121.56;phi=108.79
2026-10-02 01:45:35,32795.21,5,642,500,sinus,5,1,14,15.567723910392175,53.850542581936466,0.29649309601284374,75.0,76.70674772831596,75.87183863999999,-1.088442820275855,bkg=4.7613e-12;amp=121.38;phi=108.83
2026-10-02 01:46:27,32847.33,5,642,500,sinus,5,2,14,15.688449913024922,54.310110330713925,0.7331699591005987,75.0,76.75421055008168,75.51930249,-1.6089124638652998,bkg=3.5527e-15;amp=121.52;phi=108.82
2026-10-02 01:47:19,32899.355,5,642,500,poly deg 5,5,0,14,5.375685761552138,19.819505822216325,0.47565676572927185,75.0,75.83300392591212,75.57618321000001,-0.3386661514332513,p0=-180.46;p1=31.448;p2=-1.4051;p3=0.02542;p4=-0.00019584;p5=5.368e-07;i0=49.383;i1=1.1902;i2=-0.057776;i3=0.0019245;i4=-3.6377e-05;i5=3.873e-07;i6=-2.16e-09;i7=4.9109e-12
2026-10-02 01:48:11,32951.392,5,642,500,poly deg 5,5,1,14,3.5706673243878537,12.979813205795882,0.08300009265609089,75.0,75.68940679051451,75.6458789,-0.057508563430789215,p0=-138.92;p1=27.756;p2=-1.2776;p3=0.023284;p4=-0.00017848;p5=4.8196e-07;i0=49.378;i1=1.1957;i2=-0.058637;i3=0.0019742;i4=-3.7652e-05;i5=4.0357e-07;i6=-2.2625e-09;i7=5.1665e-12
2026-10-02 01:49:03,33003.287,5,642,500,poly deg 5,5,2,14,4.250526307521853,15.422236030354771,0.49664354927221926,75.0,75.71577766314644,75.47617181000001,-0.3164543250317216,p0=-155.03;p1=29.175;p2=-1.3261;p3=0.024089;p4=-0.00018498;p5=5.0242e-07;i0=49.382;i1=1.1934;i2=-0.058148;i3=0.001939;i4=-3.6607e-05;i5=3.8881e-07;i6=-2.1623e-09;i7=4.9017e-12
2026-10-02 01:50:02,33062.929,5,642,1000,sinus,5,0,14,16.853716664791655,56.88435176601473,0.04235223925160172,75.0,155.95638702239407,153.9044943,-1.3156836738590405,bkg=1.6991e-12;amp=247.67;phi=108.76
2026-10-02 01:50:54,33114.879,5,642,1000,sinus,5,1,14,17.3096592369166,58.15153292334582,0.23089864130175605,75.0,155.87044679514895,153.0839789,-1.7876819836226112,bkg=2.7938e-08;amp=247.85;phi=108.73
2026-10-02 01:51:46,33166.823,5,642,1000,sinus,5,2,14,17.91426578859026,59.9704113954821,-0.25075151354424347,75.0,155.3066875716698,153.30550069999998,-1.2885387635006618,bkg=2.0806e-13;amp=247.33;phi=108.71
2026-10-02 01:52:38,33218.774,5,642,1000,poly deg 5,5,0,14,9.368367035613453,34.26781832181308,0.6116002324914356,75.0,153.22020466020376,153.6362009,0.27150220867985225,p0=-480.22;p1=73.774;p2=-3.1863;p3=0.057033;p4=-0.00044045;p5=1.2215e-06;i0=49.38;i1=0.60769;i2=-0.015703;i3=0.0002799;i4=-2.8297e-06;i5=1.6033e-08;i6=-4.7296e-11;i7=5.6486e-14
2026-10-02 01:53:30,33270.794,5,642,1000,poly deg 5,5,1,14,5.602209474369155,20.352994496596246,0.7658379148212826,75.0,152.91723949471316,153.5613195,0.42119515589941464,p0=-348.93;p1=61.981;p2=-2.7784;p3=0.050231;p4=-0.00038572;p5=1.0512e-06;i0=49.404;i1=0.59417;i2=-0.014384;i3=0.00023761;i4=-2.2219e-06;i5=1.1688e-08;i6=-3.2196e-11;i7=3.6146e-14
2026-10-02 01:54:22,33322.874,5,642,1000,poly deg 5,5,2,14,2.676984757375186,9.246022030084882,-0.1287380647750514,75.0,152.40873344395126,153.1120586,0.4614730010254946,p0=-225.08;p1=51.034;p2=-2.4037;p3=0.044027;p4=-0.000336;p5=8.9677e-07;i0=49.409;i1=0.58973;i2=-0.013995;i3=0.00022554;i4=-2.0486e-06;i5=1.0457e-08;i6=-2.7992e-11;i7=3.0643e-14
